time,tempC,humidityPct,dewPointC,precipMm,cloudPct,windMps,windDirDeg,shortwaveWm2,pressureHpa,isDay
2025-10-01T00:00,11.6,82,8.7,0,20,1.1,219,0,1025.1,0
2025-10-01T01:00,11.4,82,8.5,0,95,1.41,225,0,1025.4,0
2025-10-01T02:00,10.7,85,8.4,0,72,1.45,207,0,1024.9,0
2025-10-01T03:00,10.3,87,8.2,0,100,1.64,239,0,1025,0
2025-10-01T04:00,10.1,88,8.1,0,100,1.43,241,0,1025.1,0
2025-10-01T05:00,9.9,88,8.1,0,100,1.28,231,0,1025.3,0
2025-10-01T06:00,9.9,90,8.4,0.1,100,1.17,220,0,1025.6,0
2025-10-01T07:00,10.2,89,8.4,0,100,1.01,213,10,1025.8,1
2025-10-01T08:00,10.5,88,8.5,0,100,1.05,211,23,1026.1,1
2025-10-01T09:00,11.4,86,9.1,0,100,0.96,189,80,1026.1,1
2025-10-01T10:00,12.6,81,9.5,0,100,0.47,162,120,1026.3,1
2025-10-01T11:00,13.2,81,10.1,0,100,0.34,117,104,1026.5,1
2025-10-01T12:00,14.6,83,11.7,0,100,0.49,135,314,1026.2,1
2025-10-01T13:00,16.5,73,11.6,0,100,2.17,195,281,1025.9,1
2025-10-01T14:00,17.2,66,10.7,0,96,2.26,205,294,1025.7,1
2025-10-01T15:00,17.7,61,10,0,100,2.36,201,286,1025,1
2025-10-01T16:00,17.9,57,9.3,0,94,2.44,199,177,1024.6,1
2025-10-01T17:00,17.1,64,10.2,0,27,2.25,192,89,1024.9,1
2025-10-01T18:00,15.4,73,10.6,0,69,2.25,181,12,1025.1,0
2025-10-01T19:00,14.7,78,10.9,0,96,2.36,185,0,1025.5,0
2025-10-01T20:00,13.9,82,10.9,0,84,2.21,186,0,1025.2,0
2025-10-01T21:00,13.4,83,10.6,0,88,2.29,190,0,1025,0
2025-10-01T22:00,12.9,84,10.3,0,100,2.12,195,0,1024.8,0
2025-10-01T23:00,12.5,85,10.1,0,100,1.78,190,0,1024.5,0
2025-10-02T00:00,11.6,89,9.8,0,98,1.36,197,0,1024.3,0
2025-10-02T01:00,11.5,90,9.9,0,16,1.57,189,0,1024.2,0
2025-10-02T02:00,11.2,91,9.9,0,98,1.69,199,0,1023.8,0
2025-10-02T03:00,11,93,9.8,0,100,1.38,199,0,1023.4,0
2025-10-02T04:00,10.8,94,9.9,0,100,1.26,187,0,1023.1,0
2025-10-02T05:00,10.5,95,9.8,0,100,1.1,180,0,1022.9,0
2025-10-02T06:00,10.2,97,9.8,0,100,1.2,175,0,1023,0
2025-10-02T07:00,11.2,95,10.5,0,100,1.52,203,24,1023,1
2025-10-02T08:00,12.4,93,11.4,0,100,1.56,225,99,1022.9,1
2025-10-02T09:00,13.9,90,12.3,0,96,1.35,182,162,1022.5,1
2025-10-02T10:00,16.1,83,13.2,0,100,1.86,194,335,1022.1,1
2025-10-02T11:00,17.5,72,12.3,0,100,2.8,204,390,1022.1,1
2025-10-02T12:00,17.7,72,12.5,0,100,2.85,202,304,1021.5,1
2025-10-02T13:00,18.3,67,12.1,0,100,3.07,202,270,1020.9,1
2025-10-02T14:00,18.5,65,11.8,0,100,3.69,196,270,1020,1
2025-10-02T15:00,18.5,61,10.8,0,100,3.87,194,256,1019.1,1
2025-10-02T16:00,17.7,64,10.7,0,100,3.35,190,135,1018.6,1
2025-10-02T17:00,16.8,70,11.2,0,100,3.56,191,25,1018.4,1
2025-10-02T18:00,16.3,74,11.6,0,100,3.69,193,4,1018.2,0
2025-10-02T19:00,15.9,75,11.4,0,100,3.58,187,0,1017.8,0
2025-10-02T20:00,15.9,74,11.2,0,100,3.65,181,0,1016.8,0
2025-10-02T21:00,16.1,69,10.5,0,100,3.9,181,0,1016.3,0
2025-10-02T22:00,16.4,68,10.5,0,100,4.35,182,0,1014.9,0
2025-10-02T23:00,16.5,68,10.5,0,100,4.56,189,0,1014.4,0
2025-10-03T00:00,16.6,70,11,0.1,100,4.38,194,0,1014.4,0
2025-10-03T01:00,16.3,71,11,0.2,100,4.02,197,0,1013.9,0
2025-10-03T02:00,15.9,74,11.2,0.1,100,4.22,199,0,1013.4,0
2025-10-03T03:00,15.4,75,11,0.3,100,4.13,197,0,1012.3,0
2025-10-03T04:00,15.3,76,11.1,0.3,100,4.49,197,0,1011.7,0
2025-10-03T05:00,15,77,11,0.2,100,4.68,194,0,1011,0
2025-10-03T06:00,14.3,87,12.2,0.2,100,4.6,194,0,1010.4,0
2025-10-03T07:00,14.5,88,12.6,0.2,100,5.11,194,3,1009.8,1
2025-10-03T08:00,14.9,87,12.8,0.1,100,5.12,192,30,1009.5,1
2025-10-03T09:00,15.4,87,13.3,0.4,100,4.83,190,45,1009.2,1
2025-10-03T10:00,15.5,91,14,0.9,100,4.92,190,39,1008.6,1
2025-10-03T11:00,16,93,15,0.7,100,4.75,197,60,1008,1
2025-10-03T12:00,16.3,94,15.3,0.4,100,4.74,191,42,1007.1,1
2025-10-03T13:00,16.7,93,15.6,0.2,100,5,194,73,1006.3,1
2025-10-03T14:00,17.7,89,15.9,0.6,100,4.72,206,110,1005.3,1
2025-10-03T15:00,17.1,86,14.8,0.8,100,5.57,211,68,1004.5,1
2025-10-03T16:00,15.8,91,14.3,1.7,100,5.78,203,51,1003.2,1
2025-10-03T17:00,16.3,91,14.8,0.2,100,6.71,200,15,1000.9,1
2025-10-03T18:00,17.2,91,15.8,0,100,7.43,204,3,1000.4,0
2025-10-03T19:00,17.8,90,16.2,0.2,100,7.87,208,0,998.9,0
2025-10-03T20:00,17.9,90,16.3,0.3,100,7.92,212,0,997.8,0
2025-10-03T21:00,17.5,93,16.3,1.8,100,7.95,214,0,996.9,0
2025-10-03T22:00,17.2,95,16.3,1.7,100,7.8,215,0,995.5,0
2025-10-03T23:00,17.1,95,16.3,0.8,100,7.52,220,0,994.7,0
2025-10-04T00:00,16.7,96,16.1,1.6,100,7.45,246,0,994.8,0
2025-10-04T01:00,15.8,91,14.3,1,100,6.01,259,0,995,0
2025-10-04T02:00,15.1,87,12.9,0.3,100,6.36,246,0,994.8,0
2025-10-04T03:00,14.3,84,11.6,0.1,100,6.3,247,0,994.9,0
2025-10-04T04:00,13.7,80,10.4,0,45,6.34,250,0,994.7,0
2025-10-04T05:00,13,76,8.8,0.1,64,7.02,257,0,995.2,0
2025-10-04T06:00,11.8,72,7,0.3,22,6.42,257,0,996.2,0
2025-10-04T07:00,11.3,73,6.6,0,7,6.29,251,26,996.7,1
2025-10-04T08:00,11.6,68,5.8,0,14,6.12,251,151,997.1,1
2025-10-04T09:00,11.7,68,5.9,0,44,7.27,253,287,997.3,1
2025-10-04T10:00,12.2,63,5.3,0,16,7.82,258,407,997.6,1
2025-10-04T11:00,12.9,57,4.5,0,14,7.64,250,463,997.7,1
2025-10-04T12:00,13.3,54,4.2,0.2,100,7.86,257,503,998.7,1
2025-10-04T13:00,13.7,47,2.5,0,98,8.75,264,309,998.8,1
2025-10-04T14:00,14.1,50,3.7,0,100,8.38,274,339,999.6,1
2025-10-04T15:00,13.4,57,5.1,0,73,6.85,271,188,1000.4,1
2025-10-04T16:00,13.3,61,5.9,0,30,6.45,269,184,1001,1
2025-10-04T17:00,12.8,66,6.5,0,38,5.7,268,94,1002.2,1
2025-10-04T18:00,12.3,68,6.6,0,81,5.15,268,7,1003.1,0
2025-10-04T19:00,12.2,69,6.6,0,32,4.88,264,0,1004.2,0
2025-10-04T20:00,12,70,6.7,0,22,4.83,263,0,1005.2,0
2025-10-04T21:00,11.9,70,6.7,0,16,4.77,260,0,1005.9,0
2025-10-04T22:00,11.7,70,6.4,0,22,4.93,264,0,1006.5,0
2025-10-04T23:00,11.5,70,6.3,0,52,5.13,264,0,1007,0
2025-10-05T00:00,11.6,73,6.9,0,17,5.75,272,0,1007.7,0
2025-10-05T01:00,11.4,71,6.4,0,5,5.61,267,0,1007.9,0
2025-10-05T02:00,11.1,71,6.1,0,5,5.22,265,0,1008.1,0
2025-10-05T03:00,10.9,71,5.8,0,7,5.55,271,0,1008.5,0
2025-10-05T04:00,10.8,71,5.7,0,2,5.05,270,0,1009,0
2025-10-05T05:00,10.7,71,5.6,0,2,4.51,274,0,1009.8,0
2025-10-05T06:00,10.6,72,5.8,0,7,4.82,275,0,1010.5,0
2025-10-05T07:00,10.9,71,5.8,0,2,4.97,275,27,1011.4,1
2025-10-05T08:00,11.8,67,5.8,0,1,4.93,276,150,1012.4,1
2025-10-05T09:00,12.8,67,6.8,0,4,4.53,263,293,1013.1,1
2025-10-05T10:00,13.8,64,7,0,2,5.34,277,416,1013.6,1
2025-10-05T11:00,14.8,57,6.3,0,49,5.61,288,500,1014.1,1
2025-10-05T12:00,15.3,53,5.7,0,20,5.85,290,447,1014.7,1
2025-10-05T13:00,15.6,50,5.2,0,80,6.17,298,485,1015,1
2025-10-05T14:00,15.7,45,3.8,0,100,6.24,297,394,1015.4,1
2025-10-05T15:00,15.7,49,5,0,100,4.92,291,305,1015.6,1
2025-10-05T16:00,15.2,56,6.5,0,100,4.09,282,179,1016.4,1
2025-10-05T17:00,14.4,62,7.2,0,100,3.84,288,71,1017.3,1
2025-10-05T18:00,14,68,8.1,0,52,3.21,281,5,1018.1,0
2025-10-05T19:00,13.2,70,7.9,0,51,3.47,282,0,1019.1,0
2025-10-05T20:00,12.4,72,7.4,0,24,3.21,281,0,1019.8,0
2025-10-05T21:00,11.6,74,7.2,0,12,3.01,266,0,1020.2,0
2025-10-05T22:00,11,77,7.2,0,45,2.79,261,0,1020.7,0
2025-10-05T23:00,10.6,79,7.2,0,99,2.68,256,0,1021.1,0
2025-10-06T00:00,10.1,81,7,0,70,2.53,252,0,1021.2,0
2025-10-06T01:00,9.8,83,7.1,0,98,2.83,253,0,1021.5,0
2025-10-06T02:00,9.7,84,7.2,0,65,3.04,253,0,1021.5,0
2025-10-06T03:00,9.7,86,7.4,0,32,2.88,253,0,1021.6,0
2025-10-06T04:00,9.6,88,7.7,0,25,2.93,245,0,1021.5,0
2025-10-06T05:00,9.9,88,8,0,100,3,242,0,1021.8,0
2025-10-06T06:00,10.4,89,8.7,0,100,2.8,248,0,1021.6,0
2025-10-06T07:00,11,89,9.2,0,100,2.73,246,14,1022.1,1
2025-10-06T08:00,12.1,86,9.8,0,16,3.18,254,63,1022.4,1
2025-10-06T09:00,13.4,82,10.4,0,1,2.79,249,265,1022.5,1
2025-10-06T10:00,14.7,78,10.9,0,0,2.86,254,381,1022.7,1
2025-10-06T11:00,16,74,11.3,0,1,2.66,254,477,1022.9,1
2025-10-06T12:00,17,71,11.7,0,0,2.66,250,513,1022.9,1
2025-10-06T13:00,17.9,68,11.9,0,0,2.94,249,504,1022.7,1
2025-10-06T14:00,18.4,67,12.1,0,6,3.07,254,448,1022.4,1
2025-10-06T15:00,18.6,67,12.4,0,5,3.15,252,351,1022,1
2025-10-06T16:00,18.5,69,12.8,0,0,2.3,270,224,1022,1
2025-10-06T17:00,17.8,73,13,0,1,2.35,270,88,1022,1
2025-10-06T18:00,17.1,76,12.8,0,1,2.6,240,4,1022.3,0
2025-10-06T19:00,16.4,79,12.7,0,41,3.07,254,0,1022.7,0
2025-10-06T20:00,15.5,81,12.3,0,92,2.46,257,0,1022.8,0
2025-10-06T21:00,14.7,83,11.9,0,100,2.39,244,0,1022.9,0
2025-10-06T22:00,14.2,85,11.7,0,100,2.4,239,0,1022.9,0
2025-10-06T23:00,13.8,87,11.7,0,100,2.39,237,0,1022.8,0
2025-10-07T00:00,13.3,89,11.5,0,31,2.42,246,0,1023,0
2025-10-07T01:00,12.8,90,11.2,0,8,2.15,248,0,1022.9,0
2025-10-07T02:00,12.3,91,11,0,70,2.02,240,0,1022.5,0
2025-10-07T03:00,12,92,10.8,0,98,2.06,241,0,1022.5,0
2025-10-07T04:00,11.7,93,10.6,0,98,1.92,242,0,1022.4,0
2025-10-07T05:00,11.6,94,10.6,0,100,1.81,242,0,1022.5,0
2025-10-07T06:00,11.7,93,10.6,0,100,1.86,234,0,1022.8,0
2025-10-07T07:00,12.3,93,11.2,0,100,1.82,238,12,1023.1,1
2025-10-07T08:00,13,91,11.6,0,98,1.49,222,83,1023.3,1
2025-10-07T09:00,14.2,84,11.6,0,100,1.98,236,249,1023.4,1
2025-10-07T10:00,15.2,76,10.9,0,100,2.73,244,356,1023.1,1
2025-10-07T11:00,15.8,70,10.4,0,100,3.18,244,361,1022.9,1
2025-10-07T12:00,16.3,67,10.1,0,100,3.26,243,314,1022.6,1
2025-10-07T13:00,16.7,64,9.9,0,100,3.41,248,318,1022.3,1
2025-10-07T14:00,16.9,62,9.6,0,99,3.18,251,272,1021.9,1
2025-10-07T15:00,17,61,9.4,0,100,3.04,253,225,1021.4,1
2025-10-07T16:00,16.8,63,9.7,0,100,2.11,256,151,1021.1,1
2025-10-07T17:00,15.9,68,10.1,0,100,1.62,248,70,1021.3,1
2025-10-07T18:00,14.4,76,10.2,0,100,1.21,263,3,1021.9,0
2025-10-07T19:00,14.5,74,10,0,100,1.62,248,0,1022,0
2025-10-07T20:00,14.1,76,10,0,100,1.69,236,0,1021.9,0
2025-10-07T21:00,13.7,79,10.1,0,100,1.77,227,0,1021.7,0
2025-10-07T22:00,13.3,81,10.1,0,100,1.9,235,0,1021.7,0
2025-10-07T23:00,13,83,10.2,0,100,1.97,234,0,1021.8,0
2025-10-08T00:00,12.2,86,9.9,0,100,1.98,254,0,1021.7,0
2025-10-08T01:00,12,88,10,0,100,2.18,250,0,1021.7,0
2025-10-08T02:00,11.8,91,10.3,0,100,2.12,251,0,1021.4,0
2025-10-08T03:00,11.5,93,10.4,0,100,2.11,248,0,1020.9,0
2025-10-08T04:00,11.3,95,10.5,0,100,2.13,246,0,1020.8,0
2025-10-08T05:00,11.6,94,10.7,0,100,1.96,251,0,1021,0
2025-10-08T06:00,11.9,94,10.9,0,100,1.75,246,0,1020.8,0
2025-10-08T07:00,12.2,93,11.1,0,100,1.75,246,6,1021.1,1
2025-10-08T08:00,12.6,93,11.5,0,100,1.66,237,35,1021.3,1
2025-10-08T09:00,13.5,90,11.9,0,100,1.39,249,90,1021.6,1
2025-10-08T10:00,14.3,87,12.2,0,100,1.35,255,127,1021.7,1
2025-10-08T11:00,15.2,84,12.5,0,100,2.03,308,134,1021.5,1
2025-10-08T12:00,15.8,80,12.5,0,100,1.78,322,197,1021.9,1
2025-10-08T13:00,15.9,80,12.4,0.2,99,1.62,326,163,1021.8,1
2025-10-08T14:00,16.2,80,12.7,0.1,42,1.36,332,210,1021.6,1
2025-10-08T15:00,16.8,75,12.4,0.1,24,1.3,328,266,1021.4,1
2025-10-08T16:00,16.7,73,11.8,0,29,1.34,315,180,1021.6,1
2025-10-08T17:00,16,76,11.8,0,19,1.4,325,72,1022.1,1
2025-10-08T18:00,14.5,83,11.7,0,5,0.92,331,3,1022.5,0
2025-10-08T19:00,14.8,81,11.7,0,13,1.7,332,0,1022.9,0
2025-10-08T20:00,14.2,83,11.3,0,90,1.94,342,0,1023.3,0
2025-10-08T21:00,13.3,85,10.9,0,100,2.27,8,0,1023.8,0
2025-10-08T22:00,12.6,84,10,0,100,1.93,17,0,1023.9,0
2025-10-08T23:00,12.1,82,9.1,0,88,1.58,18,0,1023.8,0
2025-10-09T00:00,11.2,80,8,0,31,1.15,358,0,1024.1,0
2025-10-09T01:00,10.8,81,7.7,0,51,0.74,332,0,1024.3,0
2025-10-09T02:00,10.5,81,7.4,0,20,0.79,288,0,1024.3,0
2025-10-09T03:00,10,84,7.3,0,23,1.19,285,0,1024.3,0
2025-10-09T04:00,9.5,85,7,0,10,1.2,270,0,1024.4,0
2025-10-09T05:00,9.1,86,6.9,0,5,1.24,256,0,1024.6,0
2025-10-09T06:00,8.8,88,6.9,0,100,1.13,257,0,1025.1,0
2025-10-09T07:00,8.9,88,7,0,19,1.76,255,17,1025.4,1
2025-10-09T08:00,9.8,86,7.6,0,4,1.39,249,126,1025.6,1
2025-10-09T09:00,11.3,82,8.2,0,0,1.42,260,261,1026,1
2025-10-09T10:00,12.9,77,9,0,1,1.63,259,379,1026.1,1
2025-10-09T11:00,14.3,70,8.9,0,66,2.82,287,461,1025.7,1
2025-10-09T12:00,14.4,70,8.9,0,100,3.01,291,389,1026,1
2025-10-09T13:00,14.5,69,8.9,0,99,3.08,290,304,1026,1
2025-10-09T14:00,14.8,68,9.1,0,100,3,296,288,1026,1
2025-10-09T15:00,15,68,9.3,0,93,2.8,299,250,1026.1,1
2025-10-09T16:00,14.9,70,9.4,0,100,2.94,310,151,1026.5,1
2025-10-09T17:00,14.6,74,10,0,100,1.81,298,44,1026.8,1
2025-10-09T18:00,13.7,79,10.1,0,99,1.87,279,2,1027.3,0
2025-10-09T19:00,13.7,80,10.3,0,100,2.02,293,0,1027.9,0
2025-10-09T20:00,13.5,82,10.5,0,100,1.66,291,0,1028.4,0
2025-10-09T21:00,13.4,83,10.6,0,100,1.58,288,0,1028.8,0
2025-10-09T22:00,13.4,84,10.8,0,100,1.61,286,0,1028.8,0
2025-10-09T23:00,13.3,85,10.9,0,100,1.53,302,0,1029.1,0
2025-10-10T00:00,13.4,85,10.9,0,100,1.25,286,0,1029.3,0
2025-10-10T01:00,13.4,85,11,0,100,1.42,280,0,1029.5,0
2025-10-10T02:00,13.2,87,11,0,100,1.55,285,0,1029.8,0
2025-10-10T03:00,12.8,88,10.9,0,100,1.55,285,0,1029.8,0
2025-10-10T04:00,12.4,90,10.7,0,100,1.66,291,0,1030,0
2025-10-10T05:00,12,91,10.5,0,100,1.59,298,0,1030.4,0
2025-10-10T06:00,12.2,91,10.7,0,100,1.41,297,0,1030.7,0
2025-10-10T07:00,12,92,10.7,0,80,1.42,288,12,1031.3,1
2025-10-10T08:00,12.5,90,10.9,0,73,1.09,286,92,1031.7,1
2025-10-10T09:00,13.6,86,11.2,0,55,1.64,308,215,1032.1,1
2025-10-10T10:00,14.6,81,11.4,0,100,1.99,309,277,1032.4,1
2025-10-10T11:00,15.5,76,11.2,0.1,100,1.98,315,271,1032.4,1
2025-10-10T12:00,15,76,10.8,0,100,1.52,319,236,1032.5,1
2025-10-10T13:00,15.4,74,10.8,0,100,1.24,320,235,1032.3,1
2025-10-10T14:00,15.6,74,10.9,0,100,0.96,309,188,1032.1,1
2025-10-10T15:00,15.8,73,11,0,100,1.19,292,160,1032,1
2025-10-10T16:00,15.6,74,11,0,100,1.42,302,96,1032,1
2025-10-10T17:00,15.3,79,11.6,0,100,0.69,240,27,1032,1
2025-10-10T18:00,14.8,81,11.6,0,100,0.87,211,1,1032.2,0
2025-10-10T19:00,14.6,82,11.7,0,100,1.1,240,0,1032.4,0
2025-10-10T20:00,14.3,85,11.7,0,100,1.19,285,0,1032.4,0
2025-10-10T21:00,14,85,11.5,0,100,1.41,315,0,1032.6,0
2025-10-10T22:00,13.5,86,11.2,0,100,1.08,338,0,1032.6,0
2025-10-10T23:00,12.9,89,11.2,0,98,0.55,360,0,1032.4,0
2025-10-11T00:00,12.3,89,10.6,0,74,0.4,7,0,1032.6,0
2025-10-11T01:00,12.4,91,11,0,95,0.2,360,0,1032.6,0
2025-10-11T02:00,11.9,93,10.7,0,100,0.32,309,0,1032.6,0
2025-10-11T03:00,11.4,94,10.4,0,100,0.78,320,0,1032.6,0
2025-10-11T04:00,10.9,95,10.1,0,100,0.81,330,0,1032.6,0
2025-10-11T05:00,10.6,94,9.8,0,100,0.94,335,0,1032.7,0
2025-10-11T06:00,10.9,94,10,0,100,0.45,6,0,1032.6,0
2025-10-11T07:00,11.4,92,10.1,0,99,0.85,360,13,1032.9,1
2025-10-11T08:00,12.1,89,10.3,0,100,0.45,27,93,1032.9,1
2025-10-11T09:00,13.2,83,10.4,0,100,0.29,31,200,1033.3,1
2025-10-11T10:00,14.2,74,9.6,0,98,0.65,360,299,1033.2,1
2025-10-11T11:00,14.6,72,9.5,0,100,0.51,11,352,1033,1
2025-10-11T12:00,14.1,69,8.5,0,100,0.65,360,418,1033,1
2025-10-11T13:00,14.5,67,8.5,0,100,0.5,53,383,1032.5,1
2025-10-11T14:00,14.8,66,8.5,0,66,0.49,66,370,1032.3,1
2025-10-11T15:00,14.8,66,8.5,0,53,0.76,79,311,1032.1,1
2025-10-11T16:00,14.5,67,8.4,0,22,0.66,81,187,1031.8,1
2025-10-11T17:00,13.8,77,9.8,0,11,0.45,90,69,1031.6,1
2025-10-11T18:00,12.5,78,8.7,0,63,0.68,36,1,1031.8,0
2025-10-11T19:00,12.7,76,8.7,0,0,0.9,19,0,1031.8,0
2025-10-11T20:00,12,79,8.5,0,3,1.52,23,0,1032,0
2025-10-11T21:00,11.4,83,8.5,0,0,1.46,22,0,1032,0
2025-10-11T22:00,10.8,85,8.5,0,0,1.39,30,0,1031.9,0
2025-10-11T23:00,10.3,88,8.4,0,0,1.05,31,0,1031.8,0
2025-10-12T00:00,8.9,93,7.9,0,0,0.83,25,0,1031.9,0
2025-10-12T01:00,9,93,8,0,0,0.9,34,0,1031.7,0
2025-10-12T02:00,8.8,94,7.9,0,2,1,37,0,1031.3,0
2025-10-12T03:00,8.5,95,7.7,0,7,1.19,33,0,1030.9,0
2025-10-12T04:00,8.2,96,7.5,0,26,0.78,40,0,1030.7,0
2025-10-12T05:00,8,97,7.6,0,44,0.97,35,0,1030.5,0
2025-10-12T06:00,7.5,100,7.5,0,98,0.96,43,0,1030.7,0
2025-10-12T07:00,7.9,100,7.9,0,98,1.33,34,12,1030.9,1
2025-10-12T08:00,8.8,98,8.5,0,99,1.06,41,103,1031.1,1
2025-10-12T09:00,10.2,94,9.2,0,66,1.03,51,222,1031.1,1
2025-10-12T10:00,12.1,85,9.6,0,4,1.12,58,350,1030.7,1
2025-10-12T11:00,13.6,77,9.6,0,3,1.26,56,458,1030.4,1
2025-10-12T12:00,13.3,73,8.6,0,73,1.7,62,490,1030.5,1
2025-10-12T13:00,14.2,71,9,0,32,1.16,65,439,1029.9,1
2025-10-12T14:00,14.8,70,9.3,0,26,1.91,57,409,1029.6,1
2025-10-12T15:00,15,68,9.1,0,1,2.42,66,299,1029.3,1
2025-10-12T16:00,14.9,68,9.2,0,10,2.34,74,195,1029.2,1
2025-10-12T17:00,13.9,75,9.5,0,6,1.92,81,62,1029.1,1
2025-10-12T18:00,13,78,9.2,0,73,1.77,68,1,1029.3,0
2025-10-12T19:00,12.9,80,9.6,0,100,2.04,68,0,1029.4,0
2025-10-12T20:00,12.9,82,9.9,0,100,2.04,54,0,1029.3,0
2025-10-12T21:00,12.9,84,10.2,0,100,2.31,51,0,1029.3,0
2025-10-12T22:00,12.9,86,10.6,0,100,2.54,58,0,1029.1,0
2025-10-12T23:00,12.9,88,10.9,0,100,2.36,58,0,1029,0
2025-10-13T00:00,12.7,91,11.2,0,100,2.03,52,0,1029,0
2025-10-13T01:00,12.6,91,11.3,0,100,2.05,47,0,1028.8,0
2025-10-13T02:00,12.6,92,11.4,0,100,2.02,46,0,1028.5,0
2025-10-13T03:00,12.6,93,11.5,0,100,1.91,43,0,1028.3,0
2025-10-13T04:00,12.7,93,11.5,0,100,2,37,0,1028.2,0
2025-10-13T05:00,12.3,94,11.4,0,100,2.39,37,0,1028,0
2025-10-13T06:00,12.4,96,11.8,0,100,2.23,34,0,1027.8,0
2025-10-13T07:00,12.4,97,11.9,0,100,2.48,34,6,1027.9,1
2025-10-13T08:00,12.7,94,11.8,0,100,3.36,46,45,1028.2,1
2025-10-13T09:00,13.1,92,11.7,0,100,3.19,42,81,1028.4,1
2025-10-13T10:00,13.9,86,11.6,0,100,3.36,43,143,1028.3,1
2025-10-13T11:00,14.6,82,11.6,0,100,3.36,48,133,1028.3,1
2025-10-13T12:00,14.8,81,11.5,0.1,100,3.15,48,144,1028,1
2025-10-13T13:00,15.3,77,11.2,0.1,100,3.33,47,161,1027.6,1
2025-10-13T14:00,15.5,76,11.3,0,100,2.83,48,139,1027.3,1
2025-10-13T15:00,15.6,76,11.4,0,100,2.83,45,100,1026.9,1
2025-10-13T16:00,15.4,79,11.7,0,100,2.37,44,60,1026.8,1
2025-10-13T17:00,15,83,12.1,0,100,2.34,42,15,1027,1
2025-10-13T18:00,14.4,87,12.3,0,100,2.41,40,0,1027.2,0
2025-10-13T19:00,14.3,88,12.4,0,100,2.51,44,0,1027.3,0
2025-10-13T20:00,14.2,89,12.4,0,100,2.69,45,0,1027.4,0
2025-10-13T21:00,14.1,89,12.3,0,100,2.79,46,0,1027.5,0
2025-10-13T22:00,13.8,89,12.1,0,100,2.83,48,0,1027.5,0
2025-10-13T23:00,13.6,90,12,0,100,2.58,43,0,1027.4,0
2025-10-14T00:00,13,90,11.5,0,100,2.33,45,0,1027.6,0
2025-10-14T01:00,12.8,91,11.3,0,100,2.49,38,0,1027.7,0
2025-10-14T02:00,12.5,91,11.2,0,100,2.41,40,0,1027.6,0
2025-10-14T03:00,12.4,92,11.1,0,100,2.09,40,0,1027.3,0
2025-10-14T04:00,12.4,92,11.1,0,100,2.08,35,0,1027.3,0
2025-10-14T05:00,12.5,91,11,0,100,2.28,29,0,1027.4,0
2025-10-14T06:00,11.6,91,10.1,0,100,2.15,12,0,1027.8,0
2025-10-14T07:00,11.5,90,9.9,0,100,2.08,10,4,1028.1,1
2025-10-14T08:00,11.5,89,9.8,0,100,2.01,6,32,1028.3,1
2025-10-14T09:00,12,87,9.9,0,100,2.69,18,85,1028.5,1
2025-10-14T10:00,12.5,85,10.1,0,100,2.73,26,103,1028.5,1
2025-10-14T11:00,13.3,83,10.4,0,100,2.82,30,178,1028.4,1
2025-10-14T12:00,12.8,81,9.5,0.1,100,2.82,25,167,1028.6,1
2025-10-14T13:00,13.2,78,9.5,0,100,2.85,22,185,1028.4,1
2025-10-14T14:00,13.7,76,9.5,0,100,2.97,20,207,1028.1,1
2025-10-14T15:00,13.6,76,9.5,0,100,3.05,23,135,1027.7,1
2025-10-14T16:00,13.4,79,9.9,0,100,2.66,28,75,1027.6,1
2025-10-14T17:00,13,82,10.1,0,100,1.9,23,23,1027.6,1
2025-10-14T18:00,12.1,86,9.9,0,100,1.96,15,0,1028.1,0
2025-10-14T19:00,12,87,9.9,0,100,2.36,21,0,1028.3,0
2025-10-14T20:00,11.8,85,9.3,0,98,3.04,27,0,1028.4,0
2025-10-14T21:00,11.2,80,7.9,0,91,3.09,25,0,1028.6,0
2025-10-14T22:00,10.8,80,7.5,0,99,2.78,18,0,1028.8,0
2025-10-14T23:00,10.7,83,7.9,0,100,1.99,18,0,1028.8,0
2025-10-15T00:00,10.9,85,8.5,0,100,2.31,5,0,1028.9,0
2025-10-15T01:00,11.1,85,8.7,0,100,2.55,360,0,1028.6,0
2025-10-15T02:00,11.1,87,8.9,0,100,2.46,5,0,1028.3,0
2025-10-15T03:00,11,88,9.2,0,100,2.43,14,0,1028.1,0
2025-10-15T04:00,11,88,9.2,0,100,2.55,16,0,1027.9,0
2025-10-15T05:00,11,88,9.1,0,100,2.63,14,0,1027.8,0
2025-10-15T06:00,10.5,90,9,0,100,2.15,18,0,1028,0
2025-10-15T07:00,10.6,90,9.1,0,100,2.11,14,3,1028,1
2025-10-15T08:00,10.9,89,9.1,0,100,2.44,15,38,1028.3,1
2025-10-15T09:00,11.2,87,9.2,0,100,2.42,18,64,1028.4,1
2025-10-15T10:00,11.8,85,9.3,0,100,2.44,19,125,1028.5,1
2025-10-15T11:00,12.2,83,9.4,0,100,2.5,20,135,1028.4,1
2025-10-15T12:00,12.3,82,9.4,0,100,2.47,21,150,1028.2,1
2025-10-15T13:00,12.6,81,9.4,0,100,2.67,21,122,1027.9,1
2025-10-15T14:00,12.8,80,9.4,0,100,2.92,22,113,1027.6,1
2025-10-15T15:00,12.9,79,9.3,0,100,2.71,23,85,1027.2,1
2025-10-15T16:00,13,77,9,0,95,2.26,18,71,1027,1
2025-10-15T17:00,12.7,77,8.7,0,82,2.04,17,23,1026.9,1
2025-10-15T18:00,12.1,80,8.8,0,80,1.67,9,0,1027.2,0
2025-10-15T19:00,11.8,82,8.9,0,83,2.01,14,0,1027.2,0
2025-10-15T20:00,11.6,84,8.9,0,66,2.12,27,0,1027.3,0
2025-10-15T21:00,11.4,85,8.9,0,66,2.01,27,0,1027.3,0
2025-10-15T22:00,11,87,8.9,0,89,2.08,24,0,1027.3,0
2025-10-15T23:00,10.8,89,9.1,0,100,1.86,24,0,1027,0
2025-10-16T00:00,11,90,9.5,0,100,1.85,19,0,1027,0
2025-10-16T01:00,11.1,90,9.6,0,86,1.87,16,0,1026.8,0
2025-10-16T02:00,10.8,91,9.5,0,56,1.88,22,0,1026.6,0
2025-10-16T03:00,10.4,93,9.3,0,32,1.83,17,0,1026.2,0
2025-10-16T04:00,10,94,9,0,31,1.77,22,0,1026,0
2025-10-16T05:00,9.5,95,8.7,0,39,1.71,15,0,1025.9,0
2025-10-16T06:00,9.8,94,9,0,100,1.64,12,0,1026,0
2025-10-16T07:00,10,93,8.8,0,100,1.8,13,4,1026.4,1
2025-10-16T08:00,10.3,92,9,0,100,1.16,353,36,1026.4,1
2025-10-16T09:00,11.2,88,9.3,0,100,1.06,8,93,1026.5,1
2025-10-16T10:00,12.1,85,9.6,0,100,0.99,30,145,1026.4,1
2025-10-16T11:00,12.7,82,9.7,0,100,1.39,26,166,1026.3,1
2025-10-16T12:00,14,77,10,0,91,2.07,53,143,1025.8,1
2025-10-16T13:00,14.7,72,9.7,0,64,2.16,46,226,1025.5,1
2025-10-16T14:00,15.3,68,9.4,0,30,2.05,43,249,1025,1
2025-10-16T15:00,15.4,65,8.9,0,28,1.89,53,192,1024.7,1
2025-10-16T16:00,15.2,69,9.4,0,99,1.2,45,101,1024.6,1
2025-10-16T17:00,14.5,72,9.5,0,100,1.59,41,27,1024.7,1
2025-10-16T18:00,14,77,10,0,98,1.66,44,0,1024.9,0
2025-10-16T19:00,13.8,79,10.2,0,100,1.84,45,0,1025.1,0
2025-10-16T20:00,13.4,82,10.4,0,100,1.91,57,0,1025.2,0
2025-10-16T21:00,12.8,85,10.4,0,88,1.84,57,0,1025.1,0
2025-10-16T22:00,12.2,88,10.4,0,1,1.72,64,0,1025,0
2025-10-16T23:00,11.5,92,10.2,0,17,1.61,60,0,1024.9,0
2025-10-17T00:00,12.2,92,10.9,0,100,1.54,54,0,1024.7,0
2025-10-17T01:00,12.4,91,11,0,100,1.39,64,0,1024.6,0
2025-10-17T02:00,12.2,92,11,0,100,1.4,55,0,1024.5,0
2025-10-17T03:00,11.9,93,10.8,0,59,1.42,51,0,1024.1,0
2025-10-17T04:00,11.6,94,10.7,0,45,1.09,74,0,1024.1,0
2025-10-17T05:00,11.1,96,10.5,0,36,1.06,49,0,1024.3,0
2025-10-17T06:00,11.6,94,10.6,0,98,1.23,27,0,1024.2,0
2025-10-17T07:00,11.5,94,10.6,0,100,1.52,27,4,1024.4,1
2025-10-17T08:00,11.7,92,10.5,0,100,1.53,38,54,1024.5,1
2025-10-17T09:00,12.4,88,10.4,0,91,1.58,55,156,1024.7,1
2025-10-17T10:00,13.4,78,9.6,0,100,1.56,83,302,1024.7,1
2025-10-17T11:00,14.2,71,9.1,0,100,1.65,90,405,1024.6,1
2025-10-17T12:00,14.3,67,8.4,0,100,1.31,43,392,1024.6,1
2025-10-17T13:00,14.7,65,8.3,0,93,1.34,27,308,1024.2,1
2025-10-17T14:00,14.8,64,7.9,0,100,1.01,33,205,1023.8,1
2025-10-17T15:00,14.8,63,7.7,0,100,0.72,34,120,1023.6,1
2025-10-17T16:00,14.7,63,7.7,0,100,1.04,35,71,1023.3,1
2025-10-17T17:00,14.1,68,8.3,0,99,1.8,34,20,1023.5,1
2025-10-17T18:00,13.3,72,8.3,0,86,2.27,50,0,1023.8,0
2025-10-17T19:00,12.9,74,8.4,0,97,2.39,64,0,1024.1,0
2025-10-17T20:00,12.5,76,8.3,0,100,2.2,69,0,1024.4,0
2025-10-17T21:00,12.1,78,8.3,0,5,2.2,78,0,1024.2,0
2025-10-17T22:00,11.6,81,8.5,0,45,2.2,89,0,1023.9,0
2025-10-17T23:00,11.3,84,8.7,0,100,1.9,90,0,1024,0
2025-10-18T00:00,11.1,83,8.3,0,100,1.87,82,0,1024.3,0
2025-10-18T01:00,11.5,81,8.4,0,100,2.19,79,0,1024.1,0
2025-10-18T02:00,11.4,80,8,0,100,2.21,77,0,1023.7,0
2025-10-18T03:00,11.2,79,7.6,0,100,2.47,72,0,1023.5,0
2025-10-18T04:00,11.1,78,7.5,0,100,2.45,86,0,1023.4,0
2025-10-18T05:00,11.3,78,7.6,0,100,2.64,80,0,1023.3,0
2025-10-18T06:00,11.3,77,7.5,0,100,2.37,83,0,1023.3,0
2025-10-18T07:00,11.6,77,7.8,0,100,2.28,81,3,1023.2,1
2025-10-18T08:00,12.2,77,8.3,0,100,2.47,97,39,1023.2,1
2025-10-18T09:00,13.2,77,9.2,0,100,2.29,100,153,1023,1
2025-10-18T10:00,14,73,9.3,0,100,2.69,108,243,1022.5,1
2025-10-18T11:00,14.6,63,7.6,0,100,3.75,134,269,1022.3,1
2025-10-18T12:00,14.6,60,7,0,100,3.69,139,207,1021.7,1
2025-10-18T13:00,14.6,60,6.8,0,100,3.45,141,176,1021,1
2025-10-18T14:00,14.5,61,7.1,0,100,2.86,136,128,1020.3,1
2025-10-18T15:00,14.3,63,7.3,0,100,2.44,133,117,1019.7,1
2025-10-18T16:00,13.9,65,7.4,0,100,2.16,124,65,1018.9,1
2025-10-18T17:00,13.2,68,7.4,0,100,2.53,115,14,1018.5,1
2025-10-18T18:00,12.4,71,7.2,0,100,2.55,113,0,1017.9,0
2025-10-18T19:00,12.2,72,7.3,0,100,2.72,107,0,1017.6,0
2025-10-18T20:00,12.1,73,7.4,0,100,2.51,113,0,1016.9,0
2025-10-18T21:00,12,74,7.6,0,100,2.42,114,0,1016.3,0
2025-10-18T22:00,12,76,7.8,0,100,2.53,120,0,1015.4,0
2025-10-18T23:00,12.1,77,8.1,0,100,2.96,120,0,1014,0
2025-10-19T00:00,12.1,77,8.1,0,100,3.06,116,0,1013,0
2025-10-19T01:00,12.2,78,8.5,0,100,2.79,126,0,1012.3,0
2025-10-19T02:00,12.3,79,8.8,0,100,2.55,130,0,1011.4,0
2025-10-19T03:00,12.2,81,9.1,0,100,2.58,134,0,1010.5,0
2025-10-19T04:00,12.2,83,9.3,0,100,2.58,122,0,1009.4,0
2025-10-19T05:00,12.1,84,9.4,0,100,2.56,129,0,1008.6,0
2025-10-19T06:00,12,84,9.5,0,95,2.64,119,0,1007.3,0
2025-10-19T07:00,12.2,85,9.7,0,98,2.62,130,2,1007,1
2025-10-19T08:00,12.7,84,10,0,100,2.83,132,49,1006.2,1
2025-10-19T09:00,13.1,83,10.3,0,100,2.45,131,67,1005.4,1
2025-10-19T10:00,13.6,84,10.9,0,100,1.95,119,101,1004.7,1
2025-10-19T11:00,14.1,85,11.5,0,100,2.21,108,87,1003.7,1
2025-10-19T12:00,15,84,12.4,0,100,2.78,113,144,1002.3,1
2025-10-19T13:00,15.1,86,12.8,0.4,100,3.91,153,63,1001.3,1
2025-10-19T14:00,15.3,88,13.3,0.2,100,4.23,159,69,1000,1
2025-10-19T15:00,14.7,90,13,0.3,100,4.48,149,51,998.5,1
2025-10-19T16:00,14.6,89,12.8,0.3,100,4.9,154,24,997.5,1
2025-10-19T17:00,14.3,89,12.4,0.2,100,4.85,161,8,996.8,0
2025-10-19T18:00,14.2,92,12.9,2.6,100,4.6,161,0,995.8,0
2025-10-19T19:00,14.7,91,13.2,0.1,100,4.67,167,0,994.9,0
2025-10-19T20:00,15,92,13.7,0.2,100,4.51,165,0,993.8,0
2025-10-19T21:00,15.3,92,14,0.1,100,4.18,173,0,993,0
2025-10-19T22:00,14.9,94,14,1.7,46,3.98,205,0,993.2,0
2025-10-19T23:00,13.8,95,13,0,100,4.27,218,0,993.4,0
2025-10-20T00:00,12.9,93,11.8,0,19,3.71,226,0,993.6,0
2025-10-20T01:00,12.1,95,11.3,0,42,2.78,210,0,993.3,0
2025-10-20T02:00,11.9,95,11.2,0,68,2.65,191,0,992.9,0
2025-10-20T03:00,12.7,94,11.7,0,80,3.01,186,0,991.9,0
2025-10-20T04:00,12.9,92,11.7,0,84,3,182,0,991.1,0
2025-10-20T05:00,12.9,90,11.4,0.2,100,3.2,177,0,990.5,0
2025-10-20T06:00,12.9,92,11.7,0.2,100,3.36,177,0,990,0
2025-10-20T07:00,13,90,11.5,0.2,90,3.31,177,2,989.4,1
2025-10-20T08:00,13.4,90,11.8,0.2,99,4.2,177,44,989.1,1
2025-10-20T09:00,13.6,89,11.9,1.1,100,4.3,179,83,988.4,1
2025-10-20T10:00,14.3,89,12.5,0.2,99,3.71,175,136,987.6,1
2025-10-20T11:00,14.4,85,12,0.3,99,4.45,180,209,986.6,1
2025-10-20T12:00,14.6,77,10.6,0.2,100,4.79,172,240,986.4,1
2025-10-20T13:00,14.3,78,10.5,0.2,100,3.82,169,165,985,1
2025-10-20T14:00,14.2,82,11.2,0.1,100,4.55,179,201,984.3,1
2025-10-20T15:00,14.4,80,11,0.1,100,4.82,195,171,983.5,1
2025-10-20T16:00,14,84,11.4,0.1,100,3.87,200,72,983.2,1
2025-10-20T17:00,13.6,85,11.2,0.2,98,3.53,196,18,983.2,0
2025-10-20T18:00,12.9,92,11.7,0,97,2.62,187,0,983.1,0
2025-10-20T19:00,12.5,94,11.5,0.1,98,1.48,246,0,982.9,0
2025-10-20T20:00,11.8,95,11.1,0,63,1.5,255,0,983.6,0
2025-10-20T21:00,11.9,96,11.3,0,16,2.64,260,0,984.8,0
2025-10-20T22:00,11.8,96,11.2,0,2,3.35,260,0,985.8,0
2025-10-20T23:00,11.5,95,10.8,0,4,3.51,259,0,986.6,0
2025-10-21T00:00,12.4,95,11.5,0,68,4.05,261,0,987.3,0
2025-10-21T01:00,12.1,94,11.2,0,28,3.61,260,0,987.8,0
2025-10-21T02:00,11.7,95,10.9,0,27,3.52,255,0,988.4,0
2025-10-21T03:00,11.3,95,10.5,0,25,3.3,252,0,988.8,0
2025-10-21T04:00,11,96,10.3,0,18,3,252,0,989.3,0
2025-10-21T05:00,10.9,96,10.3,0,45,3.09,241,0,989.9,0
2025-10-21T06:00,11.7,94,10.8,0,100,3.58,242,0,990.3,0
2025-10-21T07:00,11.9,93,10.8,0,72,3.4,237,2,990.6,1
2025-10-21T08:00,12.2,91,10.8,0,98,3.75,227,53,991,1
2025-10-21T09:00,12.4,90,10.8,0,92,4.11,229,135,991.1,1
2025-10-21T10:00,13.6,80,10.2,0,100,4.92,235,253,991.3,1
2025-10-21T11:00,14.2,75,9.9,0,100,4.72,236,203,991.2,1
2025-10-21T12:00,15,72,10,0.1,68,4.32,240,285,991.2,1
2025-10-21T13:00,15.3,70,10,0.1,68,4.45,237,314,990.8,1
2025-10-21T14:00,15.1,71,9.9,0,44,4.34,232,219,990.6,1
2025-10-21T15:00,14.7,73,10,0,100,3.96,226,154,990.6,1
2025-10-21T16:00,14.3,77,10.3,0,100,3.75,233,55,990.8,1
2025-10-21T17:00,13.8,79,10.3,0,100,3.47,237,7,991.1,0
2025-10-21T18:00,13.4,84,10.7,0,100,3.48,238,0,991.5,0
2025-10-21T19:00,13.2,82,10.3,0,100,3.38,243,0,991.9,0
2025-10-21T20:00,12.9,82,9.9,0,73,3.42,241,0,992.3,0
2025-10-21T21:00,12.4,83,9.6,0,0,3.34,248,0,992.8,0
2025-10-21T22:00,11.7,86,9.5,0,73,3.08,253,0,993.2,0
2025-10-21T23:00,11.1,89,9.4,0,41,2.74,255,0,993.6,0
2025-10-22T00:00,10.3,91,9,0,68,2.4,247,0,994.1,0
2025-10-22T01:00,10,92,8.8,0,6,2.28,247,0,994.5,0
2025-10-22T02:00,9.6,93,8.6,0,92,2.22,247,0,994.7,0
2025-10-22T03:00,9.2,94,8.4,0,100,2,238,0,994.7,0
2025-10-22T04:00,9.1,95,8.3,0,100,2.11,234,0,995.2,0
2025-10-22T05:00,8.9,95,8.2,0,92,2.04,239,0,995.5,0
2025-10-22T06:00,9.2,97,8.7,0,99,1.72,234,0,995.7,0
2025-10-22T07:00,9.4,96,8.8,0,100,1.43,234,2,995.9,1
2025-10-22T08:00,10,95,9.3,0,100,1.32,233,46,996.3,1
2025-10-22T09:00,10.8,91,9.5,0,100,1.57,243,96,996.6,1
2025-10-22T10:00,11.9,86,9.7,0,99,1.53,232,198,996.8,1
2025-10-22T11:00,13.1,79,9.6,0,96,1.46,239,315,996.4,1
2025-10-22T12:00,14.2,75,9.7,0,52,1.28,219,362,995.7,1
2025-10-22T13:00,14.6,68,8.8,0.2,100,1.75,217,362,995.2,1
2025-10-22T14:00,14.6,65,8.2,0.1,100,2.38,219,302,994.5,1
2025-10-22T15:00,14.5,65,8.1,0,100,1.86,207,189,993.7,1
2025-10-22T16:00,13.9,70,8.6,0,100,1.45,178,67,993,1
2025-10-22T17:00,13.2,73,8.5,0,100,2.17,172,14,992.2,0
2025-10-22T18:00,12.6,77,8.6,0,100,2.15,158,0,991.3,0
2025-10-22T19:00,12.1,81,9,0.2,100,1.84,123,0,989.7,0
2025-10-22T20:00,11.2,90,9.7,2.5,100,1.84,61,0,987.7,0
2025-10-22T21:00,10.7,93,9.7,2.1,100,3.14,53,0,985.6,0
2025-10-22T22:00,10.6,95,9.8,2.7,100,4.24,46,0,982.9,0
2025-10-22T23:00,10.8,94,9.9,2.1,100,4.11,48,0,980.6,0
2025-10-23T00:00,10.4,90,8.9,1.7,100,4.88,33,0,978.9,0
2025-10-23T01:00,10.4,93,9.3,0.7,100,5.45,15,0,977.1,0
2025-10-23T02:00,10.2,91,8.8,0.6,100,5.94,13,0,975.3,0
2025-10-23T03:00,10.2,92,9,0.7,100,6.64,10,0,973.7,0
2025-10-23T04:00,10.2,93,9,6.6,100,6.64,354,0,973.4,0
2025-10-23T05:00,10.2,91,8.8,1.5,100,6.29,346,0,973.8,0
2025-10-23T06:00,10.2,91,8.8,0.5,100,6.73,334,0,974.5,0
2025-10-23T07:00,9.9,87,7.8,0.2,100,6.6,326,1,975.9,1
2025-10-23T08:00,10.1,87,7.9,0.2,100,6.98,318,11,977.9,1
2025-10-23T09:00,10,82,7.2,0.1,100,7.12,322,30,980.1,1
2025-10-23T10:00,10.1,80,6.8,0.1,100,6.75,314,54,982.2,1
2025-10-23T11:00,9.9,80,6.7,0.2,100,6.1,305,49,984.5,1
2025-10-23T12:00,9.8,82,6.9,0.1,100,5.84,291,81,986.8,1
2025-10-23T13:00,10.1,80,6.8,0.1,84,5.2,284,65,988.1,1
2025-10-23T14:00,11.4,72,6.5,0,91,4.98,280,195,988.7,1
2025-10-23T15:00,11.7,65,5.3,0,99,5.45,281,179,989.2,1
2025-10-23T16:00,10.4,73,5.9,0,100,5.02,280,93,990.1,1
2025-10-23T17:00,9.4,80,6.1,0.1,100,5.46,288,14,991.2,0
2025-10-23T18:00,8.7,80,5.4,0.6,100,5.75,283,0,993.2,0
2025-10-23T19:00,8,80,4.8,0.1,100,5.85,281,0,994.6,0
2025-10-23T20:00,7.7,77,3.9,0.1,100,5.44,277,0,995.6,0
2025-10-23T21:00,7.6,78,4.1,0,59,5.16,273,0,996.1,0
2025-10-23T22:00,7.3,79,3.9,0,14,4.9,269,0,996.4,0
2025-10-23T23:00,6.9,80,3.6,0,18,4.77,265,0,996.7,0
2025-10-24T00:00,6.7,80,3.5,0,2,4.55,268,0,997.4,0
2025-10-24T01:00,6.5,78,3,0,0,4.49,262,0,997.5,0
2025-10-24T02:00,6.3,78,2.8,0,1,4.32,254,0,997.8,0
2025-10-24T03:00,6.2,79,2.9,0,0,4.24,253,0,997.9,0
2025-10-24T04:00,6.1,81,3,0,0,4.11,249,0,998.2,0
2025-10-24T05:00,6,81,3,0,0,4.05,246,0,998.2,0
2025-10-24T06:00,5.8,82,3,0,0,3.97,247,0,998.4,0
2025-10-24T07:00,5.8,84,3.3,0,10,3.87,241,2,998.5,1
2025-10-24T08:00,6.6,83,3.9,0,5,4.17,240,73,998.9,1
2025-10-24T09:00,7.9,77,4.1,0,1,3.93,239,200,998.8,1
2025-10-24T10:00,9,74,4.7,0,5,4.25,233,313,998.7,1
2025-10-24T11:00,10.1,72,5.3,0,1,4.91,237,393,998.4,1
2025-10-24T12:00,11.3,68,5.7,0,23,5.28,243,425,998.2,1
2025-10-24T13:00,11.8,61,4.5,0,66,5.61,248,375,998.1,1
2025-10-24T14:00,12,62,5,0,6,5.17,243,311,997.5,1
2025-10-24T15:00,11.8,64,5.2,0,14,4.74,244,231,997.3,1
2025-10-24T16:00,11.3,66,5.1,0,23,4.55,234,106,997,1
2025-10-24T17:00,10.6,69,5,0,9,4.4,234,19,996.7,0
2025-10-24T18:00,10,71,5,0,5,4.4,231,0,996.5,0
2025-10-24T19:00,9.6,72,4.9,0,27,4.62,230,0,996.3,0
2025-10-24T20:00,9.4,73,4.9,0,24,4.3,234,0,995.8,0
2025-10-24T21:00,9.2,75,5,0,90,3.87,237,0,995.6,0
2025-10-24T22:00,9.2,77,5.3,0,100,3.4,242,0,995.4,0
2025-10-24T23:00,9,80,5.8,0,100,2.99,252,0,994.8,0
2025-10-25T00:00,8.7,88,6.8,0,100,3.13,277,0,995.1,0
2025-10-25T01:00,8.8,89,7.1,0,88,3.3,280,0,995.3,0
2025-10-25T02:00,8.4,90,6.8,0,65,3.92,287,0,995.9,0
2025-10-25T03:00,8.2,89,6.5,0.7,95,3.56,281,0,996.4,0
2025-10-25T04:00,8.6,88,6.7,0,42,4.31,283,0,997.1,0
2025-10-25T05:00,8.7,87,6.6,0,95,4.29,289,0,997.9,0
2025-10-25T06:00,9,87,6.9,0,99,3.76,289,0,998.7,0
2025-10-25T07:00,8.9,87,6.9,0.1,51,3.28,286,1,999.6,1
2025-10-25T08:00,9.3,86,7,0,24,3.12,282,64,1000.6,1
2025-10-25T09:00,10.2,81,7.1,0,23,2.77,276,184,1001.2,1
2025-10-25T10:00,10.9,75,6.7,0,28,4.03,298,296,1001.7,1
2025-10-25T11:00,11.1,72,6.3,0,45,4.02,297,308,1002.1,1
2025-10-25T12:00,11.8,67,5.8,0.1,62,4.7,305,327,1002.3,1
2025-10-25T13:00,10.9,67,5.1,0.1,29,4.33,304,233,1002.7,1
2025-10-25T14:00,10.8,67,4.8,0.1,12,4.83,298,283,1002.8,1
2025-10-25T15:00,10.6,62,3.7,0,19,4.52,290,220,1002.7,1
2025-10-25T16:00,10,64,3.4,0,13,4.3,290,116,1003,1
2025-10-25T17:00,8.9,65,2.6,0,1,4.43,286,19,1003.6,0
2025-10-25T18:00,8.4,66,2.4,0,2,4.43,286,0,1004.3,0
2025-10-25T19:00,7.8,68,2.3,0,0,4.4,285,0,1004.9,0
2025-10-25T20:00,7.2,72,2.5,0,60,4.14,285,0,1005.2,0
2025-10-25T21:00,6.9,75,2.8,0,3,3.81,273,0,1005.3,0
2025-10-25T22:00,6.5,79,3.1,0,27,3.61,273,0,1005.1,0
2025-10-25T23:00,6.3,82,3.4,0,100,3.4,273,0,1005.5,0
2025-10-26T00:00,6.6,83,3.8,0,2,3.14,279,0,1005.5,0
2025-10-26T01:00,6.2,84,3.7,0,0,3.3,280,0,1005.9,0
2025-10-26T02:00,5.8,83,3.2,0,0,3.53,288,0,1006.1,0
2025-10-26T03:00,5.3,84,2.9,0,0,3.53,288,0,1006.2,0
2025-10-26T04:00,5.2,83,2.5,0,0,3.65,289,0,1006.5,0
2025-10-26T05:00,5.1,82,2.2,0,0,3.51,287,0,1006.9,0
2025-10-26T06:00,4.9,82,2.1,0,0,3.61,284,0,1007.2,0
2025-10-26T07:00,4.9,82,2.1,0,0,3.61,280,1,1007.9,1
2025-10-26T08:00,5.6,80,2.4,0,0,3.59,279,68,1008.8,1
2025-10-26T09:00,6.7,78,3.1,0,5,3.08,262,195,1009.3,1
2025-10-26T10:00,7.9,75,3.7,0,22,3.54,262,309,1009.3,1
2025-10-26T11:00,9.1,68,3.6,0,74,5.36,286,385,1009.5,1
2025-10-26T12:00,9.5,68,3.8,0,99,4.87,279,399,1009,1
2025-10-26T13:00,9.9,63,3.3,0,100,5.16,274,290,1009,1
2025-10-26T14:00,9.8,62,3,0,100,3.63,262,119,1008.3,1
2025-10-26T15:00,9.5,66,3.5,0,100,4.27,254,37,1007.6,1
2025-10-26T16:00,9.1,73,4.5,0.1,100,4.41,247,37,1007,1
2025-10-26T17:00,8.7,75,4.5,0.1,100,4.41,244,3,1006,0
2025-10-26T18:00,8.6,77,4.7,0.1,100,4.88,241,0,1005.5,0
2025-10-26T19:00,8.8,83,6.1,0.2,100,4.9,234,0,1004.3,0
2025-10-26T20:00,9.3,87,7.3,0.2,100,4.91,240,0,1003.3,0
2025-10-26T21:00,10.1,88,8.3,0,100,4.94,246,0,1002.3,0
2025-10-26T22:00,10.9,87,8.8,0,99,4.59,254,0,1001.5,0
2025-10-26T23:00,11.2,84,8.6,0,100,4.46,266,0,1001.3,0
2025-10-27T00:00,10.9,82,7.9,0,99,4.4,271,0,1001.3,0
2025-10-27T01:00,10.5,80,7.3,0,91,4.2,268,0,1001.2,0
2025-10-27T02:00,10.3,81,7.1,0,84,4.12,264,0,1001,0
2025-10-27T03:00,10.3,79,6.8,0,61,4.32,264,0,1001,0
2025-10-27T04:00,10,77,6.2,0,27,4.64,263,0,1000.7,0
2025-10-27T05:00,9.9,77,6,0,21,4.82,265,0,1000.9,0
2025-10-27T06:00,10.3,72,5.6,0,4,5.7,272,0,1001.1,0
2025-10-27T07:00,10.3,70,5,0,15,6.14,277,1,1001.4,1
2025-10-27T08:00,10.3,65,4,0,100,5.69,280,59,1002,1
2025-10-27T09:00,10.8,63,4.1,0,64,5.54,285,169,1003.1,1
2025-10-27T10:00,11.5,63,4.8,0,29,4.99,277,268,1003.8,1
2025-10-27T11:00,12.1,61,4.9,0,81,7.41,299,351,1004.6,1
2025-10-27T12:00,12.5,62,5.4,0,91,5.47,288,327,1005.6,1
2025-10-27T13:00,12.5,63,5.6,0,65,5.97,295,213,1006.2,1
2025-10-27T14:00,12.8,62,5.6,0,70,5.2,288,229,1006.8,1
2025-10-27T15:00,12.8,61,5.5,0,43,4.04,282,216,1007.1,1
2025-10-27T16:00,12.2,62,5.2,0,63,3.51,274,105,1007.5,1
2025-10-27T17:00,11.4,66,5.3,0,100,3.58,263,12,1007.8,0
2025-10-27T18:00,11,70,5.7,0,96,3.4,260,0,1008.5,0
2025-10-27T19:00,11,71,6,0,78,2.91,251,0,1008.7,0
2025-10-27T20:00,10.9,73,6.3,0,100,3.04,234,0,1008.4,0
2025-10-27T21:00,10.9,74,6.5,0,99,3.36,233,0,1008,0
2025-10-27T22:00,11.1,80,7.7,0,83,4.05,235,0,1007.3,0
2025-10-27T23:00,11.3,86,9,0,100,4.53,239,0,1006.9,0
2025-10-28T00:00,12.2,86,10,0,100,4.48,239,0,1006.2,0
2025-10-28T01:00,12.1,87,10,0,100,5.15,238,0,1005.8,0
2025-10-28T02:00,12.1,84,9.6,0,100,4.94,242,0,1005.2,0
2025-10-28T03:00,12,82,9,0,99,5.21,243,0,1004.7,0
2025-10-28T04:00,11.7,86,9.5,0,100,5.37,241,0,1004.4,0
2025-10-28T05:00,12.4,83,9.6,0,100,5.42,241,0,1004.2,0
2025-10-28T06:00,12.3,84,9.6,0.1,100,5.19,245,0,1003.9,0
2025-10-28T07:00,12.2,85,9.8,0.1,100,5.09,252,0,1004.3,1
2025-10-28T08:00,12.2,83,9.4,0.1,68,4.65,258,38,1005,1
2025-10-28T09:00,12.4,77,8.4,0,37,4.03,253,163,1005.4,1
2025-10-28T10:00,12.8,69,7.3,0,56,4.49,249,288,1005.5,1
2025-10-28T11:00,13.3,65,7,0,62,4.81,253,355,1005.5,1
2025-10-28T12:00,14.2,61,6.8,0,82,5.83,264,386,1005.5,1
2025-10-28T13:00,14.1,58,6.1,0,88,5.12,258,320,1005.2,1
2025-10-28T14:00,14.4,56,5.7,0,90,5.36,256,277,1004.9,1
2025-10-28T15:00,13.9,60,6.3,0,27,4.31,248,176,1005.1,1
2025-10-28T16:00,13.3,63,6.4,0,26,3.94,250,100,1005.3,1
2025-10-28T17:00,12.5,68,6.7,0,55,3.31,241,12,1005.3,0
2025-10-28T18:00,11.9,73,7.2,0,91,3.08,234,0,1005.5,0
2025-10-28T19:00,11.6,77,7.6,0,99,3.16,229,0,1005.7,0
2025-10-28T20:00,11.3,78,7.5,0,99,3.5,227,0,1005.6,0
2025-10-28T21:00,11.3,75,7,0,99,3.47,229,0,1005.3,0
2025-10-28T22:00,11.3,75,7,0,100,3.57,227,0,1004.9,0
2025-10-28T23:00,11.4,79,7.9,0,100,3.68,225,0,1004.7,0
2025-10-29T00:00,11.6,86,9.4,0,100,3.48,219,0,1003.6,0
2025-10-29T01:00,11.7,89,10,0,100,3.85,218,0,1003.2,0
2025-10-29T02:00,12,88,10,0,100,4.15,221,0,1002.7,0
2025-10-29T03:00,11.8,88,9.9,0,100,3.69,220,0,1001.8,0
2025-10-29T04:00,11.6,88,9.7,0,100,3.8,220,0,1001.4,0
2025-10-29T05:00,11.5,89,9.7,0,100,3.57,217,0,1000.8,0
2025-10-29T06:00,11.3,88,9.3,0,100,3.19,220,0,1000.2,0
2025-10-29T07:00,11.1,89,9.4,0,100,2.83,225,0,999.9,1
2025-10-29T08:00,11.4,88,9.6,0,100,2.65,227,27,999.9,1
2025-10-29T09:00,11.9,88,9.9,0,100,2.04,216,57,999.6,1
2025-10-29T10:00,12.4,88,10.4,0.1,100,1.72,206,81,998.8,1
2025-10-29T11:00,12.5,88,10.6,0.4,100,2.62,220,87,998.4,1
2025-10-29T12:00,11.8,93,10.7,0.5,100,1.7,220,63,997.5,1
2025-10-29T13:00,11.6,96,11.1,2,100,1.71,218,54,996.7,1
2025-10-29T14:00,11.5,97,11.1,0.6,100,1.77,248,51,996.1,1
2025-10-29T15:00,11.1,94,10.2,0.4,100,1.86,275,28,995.7,1
2025-10-29T16:00,11.1,94,10.1,0.1,100,1.71,275,18,995.7,1
2025-10-29T17:00,10.7,92,9.5,0.2,100,2.11,274,3,996,0
2025-10-29T18:00,10,94,9.1,0.1,100,2.28,261,0,996.6,0
2025-10-29T19:00,9.8,94,8.9,0.2,100,2.56,258,0,996.9,0
2025-10-29T20:00,9.5,93,8.5,0.1,13,3.3,268,0,997,0
2025-10-29T21:00,8.6,94,7.7,0,0,3.21,266,0,997.8,0
2025-10-29T22:00,7.7,94,6.8,0,0,3.21,255,0,998.6,0
2025-10-29T23:00,7.1,92,5.9,0,0,3.3,248,0,999.1,0
2025-10-30T00:00,7.3,84,4.9,0,0,3.75,251,0,999.8,0
2025-10-30T01:00,7.2,84,4.7,0,0,3.43,254,0,1000.7,0
2025-10-30T02:00,7.1,84,4.6,0,0,3.26,255,0,1001.5,0
2025-10-30T03:00,6.8,86,4.6,0,49,2.8,246,0,1002.1,0
2025-10-30T04:00,6.4,88,4.6,0,38,3.05,235,0,1003,0
2025-10-30T05:00,6.2,89,4.6,0,25,3.01,238,0,1003.9,0
2025-10-30T06:00,5.9,90,4.3,0,38,2.87,239,0,1004.7,0
2025-10-30T07:00,5.6,90,4.2,0,3,2.13,231,0,1005.4,1
2025-10-30T08:00,6,91,4.6,0,35,2.26,227,52,1006.3,1
2025-10-30T09:00,7.4,89,5.7,0,62,1.77,223,166,1007.1,1
2025-10-30T10:00,9.3,84,6.7,0,95,0.8,184,280,1006.9,1
2025-10-30T11:00,11.2,79,7.7,0,96,1.2,178,330,1006.9,1
2025-10-30T12:00,12.1,76,8,0,100,1.69,146,326,1006.8,1
2025-10-30T13:00,12.8,74,8.2,0,100,2.23,140,199,1006.3,1
2025-10-30T14:00,12.9,74,8.3,0,100,3.69,193,169,1006.1,1
2025-10-30T15:00,12.4,71,7.4,0,100,3.85,189,103,1006.1,1
2025-10-30T16:00,11.8,71,6.7,0,100,3.19,171,60,1005.7,1
2025-10-30T17:00,11.3,72,6.4,0,100,3.03,171,8,1005.6,0
2025-10-30T18:00,11.1,76,7.1,0,100,3.47,157,0,1005.3,0
2025-10-30T19:00,11.1,78,7.4,0,100,3.96,155,0,1004.6,0
2025-10-30T20:00,11.3,76,7.3,0,100,4.35,163,0,1003.9,0
2025-10-30T21:00,11.7,77,7.7,0,100,4.35,158,0,1003.3,0
2025-10-30T22:00,12.1,82,9.2,0,100,4.92,170,0,1002.7,0
2025-10-30T23:00,12.8,83,10,0,100,5.71,177,0,1002.1,0
2025-10-31T00:00,13.5,82,10.4,0.4,100,5.46,177,0,1001.5,0
2025-10-31T01:00,13.8,82,10.8,0.1,100,5.45,182,0,1001.5,0
2025-10-31T02:00,13.6,85,11.2,0.3,100,5.33,186,0,1001.4,0
2025-10-31T03:00,13.7,86,11.4,0,100,5.32,192,0,1001.1,0
2025-10-31T04:00,13.8,87,11.6,0,100,4.76,192,0,1001.1,0
2025-10-31T05:00,13.9,87,11.8,0,100,4.5,195,0,1001,0
2025-10-31T06:00,14.1,89,12.3,0,100,3.74,192,0,1000.9,0
2025-10-31T07:00,14.1,88,12.2,0,100,4.04,192,0,1001.1,1
2025-10-31T08:00,14.3,87,12.2,0,100,3.87,185,27,1001.3,1
2025-10-31T09:00,14.5,87,12.4,0,99,3.88,173,104,1001.1,1
2025-10-31T10:00,15,86,12.6,0.1,100,4.93,186,140,1000.8,1
2025-10-31T11:00,15.7,82,12.7,0.1,100,5.61,184,272,1000.4,1
2025-10-31T12:00,15.5,83,12.6,0.2,100,5.4,182,165,999.9,1
2025-10-31T13:00,15.7,82,12.7,0.3,82,6.28,186,123,999.3,1
2025-10-31T14:00,15.2,84,12.6,1.3,100,6.31,195,152,999,1
2025-10-31T15:00,15.3,82,12.3,0.1,30,5.8,197,40,998.7,1
2025-10-31T16:00,15.4,80,11.9,0,74,5.17,197,66,998.5,1
2025-10-31T17:00,14.5,86,12.2,0.4,87,5.62,201,6,999,0
2025-10-31T18:00,15.2,84,12.5,0.2,81,5.96,197,0,999.2,0
2025-10-31T19:00,14.6,84,11.9,0.1,98,5.49,193,0,999.4,0
2025-10-31T20:00,14.7,87,12.5,0.3,37,5.89,195,0,999,0
2025-10-31T21:00,15.3,82,12.3,0.3,53,5.48,190,0,998.5,0
2025-10-31T22:00,14.6,83,11.7,0,81,5.88,186,0,998.5,0
2025-10-31T23:00,14.6,86,12.2,0.2,99,5.66,188,0,997.8,0
2025-11-01T00:00,15.8,80,12.4,0.1,42,6.52,188,0,997,0
2025-11-01T01:00,14.9,82,11.9,0.3,92,7.2,200,0,996.6,0
2025-11-01T02:00,13.8,90,12.3,1,100,7.19,198,0,996.5,0
2025-11-01T03:00,14.2,89,12.4,0.3,100,6.46,205,0,996,0
2025-11-01T04:00,14.2,82,11.2,0.1,100,6.26,219,0,996.3,0
2025-11-01T05:00,13,83,10.2,1,100,5.55,218,0,997,0
2025-11-01T06:00,12.2,90,10.5,0.6,100,5.02,215,0,996.7,0
2025-11-01T07:00,12.3,85,9.8,0,100,5,217,0,997,1
2025-11-01T08:00,12.2,84,9.5,0,94,5.11,217,26,997.9,1
2025-11-01T09:00,12.7,81,9.6,0,2,3.5,211,145,998.7,1
2025-11-01T10:00,13.4,72,8.6,0,3,4.9,219,278,999.3,1
2025-11-01T11:00,13.8,66,7.7,0,17,6.09,236,349,1000,1
2025-11-01T12:00,14.9,60,7.2,0,17,5.36,239,353,1000.6,1
2025-11-01T13:00,14.7,60,7.1,0,8,4.85,235,333,1000.8,1
2025-11-01T14:00,14.8,58,6.7,0,41,4.97,230,288,1001,1
2025-11-01T15:00,14.2,63,7.3,0,93,4.32,223,193,1001.6,1
2025-11-01T16:00,11.5,82,8.4,0.4,100,4.21,223,64,1002.7,1
2025-11-01T17:00,10.8,85,8.5,0.5,84,3.78,223,5,1003,0
2025-11-01T18:00,10.9,87,8.9,0.2,83,3.13,219,0,1003.3,0
2025-11-01T19:00,10.6,89,8.9,0,87,3.32,226,0,1003.7,0
2025-11-01T20:00,10,91,8.5,0,35,3.04,228,0,1004.1,0
2025-11-01T21:00,9.6,91,8.2,0,4,3.39,226,0,1004.4,0
2025-11-01T22:00,9.5,89,7.7,0,5,3.43,233,0,1004.9,0
2025-11-01T23:00,9,88,7.2,0,1,3.12,229,0,1005,0
2025-11-02T00:00,8.3,89,6.6,0,3,2.91,229,0,1005,0
2025-11-02T01:00,7.8,89,6.1,0,45,2.69,211,0,1005,0
2025-11-02T02:00,7.6,87,5.5,0,58,2.82,207,0,1005,0
2025-11-02T03:00,7.7,85,5.3,0,90,2.72,187,0,1004.1,0
2025-11-02T04:00,8.2,83,5.4,0,85,3.05,180,0,1003.5,0
2025-11-02T05:00,8.7,80,5.4,0,95,3.05,190,0,1003.3,0
2025-11-02T06:00,9.2,81,6.1,1.3,100,3.94,209,0,1003.3,0
2025-11-02T07:00,8.5,90,6.9,0.8,100,2.82,205,0,1003.2,1
2025-11-02T08:00,8.6,93,7.5,1.1,100,1.98,201,8,1003.4,1
2025-11-02T09:00,9.1,93,8,0.3,85,2.77,236,49,1003.5,1
2025-11-02T10:00,10.1,87,8,0.2,30,3.97,256,217,1003.9,1
2025-11-02T11:00,10.6,81,7.5,0.1,12,4.1,268,285,1004.8,1
2025-11-02T12:00,11.3,72,6.4,0,19,3.55,270,359,1005.5,1
2025-11-02T13:00,12,64,5.3,0,9,3.95,268,336,1006.1,1
2025-11-02T14:00,12.2,59,4.5,0,9,3.87,259,287,1006.8,1
2025-11-02T15:00,12,60,4.6,0,18,3.06,259,194,1007.3,1
2025-11-02T16:00,11.3,65,4.9,0,30,3.09,243,87,1008,1
2025-11-02T17:00,10.3,72,5.5,0,17,3.15,243,6,1008.8,0
2025-11-02T18:00,9.3,77,5.5,0,0,2.89,240,0,1009.6,0
2025-11-02T19:00,8.7,80,5.4,0,2,3.04,243,0,1010.3,0
2025-11-02T20:00,8.3,82,5.4,0,0,3.06,244,0,1010.9,0
2025-11-02T21:00,7.9,83,5.3,0,12,2.91,235,0,1011.5,0
2025-11-02T22:00,7.5,85,5.1,0,59,3.01,228,0,1011.9,0
2025-11-02T23:00,7.4,84,4.9,0,13,3.11,222,0,1011.6,0
2025-11-03T00:00,7.5,83,4.8,0,26,2.97,224,0,1011.7,0
2025-11-03T01:00,7.8,84,5.3,0,91,3.09,219,0,1011.8,0
2025-11-03T02:00,8.7,87,6.7,0,99,3.56,218,0,1011.3,0
2025-11-03T03:00,9.7,87,7.6,0,100,3.76,216,0,1010.6,0
2025-11-03T04:00,10.7,85,8.3,0,100,4.4,220,0,1010.6,0
2025-11-03T05:00,11.7,86,9.5,0,100,4.87,214,0,1010.2,0
2025-11-03T06:00,12.4,87,10.3,0,100,4.58,216,0,1010.2,0
2025-11-03T07:00,12.6,89,10.9,1.2,100,5.27,222,0,1010.2,1
2025-11-03T08:00,13,89,11.2,0.1,98,5.52,218,9,1010.1,1
2025-11-03T09:00,13.8,85,11.4,0,100,5.74,221,107,1010.5,1
2025-11-03T10:00,14.4,84,11.6,0,99,5.49,222,134,1010.3,1
2025-11-03T11:00,15.2,82,12.1,0,98,4.94,216,245,1010.5,1
2025-11-03T12:00,15.7,80,12.3,0,98,5.56,222,286,1010.5,1
2025-11-03T13:00,15.9,75,11.6,0,100,5.69,223,233,1010.2,1
2025-11-03T14:00,15.7,76,11.4,0,100,5.48,223,208,1010.3,1
2025-11-03T15:00,15.2,79,11.5,0,97,5.29,217,149,1010.2,1
2025-11-03T16:00,14.6,82,11.5,0,62,5.34,218,62,1010.5,1
2025-11-03T17:00,14.3,83,11.5,0,46,5.38,218,4,1010.9,0
2025-11-03T18:00,14.5,86,12.2,0,56,5.25,217,0,1011.3,0
2025-11-03T19:00,14.5,85,12,0,30,5.18,217,0,1011.6,0
2025-11-03T20:00,14.2,85,11.8,0,18,5.53,215,0,1011.5,0
2025-11-03T21:00,14.1,85,11.7,0,96,5.62,214,0,1011.5,0
2025-11-03T22:00,14.2,86,11.8,0,100,5.66,216,0,1011.5,0
2025-11-03T23:00,14.2,86,11.9,0,100,5.53,217,0,1011.5,0
2025-11-04T00:00,14.5,85,12,0,99,5.35,213,0,1011.2,0
2025-11-04T01:00,14.4,86,12.1,0,100,5.23,214,0,1011.2,0
2025-11-04T02:00,14.1,87,12.1,0,100,4.99,213,0,1011.4,0
2025-11-04T03:00,14,87,11.9,0,100,4.86,210,0,1011.1,0
2025-11-04T04:00,13.9,87,11.7,0,100,4.99,209,0,1011.1,0
2025-11-04T05:00,13.6,86,11.3,0,100,4.81,208,0,1011.1,0
2025-11-04T06:00,13.8,86,11.6,0,100,4.21,204,0,1011.1,0
2025-11-04T07:00,13.6,87,11.5,0,100,4.08,197,0,1011,1
2025-11-04T08:00,13.7,87,11.7,0,100,4.22,194,20,1011,1
2025-11-04T09:00,14.2,85,11.8,0,84,3.89,196,107,1010.9,1
2025-11-04T10:00,15,82,12,0,96,5.08,195,210,1010.6,1
2025-11-04T11:00,15.2,80,11.8,0,100,5.11,192,257,1010.4,1
2025-11-04T12:00,14.7,81,11.5,0,96,3.7,182,116,1009.4,1
2025-11-04T13:00,15.1,79,11.5,0,21,3.7,180,201,1008.8,1
2025-11-04T14:00,15.4,77,11.4,0,76,3.8,178,286,1008.2,1
2025-11-04T15:00,14.9,79,11.2,0,99,3.47,168,159,1007.9,1
2025-11-04T16:00,14.3,77,10.4,0,28,3.95,178,52,1007.6,1
2025-11-04T17:00,13.7,78,9.9,0,68,4.05,183,4,1007.5,0
2025-11-04T18:00,14.1,81,10.8,0,100,4.54,188,0,1007.5,0
2025-11-04T19:00,14.5,82,11.4,0,100,4.71,189,0,1007.5,0
2025-11-04T20:00,14.9,83,12,0,100,4.12,194,0,1007.5,0
2025-11-04T21:00,14.9,83,12.1,0,91,4.29,188,0,1007,0
2025-11-04T22:00,15.3,80,11.8,0,100,5.2,191,0,1006.8,0
2025-11-04T23:00,15.8,75,11.3,0,100,5.47,192,0,1006.8,0
2025-11-05T00:00,15.9,76,11.6,0,76,5.25,198,0,1006.9,0
2025-11-05T01:00,15.9,77,11.8,0,36,4.77,203,0,1007,0
2025-11-05T02:00,15.5,78,11.6,0,28,4.03,205,0,1007.2,0
2025-11-05T03:00,15.1,77,11.1,0,100,3.75,196,0,1007.3,0
2025-11-05T04:00,15.2,76,11,0,100,3.81,185,0,1007.1,0
2025-11-05T05:00,15.2,76,11.1,0,63,3.96,177,0,1007.1,0
2025-11-05T06:00,14.7,81,11.4,0,100,3.63,172,0,1007,0
2025-11-05T07:00,14.5,81,11.3,0,100,3.43,167,0,1007,0
2025-11-05T08:00,14.8,79,11.2,0,100,4.05,180,15,1007.1,1
2025-11-05T09:00,15.2,77,11.2,0,100,4.36,176,40,1006.9,1
2025-11-05T10:00,15.6,76,11.3,0,98,4.55,171,87,1006.8,1
2025-11-05T11:00,16.3,74,11.7,0,100,3.98,165,187,1006.3,1
2025-11-05T12:00,16.4,74,11.7,0,92,2.86,164,187,1005.6,1
2025-11-05T13:00,17.2,71,11.8,0,100,3.25,170,313,1005.9,1
2025-11-05T14:00,16.5,71,11.2,0,100,3.42,168,117,1005.6,1
2025-11-05T15:00,16.1,72,10.9,0,100,3.23,164,79,1005,1
2025-11-05T16:00,15.6,73,10.8,0,100,3.28,164,52,1004.8,1
2025-11-05T17:00,15.5,72,10.6,0,98,3.85,171,2,1005.2,0
2025-11-05T18:00,15.4,75,10.9,0.1,100,2.85,158,0,1004.9,0
2025-11-05T19:00,15.3,75,10.9,0,96,2.73,154,0,1004.7,0
2025-11-05T20:00,15,75,10.7,0,99,3.34,161,0,1004.7,0
2025-11-05T21:00,14.9,73,10.2,0,93,3.69,164,0,1004.5,0
2025-11-05T22:00,14.8,73,9.9,0,98,3.75,161,0,1004.4,0
2025-11-05T23:00,14.7,72,9.8,0,99,3.96,152,0,1004,0
2025-11-06T00:00,14.7,74,10.2,0,100,3.44,159,0,1004,0
2025-11-06T01:00,14.6,76,10.4,0,100,3.11,161,0,1003.7,0
2025-11-06T02:00,14.7,77,10.8,0,100,3.13,163,0,1003.7,0
2025-11-06T03:00,14.9,79,11.2,0,100,2.86,168,0,1003.6,0
2025-11-06T04:00,15,79,11.4,0,100,2.77,167,0,1003.4,0
2025-11-06T05:00,15,80,11.5,0,94,2.96,168,0,1003.3,0
2025-11-06T06:00,14.8,82,11.8,0,100,3.05,170,0,1003.2,0
2025-11-06T07:00,14.2,88,12.2,0.9,100,2.94,170,0,1003.6,0
2025-11-06T08:00,14.1,91,12.6,0,100,2.83,163,11,1004.1,1
2025-11-06T09:00,14.4,92,13.1,0.1,100,2.58,165,31,1004.3,1
2025-11-06T10:00,14.8,90,13.2,0.1,100,3.15,170,67,1004.3,1
2025-11-06T11:00,15.2,89,13.4,0,100,3.06,169,104,1004.2,1
2025-11-06T12:00,15.5,91,14.1,0,100,2.01,176,159,1004.2,1
2025-11-06T13:00,16.4,88,14.5,0,100,2.15,177,229,1003.9,1
2025-11-06T14:00,16.6,85,14,0,100,1.55,165,161,1003.7,1
2025-11-06T15:00,16.4,85,13.9,0,100,1.68,157,109,1003.7,1
2025-11-06T16:00,15.7,87,13.6,0,76,1.88,155,44,1003.8,1
2025-11-06T17:00,14.6,90,13.1,0,73,1.88,163,3,1004.1,0
2025-11-06T18:00,14.9,93,13.7,0,100,1.61,164,0,1004.8,0
2025-11-06T19:00,14.8,93,13.8,0,100,2.02,171,0,1005,0
2025-11-06T20:00,14.8,94,13.8,0,100,1.69,168,0,1005,0
2025-11-06T21:00,14.7,94,13.7,0,100,1.44,160,0,1004.9,0
2025-11-06T22:00,14.5,94,13.6,0,100,1.5,143,0,1004.7,0
2025-11-06T23:00,14.2,95,13.3,0,33,1.72,144,0,1004.5,0
2025-11-07T00:00,12.8,98,12.4,0,3,1.28,159,0,1004.7,0
2025-11-07T01:00,12.6,99,12.4,0,99,1.39,165,0,1004.7,0
2025-11-07T02:00,12.6,99,12.4,0,100,1.4,184,0,1004.6,0
2025-11-07T03:00,12.1,100,12.1,0,100,0.98,165,0,1004.2,0
2025-11-07T04:00,12.4,100,12.3,0,100,1.52,139,0,1004.3,0
2025-11-07T05:00,12.4,100,12.3,0,100,1.79,126,0,1004.1,0
2025-11-07T06:00,12.9,98,12.6,0,100,1.87,136,0,1003.9,0
2025-11-07T07:00,12.8,99,12.6,0,100,1.76,125,0,1003.9,0
2025-11-07T08:00,12.9,99,12.8,0,100,3.25,134,15,1003.9,1
2025-11-07T09:00,13.7,96,13,0,99,3.25,136,40,1003.9,1
2025-11-07T10:00,14.5,91,13.1,0,100,3.54,144,109,1003.5,1
2025-11-07T11:00,14.9,88,12.9,0.1,76,3.24,155,143,1003.3,1
2025-11-07T12:00,14.5,88,12.5,0.2,100,3.15,155,172,1003.3,1
2025-11-07T13:00,14.7,86,12.3,0,44,2.76,168,97,1003.1,1
2025-11-07T14:00,15,81,11.7,0,59,3.22,173,170,1002.9,1
2025-11-07T15:00,14.7,81,11.6,0,77,2.89,171,149,1003.1,1
2025-11-07T16:00,13.9,85,11.4,0,84,2.78,172,59,1003.2,1
2025-11-07T17:00,13.1,89,11.4,0,25,2.83,163,2,1003.5,0
2025-11-07T18:00,12.9,92,11.7,0,41,2.97,153,0,1003.9,0
2025-11-07T19:00,12.6,93,11.5,0,16,2.66,146,0,1004.3,0
2025-11-07T20:00,12.4,92,11.2,0,20,2.92,149,0,1004.5,0
2025-11-07T21:00,12.6,92,11.3,0,99,2.76,145,0,1004.8,0
2025-11-07T22:00,12.9,91,11.4,0,100,2.59,140,0,1004.8,0
2025-11-07T23:00,12.7,89,11,1.4,100,3.22,144,0,1004.6,0
2025-11-08T00:00,13.2,94,12.3,1.5,100,3.35,171,0,1004.8,0
2025-11-08T01:00,13.2,96,12.5,0,100,2.89,190,0,1005.2,0
2025-11-08T02:00,13.1,96,12.5,0,100,2.55,200,0,1005.9,0
2025-11-08T03:00,13.1,97,12.6,0,100,2.37,208,0,1006.2,0
2025-11-08T04:00,13,97,12.5,0,100,2.1,208,0,1006.6,0
2025-11-08T05:00,12.7,97,12.3,0,100,2.15,216,0,1007.6,0
2025-11-08T06:00,11.8,96,11.2,0,100,2.49,248,0,1008.5,0
2025-11-08T07:00,11.4,95,10.7,0,100,2.45,253,0,1009.3,0
2025-11-08T08:00,11.2,94,10.3,0,100,2.44,247,10,1010.3,1
2025-11-08T09:00,11.3,91,9.9,0,100,1.99,245,54,1010.9,1
2025-11-08T10:00,11.6,88,9.7,0,100,2.35,243,117,1011.5,1
2025-11-08T11:00,11.8,87,9.6,0,100,2.58,248,140,1011.8,1
2025-11-08T12:00,13,83,10.2,0,95,2.77,264,154,1011.8,1
2025-11-08T13:00,13.7,77,9.7,0,64,3.18,263,232,1012,1
2025-11-08T14:00,14.1,73,9.3,0,30,2.72,257,187,1012.2,1
2025-11-08T15:00,14.1,73,9.4,0,31,1.85,251,144,1012.4,1
2025-11-08T16:00,13.4,76,9.3,0,10,2.06,247,63,1012.9,1
2025-11-08T17:00,12.4,81,9.1,0,1,2.34,254,2,1013.4,0
2025-11-08T18:00,11.5,80,8.2,0,0,2.24,260,0,1014.1,0
2025-11-08T19:00,10.9,82,7.9,0,0,2.15,252,0,1014.4,0
2025-11-08T20:00,10.2,84,7.7,0,0,2.13,246,0,1014.8,0
2025-11-08T21:00,9.6,86,7.5,0,0,2,238,0,1015.3,0
2025-11-08T22:00,9.1,89,7.3,0,5,2.13,240,0,1015.3,0
2025-11-08T23:00,8.7,90,7.2,0,1,1.92,242,0,1015.4,0
2025-11-09T00:00,7.9,91,6.5,0,0,1.57,233,0,1015.6,0
2025-11-09T01:00,7.5,93,6.4,0,0,1.73,224,0,1015.5,0
2025-11-09T02:00,7.2,94,6.3,0,0,1.73,224,0,1015.4,0
2025-11-09T03:00,7,94,6.1,0,0,1.91,225,0,1015.1,0
2025-11-09T04:00,6.9,94,5.9,0,0,1.9,210,0,1014.8,0
2025-11-09T05:00,6.9,93,5.9,0,0,1.98,221,0,1015,0
2025-11-09T06:00,6.6,93,5.5,0,0,1.52,207,0,1015,0
2025-11-09T07:00,5.2,95,4.5,0,5,1.42,198,0,1015,0
2025-11-09T08:00,7.2,92,6.1,0,2,1.75,180,22,1015.1,1
2025-11-09T09:00,9.5,87,7.5,0,61,2.51,167,121,1014.8,1
2025-11-09T10:00,11.2,87,9.2,0,52,2.53,150,223,1014.6,1
2025-11-09T11:00,13,81,9.8,0,100,2.1,180,296,1014.4,1
2025-11-09T12:00,14,76,9.8,0,100,3.48,196,319,1013.8,1
2025-11-09T13:00,13.6,77,9.6,0,99,3.57,191,193,1013.4,1
2025-11-09T14:00,13.5,77,9.5,0,100,3.3,190,171,1012.7,1
2025-11-09T15:00,13.2,77,9.3,0,100,3.11,185,102,1012.3,1
2025-11-09T16:00,12.8,81,9.6,0,67,3.15,181,26,1012,1
2025-11-09T17:00,12.1,87,10,0,99,3.3,178,1,1011.7,0
2025-11-09T18:00,12.2,89,10.5,0,73,3.34,171,0,1011.4,0
2025-11-09T19:00,12,90,10.4,0,100,3.75,171,0,1011.1,0
2025-11-09T20:00,12.3,90,10.7,0,100,3.74,172,0,1010.5,0
2025-11-09T21:00,12.6,89,10.8,0,100,4.01,170,0,1009.9,0
2025-11-09T22:00,12.7,87,10.6,0,100,4.42,174,0,1009.5,0
2025-11-09T23:00,12.8,87,10.6,0,100,4.5,179,0,1008.9,0
2025-11-10T00:00,13,87,10.9,0,100,5.1,179,0,1008.1,0
2025-11-10T01:00,12.9,87,10.8,0.1,100,4.66,176,0,1007.4,0
2025-11-10T02:00,12.8,90,11.2,0.1,100,4.86,183,0,1006.9,0
2025-11-10T03:00,12.8,90,11.3,0.2,100,4.85,179,0,1006.2,0
2025-11-10T04:00,12.9,90,11.3,0.1,100,4.8,182,0,1005.6,0
2025-11-10T05:00,13,89,11.2,0.1,100,4.88,186,0,1005.1,0
2025-11-10T06:00,12.9,92,11.6,0.1,100,4.71,202,0,1005.1,0
2025-11-10T07:00,12.7,91,11.3,0.2,98,4.24,197,0,1004.8,0
2025-11-10T08:00,12.7,91,11.3,0,100,3.46,185,8,1004.6,1
2025-11-10T09:00,12.9,91,11.4,0,100,3.23,172,42,1004.2,1
2025-11-10T10:00,12.7,91,11.4,0.6,100,3.54,161,32,1003.5,1
2025-11-10T11:00,12.7,91,11.3,0.7,100,4.46,176,30,1002.9,1
2025-11-10T12:00,13.2,89,11.5,0.8,100,4.53,164,56,1001.6,1
2025-11-10T13:00,12.9,89,11.1,0.6,100,5.14,199,42,1001.1,1
2025-11-10T14:00,12.3,90,10.8,1.6,100,4.09,205,49,1001,1
2025-11-10T15:00,11.5,92,10.2,0.6,100,4.41,215,28,1000.8,1
2025-11-10T16:00,11.5,89,9.8,0,58,4.13,215,25,1001.1,1
2025-11-10T17:00,10.7,90,9.2,0,34,3.36,217,1,1001.5,0
2025-11-10T18:00,9.8,91,8.4,0,99,2.46,232,0,1002.3,0
2025-11-10T19:00,10,92,8.8,0,6,3.64,226,0,1002.8,0
2025-11-10T20:00,9.5,91,8.1,0,0,3.61,233,0,1003.1,0
2025-11-10T21:00,9,92,7.8,0,8,3.11,228,0,1003.9,0
2025-11-10T22:00,8.7,93,7.6,0,0,3.22,224,0,1004.4,0
2025-11-10T23:00,8.5,91,7.2,0,30,3.11,228,0,1004.8,0
2025-11-11T00:00,8.6,89,6.9,0,25,2.86,224,0,1005.2,0
2025-11-11T01:00,8.4,89,6.8,0,100,2.9,222,0,1005.5,0
2025-11-11T02:00,8.4,89,6.7,0,38,2.43,217,0,1005.5,0
2025-11-11T03:00,8.3,89,6.7,0,69,2.37,198,0,1005.3,0
2025-11-11T04:00,8.7,88,6.8,0,68,2.57,187,0,1005.1,0
2025-11-11T05:00,9.4,85,7,0,100,2.75,181,0,1005,0
2025-11-11T06:00,10.4,88,8.5,0,100,3.74,192,0,1005.3,0
2025-11-11T07:00,11.2,89,9.5,0,100,3.72,185,0,1005.1,0
2025-11-11T08:00,11.6,89,9.8,0,99,4.11,183,15,1005,1
2025-11-11T09:00,12.6,88,10.7,0,100,4.2,183,83,1004.8,1
2025-11-11T10:00,13.6,86,11.3,0,98,3.99,192,138,1004.6,1
2025-11-11T11:00,14.3,82,11.3,0,100,6,195,199,1004.8,1
2025-11-11T12:00,14.2,85,11.8,0,100,3.67,185,226,1004.4,1
2025-11-11T13:00,14.4,84,11.8,0,100,4.58,194,152,1004.1,1
2025-11-11T14:00,14.4,82,11.4,0,100,4.92,185,69,1003.3,1
2025-11-11T15:00,14.5,83,11.7,0,99,5.12,186,128,1003.1,1
2025-11-11T16:00,14.2,84,11.6,0,100,5,178,42,1002.8,1
2025-11-11T17:00,14.1,82,11.1,0,100,5.25,178,1,1002.7,0
2025-11-11T18:00,14.3,81,11.1,0,100,5.55,178,0,1002.4,0
2025-11-11T19:00,14.7,79,11.2,0,100,5.6,179,0,1002.3,0
2025-11-11T20:00,14.8,80,11.4,0.2,100,5.9,182,0,1002,0
2025-11-11T21:00,14.6,81,11.5,0.2,100,5.55,182,0,1002,0
2025-11-11T22:00,14.6,80,11.2,0.6,100,5.93,186,0,1001.8,0
2025-11-11T23:00,14.4,81,11.1,0.5,100,6.55,192,0,1001.6,0
2025-11-12T00:00,14.1,86,11.8,0,100,5.95,197,0,1001.5,0
2025-11-12T01:00,14.6,83,11.7,0,100,5.82,203,0,1001.6,0
2025-11-12T02:00,14.8,83,11.9,0.1,100,4.86,209,0,1001.5,0
2025-11-12T03:00,14.7,84,12,0.1,100,4.45,205,0,1001.6,0
2025-11-12T04:00,14.4,86,12,0.1,99,4.49,199,0,1001.6,0
2025-11-12T05:00,14.2,84,11.5,0,99,3.55,190,0,1001.7,0
2025-11-12T06:00,14.1,83,11.2,0,100,3.47,192,0,1001.8,0
2025-11-12T07:00,14.1,81,11,0,100,3.4,183,0,1002,0
2025-11-12T08:00,14.1,81,10.9,0,100,3.75,182,9,1002.2,1
2025-11-12T09:00,14.5,79,10.9,0,100,3.99,188,76,1002.4,1
2025-11-12T10:00,14.7,79,11,0,100,4.46,189,103,1002.4,1
2025-11-12T11:00,15.2,79,11.6,0,100,3.52,186,183,1002.2,1
2025-11-12T12:00,15.8,77,11.9,0,97,3.22,187,186,1002.1,1
2025-11-12T13:00,16.4,76,12.2,0,98,3.52,187,281,1001.9,1
2025-11-12T14:00,16.1,77,12.1,0,100,3.43,188,223,1001.6,1
2025-11-12T15:00,15.5,79,11.9,0,100,3.25,183,132,1001.6,1
2025-11-12T16:00,14.6,80,11.2,0,100,3.3,182,44,1001.5,1
2025-11-12T17:00,13.9,82,10.8,0,100,3,182,1,1001.7,0
2025-11-12T18:00,13.6,84,10.9,0,94,3.28,172,0,1001.9,0
2025-11-12T19:00,13.2,83,10.3,0,97,3.27,174,0,1001.4,0
2025-11-12T20:00,13.2,81,10.1,0,59,3.65,179,0,1000.9,0
2025-11-12T21:00,13.4,81,10.2,0,90,3.72,185,0,1001.3,0
2025-11-12T22:00,13.4,81,10.2,0,75,3.53,187,0,1001.3,0
2025-11-12T23:00,13.2,83,10.4,0,98,3.2,190,0,1001.3,0
2025-11-13T00:00,13.7,83,11,0,95,3.4,200,0,1000.7,0
2025-11-13T01:00,13.8,84,11.1,0,72,3.9,203,0,1000.5,0
2025-11-13T02:00,14,84,11.3,0,100,4.04,214,0,1000.6,0
2025-11-13T03:00,14.3,84,11.6,0,73,4.35,223,0,1001.3,0
2025-11-13T04:00,14.1,85,11.6,0,62,4.21,225,0,1001.6,0
2025-11-13T05:00,13.8,85,11.4,0,69,4.31,224,0,1002.2,0
2025-11-13T06:00,13.9,87,11.7,0,99,4.11,221,0,1002.2,0
2025-11-13T07:00,13.6,89,11.8,0,100,3.93,223,0,1003.4,0
2025-11-13T08:00,13.6,90,12,0,100,3.5,228,11,1004.5,1
2025-11-13T09:00,14,90,12.4,0,100,3.25,226,65,1005.2,1
2025-11-13T10:00,14.7,88,12.6,0,55,3.42,232,125,1005.7,1
2025-11-13T11:00,15.7,80,12.2,0,59,3.76,234,238,1006.4,1
2025-11-13T12:00,16.4,73,11.6,0,41,3.18,233,270,1006.2,1
2025-11-13T13:00,16.7,70,11.2,0,57,2.66,229,276,1006.4,1
2025-11-13T14:00,16.7,69,11,0,83,1.7,223,220,1006,1
2025-11-13T15:00,16.3,74,11.6,0,100,0.72,155,141,1005.9,1
2025-11-13T16:00,15.3,78,11.4,0,100,1.46,112,43,1005.8,1
2025-11-13T17:00,14.4,83,11.5,0.5,100,1.27,116,0,1005.7,0
2025-11-13T18:00,14.5,84,11.9,0.1,100,2.07,98,0,1005.1,0
2025-11-13T19:00,14.3,87,12.2,0.2,100,2.46,119,0,1005.3,0
2025-11-13T20:00,13.6,94,12.7,1.7,100,2.11,126,0,1005.4,0
2025-11-13T21:00,13.2,96,12.5,1.6,100,2.25,86,0,1004.7,0
2025-11-13T22:00,13,97,12.5,0.5,100,2.7,71,0,1004.1,0
2025-11-13T23:00,12.7,97,12.3,0.1,100,3,75,0,1003.5,0
2025-11-14T00:00,12.4,97,12,0.3,100,3.54,71,0,1003.6,0
2025-11-14T01:00,12.5,97,12.1,1.3,100,3.58,75,0,1002.6,0
2025-11-14T02:00,12.4,98,12.1,1.1,100,3.88,83,0,1002.2,0
2025-11-14T03:00,12.4,98,12.1,0.2,100,3.66,85,0,1001.4,0
2025-11-14T04:00,12.6,98,12.3,0.2,100,3.42,84,0,1000.5,0
2025-11-14T05:00,12.6,98,12.2,0.4,100,2.9,91,0,1000.3,0
2025-11-14T06:00,12.4,98,12.1,0.9,100,2.53,81,0,999.9,0
2025-11-14T07:00,12.5,97,12.1,0.1,100,2.42,83,0,999.8,0
2025-11-14T08:00,12.6,97,12.2,0,100,2.4,86,4,999.9,1
2025-11-14T09:00,13.1,96,12.5,0,100,2.41,84,43,999.8,1
2025-11-14T10:00,13.3,97,12.8,0.6,100,2.27,82,37,999.6,1
2025-11-14T11:00,13.3,96,12.8,1.7,100,2.72,84,19,999.1,1
2025-11-14T12:00,13.2,97,12.7,0.6,100,2.5,70,27,998.8,1
2025-11-14T13:00,14,96,13.4,0.5,100,2.56,59,74,998.1,1
2025-11-14T14:00,14,96,13.5,0.7,100,2.5,70,36,997.5,1
2025-11-14T15:00,14.3,95,13.6,0.3,100,3.02,83,49,997.3,1
2025-11-14T16:00,14,96,13.3,0.4,99,2.91,94,18,997.3,1
2025-11-14T17:00,13.8,95,13.1,0.7,100,2.35,86,0,997.7,0
2025-11-14T18:00,14.1,92,12.9,0.1,44,2.4,102,0,997.6,0
2025-11-14T19:00,13.2,92,12,3.2,43,0.75,184,0,998.8,0
2025-11-14T20:00,12.4,94,11.4,1.8,29,0.85,50,0,999.1,0
2025-11-14T21:00,12.1,94,11.2,0,56,0.9,109,0,1000,0
2025-11-14T22:00,12.2,95,11.3,0,56,0.88,137,0,1000.8,0
2025-11-14T23:00,12.2,95,11.4,0.1,71,1.41,163,0,1001.3,0
2025-11-15T00:00,12.4,95,11.6,0.1,61,2.19,227,0,1002.1,0
2025-11-15T01:00,12.1,95,11.4,0,85,1.71,218,0,1002.7,0
2025-11-15T02:00,11.9,96,11.3,0,31,1.47,215,0,1003.1,0
2025-11-15T03:00,11.4,96,10.9,0,86,0.36,124,0,1003.3,0
2025-11-15T04:00,11.1,98,10.8,0,100,0.1,90,0,1003.5,0
2025-11-15T05:00,10.7,99,10.5,0,100,0.18,124,0,1004.1,0
2025-11-15T06:00,10.4,100,10.4,0,100,0.78,63,0,1004.9,0
2025-11-15T07:00,10.7,99,10.6,0,100,1.68,73,0,1005.6,0
2025-11-15T08:00,11.2,99,11.1,0,100,1.62,68,6,1006.2,1
2025-11-15T09:00,11.8,98,11.5,0,100,1.59,46,53,1006.3,1
2025-11-15T10:00,12.3,96,11.8,0,100,1.27,45,128,1006.6,1
2025-11-15T11:00,13,94,12.1,0,100,1.39,38,177,1007,1
2025-11-15T12:00,13,90,11.3,0,100,2.31,39,184,1006.9,1
2025-11-15T13:00,13.1,87,11,0,100,2.02,30,105,1006.7,1
2025-11-15T14:00,13.2,85,10.8,0,87,2.18,20,98,1006.3,1
2025-11-15T15:00,13,88,11.1,0,100,2.19,27,84,1006.4,1
2025-11-15T16:00,12.5,91,11,0,100,2.29,16,19,1006.7,1
2025-11-15T17:00,12.1,91,10.8,0.1,100,2.56,21,0,1007,0
2025-11-15T18:00,11.9,92,10.6,0,100,2.1,25,0,1007.6,0
2025-11-15T19:00,11.6,92,10.4,0,100,2.45,20,0,1007.6,0
2025-11-15T20:00,11.3,92,10,0,100,2.73,26,0,1007.5,0
2025-11-15T21:00,11.1,91,9.7,0,100,2.69,31,0,1007.6,0
2025-11-15T22:00,10.8,91,9.5,0,100,2.8,24,0,1007.4,0
2025-11-15T23:00,10.6,92,9.3,0,100,3.02,27,0,1007.5,0
2025-11-16T00:00,10.4,91,9.1,0.1,100,2.6,30,0,1007.8,0
2025-11-16T01:00,10.2,91,8.8,0.1,100,2.52,34,0,1007.8,0
2025-11-16T02:00,10.1,91,8.7,0.1,100,2.62,31,0,1007.7,0
2025-11-16T03:00,10,91,8.5,0.1,100,2.86,33,0,1007.6,0
2025-11-16T04:00,9.9,91,8.5,0.1,100,2.95,34,0,1007.9,0
2025-11-16T05:00,9.8,91,8.4,0.1,100,3.4,36,0,1007.8,0
2025-11-16T06:00,9.6,91,8.2,0,100,3.48,32,0,1008,0
2025-11-16T07:00,9.4,91,8,0,100,3.59,32,0,1008.3,0
2025-11-16T08:00,9.5,89,7.9,0,100,3.47,33,4,1008.9,1
2025-11-16T09:00,9.6,87,7.5,0,100,3.58,36,27,1009.4,1
2025-11-16T10:00,9.6,86,7.4,0,100,2.91,35,55,1009.4,1
2025-11-16T11:00,9.8,84,7.2,0,100,3.46,31,94,1009.5,1
2025-11-16T12:00,9.9,79,6.3,0,100,3.05,21,112,1009.9,1
2025-11-16T13:00,9.8,77,5.9,0,100,3.21,18,82,1010,1
2025-11-16T14:00,9.7,73,5.2,0,100,3.45,19,61,1010,1
2025-11-16T15:00,9.4,71,4.3,0,100,3.52,15,37,1010.4,1
2025-11-16T16:00,8.8,69,3.4,0,82,3.42,15,19,1011.1,1
2025-11-16T17:00,8.5,69,3.1,0,96,2.93,17,0,1011.7,0
2025-11-16T18:00,8,71,3.1,0,90,2.79,15,0,1012.3,0
2025-11-16T19:00,7.7,72,3,0,60,2.97,13,0,1012.9,0
2025-11-16T20:00,7.1,75,2.9,0,69,3.13,7,0,1013.4,0
2025-11-16T21:00,6.9,79,3.5,0,99,2.6,358,0,1013.9,0
2025-11-16T22:00,6.7,80,3.4,0,43,2.58,345,0,1014,0
2025-11-16T23:00,6.1,80,2.8,0,58,2.89,342,0,1014,0
2025-11-17T00:00,6.5,77,2.8,0,99,2.69,338,0,1014.1,0
2025-11-17T01:00,6.6,78,3.1,0,40,3.13,340,0,1014.4,0
2025-11-17T02:00,5.7,80,2.6,0,60,3.05,337,0,1014.7,0
2025-11-17T03:00,5.5,81,2.4,0,34,3.61,341,0,1014.9,0
2025-11-17T04:00,5.7,81,2.7,0,15,4.29,349,0,1015.5,0
2025-11-17T05:00,5.6,82,2.8,0,20,4.06,350,0,1016.2,0
2025-11-17T06:00,5.1,84,2.6,0,88,4.27,355,0,1017,0
2025-11-17T07:00,4.9,84,2.4,0,23,4.03,353,0,1017.8,0
2025-11-17T08:00,4.8,82,2.1,0,5,3.79,352,9,1018.5,1
2025-11-17T09:00,5.2,80,2.1,0,9,3.29,347,89,1019.3,1
2025-11-17T10:00,5.9,75,1.9,0,6,3.49,341,186,1020.1,1
2025-11-17T11:00,6.5,71,1.6,0,0,3.78,340,264,1020.7,1
2025-11-17T12:00,7.1,68,1.7,0,34,4.21,356,310,1021.2,1
2025-11-17T13:00,7.6,62,0.7,0,56,4.49,8,255,1021.5,1
2025-11-17T14:00,7.5,64,1.1,0,17,3.85,360,204,1021.9,1
2025-11-17T15:00,7,69,1.7,0,21,3,345,143,1022.3,1
2025-11-17T16:00,6.3,73,1.8,0,5,2.4,343,43,1022.7,1
2025-11-17T17:00,5.6,77,1.8,0,1,2.19,336,0,1023,0
2025-11-17T18:00,4.9,78,1.4,0,0,2.14,327,0,1023.8,0
2025-11-17T19:00,4.4,80,1.2,0,0,2.44,325,0,1024.2,0
2025-11-17T20:00,3.9,82,1,0,0,2.2,330,0,1024.3,0
2025-11-17T21:00,3.6,83,0.9,0,0,1.56,315,0,1024.1,0
2025-11-17T22:00,3.2,85,0.9,0,0,1.52,297,0,1024,0
2025-11-17T23:00,2.8,87,0.8,0,0,1.39,249,0,1023.8,0
2025-11-18T00:00,1.8,89,0.3,0,0,1.66,249,0,1023.8,0
2025-11-18T01:00,1.4,92,0.3,0,0,1.92,255,0,1023,0
2025-11-18T02:00,1,94,0.2,0,0,1.98,249,0,1022.8,0
2025-11-18T03:00,0.7,95,0,0,0,2.15,248,0,1022.1,0
2025-11-18T04:00,0.4,96,-0.3,0,2,2.33,242,0,1021.3,0
2025-11-18T05:00,0.3,95,-0.5,0,5,2.55,244,0,1020.6,0
2025-11-18T06:00,-0.1,94,-1,0,18,2.44,247,0,1020.2,0
2025-11-18T07:00,0.1,93,-1,0,100,2.71,247,0,1019.9,0
2025-11-18T08:00,0.9,92,-0.3,0,100,2.58,223,3,1019.2,1
2025-11-18T09:00,1.6,92,0.4,0,100,2.24,209,25,1018.7,1
2025-11-18T10:00,2.8,88,1,0,89,2.82,233,64,1017.9,1
2025-11-18T11:00,4.1,82,1.3,0,57,2.21,237,201,1017.1,1
2025-11-18T12:00,5.5,79,2.2,0,36,2.05,225,247,1015.8,1
2025-11-18T13:00,6.1,78,2.6,0,45,2.19,223,216,1014.4,1
2025-11-18T14:00,6.7,77,3,0,83,3.58,258,195,1013.3,1
2025-11-18T15:00,6.9,78,3.4,0,64,2.4,234,111,1011.9,1
2025-11-18T16:00,6.2,82,3.4,0,71,2.33,242,33,1010.9,1
2025-11-18T17:00,5.4,86,3.3,0.1,8,3.01,222,0,1010.2,0
2025-11-18T18:00,4.8,88,3.1,0,13,2.44,226,0,1009.8,0
2025-11-18T19:00,4.9,93,3.8,0,1,2.68,243,0,1009.1,0
2025-11-18T20:00,4.9,94,3.9,0,0,3.1,249,0,1008.4,0
2025-11-18T21:00,4.5,94,3.7,0,0,3.07,251,0,1007.7,0
2025-11-18T22:00,4.3,94,3.3,0,7,3.29,253,0,1007.1,0
2025-11-18T23:00,4,94,3.1,0,86,3.05,252,0,1006.2,0
2025-11-19T00:00,3.9,95,3.1,0,4,2.75,243,0,1005.7,0
2025-11-19T01:00,3.8,95,3,0,18,2.8,248,0,1004.8,0
2025-11-19T02:00,3.6,96,2.9,0,11,2.44,247,0,1004.2,0
2025-11-19T03:00,3.3,96,2.7,0,34,2.18,254,0,1003.2,0
2025-11-19T04:00,3.1,98,2.8,0.7,100,2.31,275,0,1002.7,0
2025-11-19T05:00,4.1,95,3.4,0.4,100,2.33,298,0,1002.6,0
2025-11-19T06:00,3.2,95,2.5,0.6,91,2.04,298,0,1002.2,0
2025-11-19T07:00,3.9,94,3.1,0.1,100,2.72,314,0,1002.6,0
2025-11-19T08:00,3.8,93,2.7,0.1,100,4.41,340,2,1003.4,1
2025-11-19T09:00,2.7,95,2,1.6,100,3.4,317,33,1004,1
2025-11-19T10:00,4,92,2.7,2.3,100,6.08,346,45,1004.3,1
2025-11-19T11:00,4.7,86,2.5,0.5,100,6.48,351,66,1005.5,1
2025-11-19T12:00,4.5,81,1.5,0,100,5.82,339,164,1006.1,1
2025-11-19T13:00,5,76,1,0,100,6.77,341,165,1006.5,1
2025-11-19T14:00,4.8,74,0.5,0,100,6.93,344,135,1006.9,1
2025-11-19T15:00,4.5,74,0.3,0,87,5.23,338,70,1007.7,1
2025-11-19T16:00,3.9,75,-0.3,0,21,4.75,338,24,1008.6,1
2025-11-19T17:00,3,76,-0.9,0,13,4.65,333,0,1009.3,0
2025-11-19T18:00,2.9,76,-0.9,0,100,4.22,329,0,1010.2,0
2025-11-19T19:00,2.6,76,-1.3,0,83,3.67,326,0,1010.7,0
2025-11-19T20:00,2.3,75,-1.7,0,99,3.82,318,0,1010.9,0
2025-11-19T21:00,1.5,77,-2.2,0,12,3.97,311,0,1010.9,0
2025-11-19T22:00,0.9,77,-2.7,0,4,3.8,310,0,1010.9,0
2025-11-19T23:00,0.6,77,-3.1,0,4,3.64,307,0,1010.9,0
2025-11-20T00:00,0.5,76,-3.3,0,10,3.9,311,0,1011.2,0
2025-11-20T01:00,0.2,76,-3.5,0,1,3.71,307,0,1011.2,0
2025-11-20T02:00,-0.1,76,-3.8,0,0,3.34,305,0,1011.4,0
2025-11-20T03:00,-0.5,77,-4,0,2,3.07,300,0,1011.5,0
2025-11-20T04:00,-0.9,78,-4.3,0,0,3.04,295,0,1011.4,0
2025-11-20T05:00,-1.2,78,-4.5,0,0,3.02,289,0,1011.1,0
2025-11-20T06:00,-1.3,79,-4.5,0,0,3.02,294,0,1011.7,0
2025-11-20T07:00,-1.4,79,-4.7,0,0,2.86,286,0,1011.9,0
2025-11-20T08:00,-1.3,78,-4.7,0,0,2.49,280,7,1012.3,1
2025-11-20T09:00,-0.6,77,-4.2,0,0,2.01,256,88,1012.5,1
2025-11-20T10:00,0.4,72,-4.1,0,0,2.62,278,193,1012.5,1
2025-11-20T11:00,1.5,67,-4,0,100,2.56,287,271,1012.4,1
2025-11-20T12:00,3,67,-2.5,0,95,3.16,311,246,1012.2,1
2025-11-20T13:00,3.5,64,-2.7,0,72,3.85,316,169,1012.3,1
2025-11-20T14:00,3.6,65,-2.4,0,63,4.18,328,164,1012.4,1
2025-11-20T15:00,3.4,71,-1.5,0,100,3.4,327,96,1013.1,1
2025-11-20T16:00,3.2,74,-1,0,88,3.22,317,14,1013.4,1
2025-11-20T17:00,3,75,-1.1,0,100,3.52,321,0,1013.8,0
2025-11-20T18:00,3.4,73,-1,0,49,3.1,308,0,1014.6,0
2025-11-20T19:00,2.7,74,-1.6,0,77,3.18,315,0,1015.3,0
2025-11-20T20:00,2.4,74,-1.8,0,99,3.01,313,0,1015.6,0
2025-11-20T21:00,2.1,75,-1.8,0,100,2.91,309,0,1016.1,0
2025-11-20T22:00,2.5,76,-1.3,0,86,3.26,324,0,1016.5,0
2025-11-20T23:00,2.3,81,-0.7,0,100,3.56,334,0,1016.8,0
2025-11-21T00:00,1.6,83,-1,0,60,3.84,339,0,1017.8,0
2025-11-21T01:00,1.9,84,-0.5,0,78,3.45,330,0,1018.2,0
2025-11-21T02:00,1.6,87,-0.4,0,13,3.36,330,0,1018.9,0
2025-11-21T03:00,1.3,89,-0.4,0,8,3.42,335,0,1019.4,0
2025-11-21T04:00,1.3,88,-0.5,0,3,3.61,341,0,1019.9,0
2025-11-21T05:00,1.3,87,-0.7,0,0,3.42,348,0,1020.6,0
2025-11-21T06:00,0.8,89,-0.8,0,0,3.39,344,0,1021.7,0
2025-11-21T07:00,0.6,89,-1,0,0,3.32,348,0,1022.6,0
2025-11-21T08:00,0.6,88,-1.2,0,0,3.13,352,6,1023.6,1
2025-11-21T09:00,1.3,86,-0.8,0,0,2.84,350,83,1024.3,1
2025-11-21T10:00,2,86,-0.1,0,0,1.57,333,186,1024.7,1
2025-11-21T11:00,3.2,83,0.7,0,3,1.31,320,263,1025.1,1
2025-11-21T12:00,4.7,79,1.4,0,2,1.4,305,297,1025.3,1
2025-11-21T13:00,5.5,76,1.5,0,2,1.31,317,286,1025.4,1
2025-11-21T14:00,5.7,73,1.3,0,22,1.32,307,231,1025.4,1
2025-11-21T15:00,5.4,75,1.4,0,5,1.07,281,140,1025.6,1
2025-11-21T16:00,4.4,79,1,0,17,1.58,259,38,1025.8,1
2025-11-21T17:00,3.4,83,0.8,0,30,1.62,261,0,1026,0
2025-11-21T18:00,2.2,85,-0.1,0,2,1.28,239,0,1026.2,0
2025-11-21T19:00,2.6,85,0.3,0,0,1.66,226,0,1026.5,0
2025-11-21T20:00,1.9,87,-0.1,0,16,1.95,230,0,1026.6,0
2025-11-21T21:00,1.4,84,-1.1,0,34,2.27,220,0,1026.5,0
2025-11-21T22:00,1,84,-1.5,0,93,2.36,216,0,1026.1,0
2025-11-21T23:00,0.9,84,-1.6,0,100,2.62,206,0,1025.5,0
2025-11-22T00:00,1.2,79,-2.1,0,100,2.91,207,0,1025.1,0
2025-11-22T01:00,1.1,78,-2.4,0,100,2.79,213,0,1024.6,0
2025-11-22T02:00,1.5,80,-1.7,0,100,2.88,206,0,1024,0
2025-11-22T03:00,2.5,78,-1,0,100,3.2,203,0,1023.1,0
2025-11-22T04:00,3.3,73,-1,0,100,3.54,199,0,1022.3,0
2025-11-22T05:00,3.9,70,-1.1,0,100,3.75,196,0,1021.2,0
2025-11-22T06:00,4.8,71,-0.2,0,100,3.92,197,0,1020.5,0
2025-11-22T07:00,5.2,74,1,0.3,100,4.09,207,0,1020.1,0
2025-11-22T08:00,4.7,87,2.6,1.3,100,4.34,188,2,1019.7,1
2025-11-22T09:00,5.3,89,3.7,0.5,100,5.31,194,13,1018.9,1
2025-11-22T10:00,5.7,90,4.1,0.4,100,5.43,197,19,1018.3,1
2025-11-22T11:00,6.3,89,4.6,0.2,100,5.2,198,48,1017.6,1
2025-11-22T12:00,7.8,84,5.3,0.2,100,5.22,197,36,1016,1
2025-11-22T13:00,7.8,83,5.1,0.5,100,5.46,198,79,1015,1
2025-11-22T14:00,7.6,81,4.5,0,100,5.07,202,36,1014,1
2025-11-22T15:00,7.5,83,4.8,0.4,100,4.72,204,27,1012.9,1
2025-11-22T16:00,7.2,90,5.7,1.2,100,5.17,200,6,1012.2,1
2025-11-22T17:00,7.2,93,6.1,2.5,100,5.16,200,0,1011.4,0
2025-11-22T18:00,7.5,92,6.3,1.9,100,4.72,195,0,1010.7,0
2025-11-22T19:00,7.5,93,6.5,0.5,100,4.26,189,0,1010,0
2025-11-22T20:00,7.5,92,6.3,0.4,100,4.45,181,0,1009.1,0
2025-11-22T21:00,7.5,91,6.1,0.1,95,4.4,180,0,1008,0
2025-11-22T22:00,7.4,91,5.9,0,42,4.45,179,0,1006.8,0
2025-11-22T23:00,7.3,92,6.2,0,100,1.95,193,0,1006.1,0
2025-11-23T00:00,7.7,95,7,0,84,2.34,196,0,1006.2,0
2025-11-23T01:00,7.6,96,7,0,100,1.71,255,0,1005.9,0
2025-11-23T02:00,6.7,99,6.5,0,100,1.74,231,0,1005.1,0
2025-11-23T03:00,6.4,100,6.4,0,100,2.12,227,0,1004.4,0
2025-11-23T04:00,5.9,100,5.9,0,100,2.69,215,0,1003.6,0
2025-11-23T05:00,5.7,98,5.4,0,100,2.91,196,0,1002,0
2025-11-23T06:00,6.7,98,6.3,1.1,86,4.01,184,0,1000.6,0
2025-11-23T07:00,8.4,92,7.1,3.6,100,5,194,0,999,0
2025-11-23T08:00,9,92,7.8,0.3,100,6.24,190,1,997.4,1
2025-11-23T09:00,9.2,94,8.3,4.6,100,5.26,216,11,996.6,1
2025-11-23T10:00,9.9,90,8.3,0.1,30,5.13,255,47,996.7,1
2025-11-23T11:00,10,81,6.9,0,13,5.01,267,227,996.9,1
2025-11-23T12:00,9.8,74,5.4,0,10,4.55,255,268,996.4,1
2025-11-23T13:00,9.7,68,4.1,0,16,5.39,263,268,996.2,1
2025-11-23T14:00,9.7,63,3.1,0,12,4.78,257,208,996,1
2025-11-23T15:00,9.2,64,2.6,0,8,4.25,250,130,995.8,1
2025-11-23T16:00,8.3,68,2.7,0,5,4.23,246,33,995.9,1
2025-11-23T17:00,7.6,73,3.1,0,2,4.2,245,0,995.9,0
2025-11-23T18:00,6.9,80,3.7,0,9,4.34,246,0,996,0
2025-11-23T19:00,6.7,81,3.7,0,9,4.08,239,0,995.7,0
2025-11-23T20:00,6.3,83,3.6,0,3,3.83,237,0,995.3,0
2025-11-23T21:00,5.8,84,3.4,0,4,3.66,231,0,994.8,0
2025-11-23T22:00,5.6,85,3.2,0,20,3.73,231,0,994.3,0
2025-11-23T23:00,5.3,85,3,0,4,3.65,228,0,993.7,0
2025-11-24T00:00,5.1,85,2.8,0,64,3.22,228,0,993.5,0
2025-11-24T01:00,4.9,84,2.5,0,15,3.19,229,0,993,0
2025-11-24T02:00,4.6,85,2.3,0,23,3.01,226,0,992.3,0
2025-11-24T03:00,4.5,87,2.5,0,5,2.69,223,0,991.4,0
2025-11-24T04:00,4.4,88,2.6,0,7,2.77,221,0,990.5,0
2025-11-24T05:00,4.2,89,2.6,0,86,2.89,210,0,989.6,0
2025-11-24T06:00,5,88,3.2,0.5,98,3.24,218,0,988.9,0
2025-11-24T07:00,4.7,89,3.1,0.4,100,2.94,222,0,988.5,0
2025-11-24T08:00,4.6,92,3.4,0.2,100,2.39,209,2,988.1,1
2025-11-24T09:00,4.9,92,3.7,0,100,2.14,233,45,988.2,1
2025-11-24T10:00,5.9,90,4.3,0,100,1.88,259,98,988.3,1
2025-11-24T11:00,6.4,89,4.8,0,100,1.98,286,132,988.7,1
2025-11-24T12:00,6.5,91,5.2,0.1,100,0.81,317,92,989,1
2025-11-24T13:00,6.9,92,5.6,0.1,100,2.14,344,68,989.7,1
2025-11-24T14:00,6.7,90,5.1,0.2,100,2.74,342,68,990.4,1
2025-11-24T15:00,6.6,90,5,0,100,2.8,341,33,991.4,1
2025-11-24T16:00,6.4,89,4.8,0,100,2.93,337,11,992.8,1
2025-11-24T17:00,6.4,88,4.6,0.1,43,3.02,333,0,993.8,0
2025-11-24T18:00,6.1,89,4.4,0,100,3.54,331,0,995.3,0
2025-11-24T19:00,6.7,86,4.6,0,56,4.7,343,0,996.4,0
2025-11-24T20:00,6,84,3.5,0,44,4.79,340,0,997.5,0
2025-11-24T21:00,5.6,83,2.9,0,9,4.7,336,0,998.8,0
2025-11-24T22:00,5.5,82,2.7,0,62,4.73,337,0,999.8,0
2025-11-24T23:00,5.3,82,2.5,0,10,4.66,336,0,1000.8,0
2025-11-25T00:00,5.4,80,2.1,0,19,4.45,331,0,1002,0
2025-11-25T01:00,5.2,79,1.9,0,42,4.61,333,0,1002.7,0
2025-11-25T02:00,5.2,78,1.6,0,66,4.61,336,0,1003.5,0
2025-11-25T03:00,5.3,75,1.3,0,7,4.47,335,0,1004.4,0
2025-11-25T04:00,4.9,75,0.9,0,25,4.27,334,0,1005.4,0
2025-11-25T05:00,4.5,77,0.9,0,17,4.3,335,0,1006.5,0
2025-11-25T06:00,4.3,81,1.3,0,18,4.07,335,0,1007.4,0
2025-11-25T07:00,4,83,1.3,0,10,3.74,330,0,1008.6,0
2025-11-25T08:00,3.7,85,1.4,0,2,3.42,331,3,1009.6,1
2025-11-25T09:00,4.1,85,1.8,0,11,3.16,329,66,1010.7,1
2025-11-25T10:00,4.8,84,2.4,0,73,2.83,324,162,1011.5,1
2025-11-25T11:00,5.2,84,2.7,0,100,3.96,334,217,1012,1
2025-11-25T12:00,6.1,81,3,0,100,4.14,337,171,1012.4,1
2025-11-25T13:00,6.1,78,2.6,0,100,3.38,335,100,1012.8,1
2025-11-25T14:00,6.6,73,2.2,0,100,3.61,338,99,1013.2,1
2025-11-25T15:00,6.5,75,2.4,0,49,3,330,76,1013.7,1
2025-11-25T16:00,5.9,79,2.5,0,84,2.89,323,25,1014.4,0
2025-11-25T17:00,5.8,79,2.5,0,100,2.98,325,0,1015.1,0
2025-11-25T18:00,5.4,81,2.5,0,7,2.93,323,0,1016,0
2025-11-25T19:00,5,83,2.3,0,4,3.01,324,0,1016.7,0
2025-11-25T20:00,4.5,84,2,0,8,2.93,323,0,1017.4,0
2025-11-25T21:00,4.2,85,1.9,0,99,2.87,325,0,1018,0
2025-11-25T22:00,4,86,1.8,0,4,2.69,329,0,1018.3,0
2025-11-25T23:00,3.4,88,1.6,0,2,2.3,326,0,1018.6,0
2025-11-26T00:00,2.8,89,1.1,0,0,1.52,311,0,1018.9,0
2025-11-26T01:00,2.4,90,0.9,0,0,2.06,296,0,1019.2,0
2025-11-26T02:00,2,90,0.6,0,0,1.92,298,0,1019.5,0
2025-11-26T03:00,1.7,91,0.4,0,1,2.06,299,0,1020,0
2025-11-26T04:00,1.5,91,0.1,0,10,1.64,301,0,1020.2,0
2025-11-26T05:00,1.2,91,-0.1,0,11,1.15,304,0,1020.4,0
2025-11-26T06:00,-0.1,94,-1,0,7,0.85,267,0,1020.6,0
2025-11-26T07:00,0.3,94,-0.7,0,28,1.52,243,0,1021.1,0
2025-11-26T08:00,-0.1,94,-0.9,0,0,1.78,238,2,1021.5,1
2025-11-26T09:00,0.3,95,-0.4,0,0,1.79,252,67,1021.9,1
2025-11-26T10:00,1.2,94,0.3,0,84,1.19,237,166,1022.1,1
2025-11-26T11:00,2.3,92,1.1,0,16,1.03,223,225,1021.9,1
2025-11-26T12:00,4.1,90,2.6,0,100,0.83,205,277,1021.1,1
2025-11-26T13:00,5.2,87,3.2,0,98,0.83,245,267,1020.8,1
2025-11-26T14:00,5.8,86,3.6,0,23,0.98,195,210,1020.3,1
2025-11-26T15:00,5.8,85,3.4,0,23,1.95,203,126,1019.7,1
2025-11-26T16:00,5.1,83,2.5,0,98,2.45,200,29,1019.5,0
2025-11-26T17:00,4.6,83,1.9,0,100,2.8,202,0,1019.3,0
2025-11-26T18:00,5,83,2.4,0,100,3.11,199,0,1019,0
2025-11-26T19:00,6,79,2.7,0,100,3.29,200,0,1018.3,0
2025-11-26T20:00,7,75,2.9,0,100,3.65,203,0,1017.6,0
2025-11-26T21:00,8,75,3.8,0,100,3.79,211,0,1017.1,0
2025-11-26T22:00,8.4,82,5.5,0.4,100,4.19,213,0,1016.5,0
2025-11-26T23:00,8.8,89,7.1,0.5,100,4.81,205,0,1016,0
2025-11-27T00:00,9.2,92,8,0.7,100,5.13,204,0,1015.2,0
2025-11-27T01:00,9.7,92,8.5,0.2,100,5.34,212,0,1014.4,0
2025-11-27T02:00,10.2,94,9.3,0,100,4.77,218,0,1013.9,0
2025-11-27T03:00,10.5,96,9.9,0,100,3.97,229,0,1013.5,0
2025-11-27T04:00,10.7,97,10.2,0,100,3.61,233,0,1013.1,0
2025-11-27T05:00,10.7,96,10.2,0,100,3.59,235,0,1012.8,0
2025-11-27T06:00,11,96,10.4,0,100,3.83,229,0,1012.8,0
2025-11-27T07:00,10.8,97,10.4,0,100,4.17,232,0,1013,0
2025-11-27T08:00,10.6,97,10.1,0,100,4.24,224,1,1013.2,1
2025-11-27T09:00,10.7,96,10.1,0,100,4.46,224,13,1013.1,1
2025-11-27T10:00,11.3,93,10.3,0,100,4.45,225,41,1012.9,1
2025-11-27T11:00,12.2,90,10.6,0,100,4.53,224,99,1012.5,1
2025-11-27T12:00,12.6,90,10.9,0,100,3.43,214,73,1012.1,1
2025-11-27T13:00,12.9,88,11,0,100,4.12,216,127,1011.6,1
2025-11-27T14:00,13,88,11,0,100,4.79,220,68,1011.2,1
2025-11-27T15:00,12.9,89,11.2,0,100,4.8,219,35,1010.8,1
2025-11-27T16:00,12.8,90,11.2,0,100,4.81,218,7,1010.8,0
2025-11-27T17:00,12.8,91,11.3,0,100,4.78,217,0,1010.6,0
2025-11-27T18:00,13,92,11.8,0,100,4.76,216,0,1010.6,0
2025-11-27T19:00,13.1,92,11.8,0,100,4.97,216,0,1010.7,0
2025-11-27T20:00,13,93,11.9,0,100,4.68,217,0,1010.8,0
2025-11-27T21:00,13.2,92,12,0,100,4.78,217,0,1010.8,0
2025-11-27T22:00,13.3,93,12.1,0,100,4.6,221,0,1010.7,0
2025-11-27T23:00,13.3,93,12.2,0.2,100,4.17,232,0,1010.8,0
2025-11-28T00:00,12.9,92,11.6,0,84,3.61,248,0,1011.2,0
2025-11-28T01:00,12,91,10.5,0,97,3.42,252,0,1011.1,0
2025-11-28T02:00,10.9,91,9.4,0,95,3.13,245,0,1011.2,0
2025-11-28T03:00,10.1,91,8.7,0,98,3.29,237,0,1011.2,0
2025-11-28T04:00,9.4,92,8.1,0,99,3.23,231,0,1011,0
2025-11-28T05:00,8.9,92,7.7,0,95,3.18,225,0,1010.7,0
2025-11-28T06:00,8.7,92,7.4,0,100,3.33,221,0,1010.8,0
2025-11-28T07:00,8.6,92,7.3,0,100,3.51,220,0,1010.7,0
2025-11-28T08:00,8.7,92,7.5,0,100,3.56,218,1,1010.6,1
2025-11-28T09:00,9.4,90,7.9,0,100,3.65,221,46,1010.6,1
2025-11-28T10:00,10.3,87,8.2,0,100,3.66,219,106,1010.1,1
2025-11-28T11:00,11.1,86,8.8,0,31,3.52,219,153,1009.5,1
2025-11-28T12:00,12,83,9.1,0,15,3.86,214,236,1008.9,1
2025-11-28T13:00,12.3,77,8.3,0,18,4.85,222,226,1008,1
2025-11-28T14:00,12.4,71,7.3,0,11,5.16,225,195,1007.7,1
2025-11-28T15:00,12.1,70,6.8,0,98,5.02,226,112,1007.2,1
2025-11-28T16:00,11.6,72,6.7,0,90,4.84,225,21,1007.3,0
2025-11-28T17:00,11.4,75,7.2,0,100,4.76,230,0,1007.5,0
2025-11-28T18:00,11.4,80,8.1,0,61,4.19,237,0,1008,0
2025-11-28T19:00,10.7,83,7.9,0,90,3.68,239,0,1008.5,0
2025-11-28T20:00,10,86,7.8,0,75,3.41,230,0,1008.6,0
2025-11-28T21:00,9.6,86,7.4,0,88,3.57,224,0,1008.4,0
2025-11-28T22:00,9.4,88,7.4,0,91,3.58,216,0,1007.9,0
2025-11-28T23:00,9.5,87,7.5,0,96,3.53,207,0,1006.9,0
2025-11-29T00:00,10.3,88,8.3,0,100,3.91,205,0,1006.5,0
2025-11-29T01:00,10.4,88,8.5,0.1,99,4.39,203,0,1005.5,0
2025-11-29T02:00,10.6,89,8.8,0,99,4.83,208,0,1004.8,0
2025-11-29T03:00,10.7,88,8.8,0,89,4.74,208,0,1004,0
2025-11-29T04:00,10.1,89,8.5,0,99,4.7,205,0,1003.3,0
2025-11-29T05:00,10.4,88,8.6,0.1,100,4.29,201,0,1002.4,0
2025-11-29T06:00,10.3,91,8.8,0.2,100,4.78,193,0,1001.8,0
2025-11-29T07:00,10.3,89,8.6,0.1,100,5.26,192,0,1000.9,0
2025-11-29T08:00,10.2,90,8.6,0.4,100,5.07,190,0,1000.1,1
2025-11-29T09:00,10.8,87,8.8,0.2,100,5.65,193,8,999.3,1
2025-11-29T10:00,11.1,86,8.8,0.4,98,6.07,189,30,998.3,1
2025-11-29T11:00,11.5,85,9.1,0.5,100,6.72,188,92,997.5,1
2025-11-29T12:00,10.8,88,8.9,1.2,100,5.92,203,30,997.1,1
2025-11-29T13:00,9.9,91,8.6,0.7,100,5.6,229,27,997,1
2025-11-29T14:00,8.8,87,6.8,0,100,4.55,267,38,997.8,1
2025-11-29T15:00,8.2,84,5.6,0,98,3.58,263,55,998.5,1
2025-11-29T16:00,7.8,83,5.1,0,98,3.39,248,20,999.2,0
2025-11-29T17:00,7.3,83,4.7,0,27,3.33,242,0,999.9,0
2025-11-29T18:00,6.8,84,4.3,0,1,3.3,238,0,1000.5,0
2025-11-29T19:00,6.2,83,3.6,0,0,3.48,238,0,1000.9,0
2025-11-29T20:00,5.7,84,3.2,0,1,4.01,239,0,1001.3,0
2025-11-29T21:00,5.4,86,3.2,0,21,4.07,245,0,1001.6,0
2025-11-29T22:00,5.1,87,3.2,0,38,3.82,248,0,1002.2,0
2025-11-29T23:00,5,87,3,0,100,3.47,258,0,1003.2,0
2025-11-30T00:00,5.5,86,3.3,0,63,3.03,257,0,1004.1,0
2025-11-30T01:00,5.5,85,3.3,0,100,3.01,274,0,1004.7,0
2025-11-30T02:00,5.6,85,3.3,0,100,3.26,285,0,1005.5,0
2025-11-30T03:00,5,85,2.7,0,25,2.84,280,0,1006.3,0
2025-11-30T04:00,4.4,84,2,0,11,3.21,281,0,1007.3,0
2025-11-30T05:00,4,81,1,0,2,3.45,289,0,1008.3,0
2025-11-30T06:00,3.4,80,0.3,0,2,3.46,273,0,1009,0
2025-11-30T07:00,3.1,82,0.2,0,2,3.46,274,0,1009.8,0
2025-11-30T08:00,3,82,0.2,0,0,3.11,266,1,1010.4,1
2025-11-30T09:00,3.5,81,0.6,0,0,3.26,259,55,1011.3,1
2025-11-30T10:00,4.4,79,1.1,0,0,2.99,252,150,1011.8,1
2025-11-30T11:00,5.1,78,1.5,0,0,3.14,248,225,1012.2,1
2025-11-30T12:00,7.1,73,2.5,0,0,3.12,264,261,1012.4,1
2025-11-30T13:00,7.5,72,2.8,0,16,3.4,269,253,1012.6,1
2025-11-30T14:00,7.6,72,2.9,0,23,3.1,268,188,1012.7,1
2025-11-30T15:00,7.3,74,3,0,1,2.66,254,114,1012.9,1
2025-11-30T16:00,6.5,77,2.8,0,0,2.51,241,24,1013.3,0
2025-11-30T17:00,5.7,80,2.6,0,28,2.62,222,0,1013.2,0
2025-11-30T18:00,5.3,79,2,0,10,2.93,213,0,1013.2,0
2025-11-30T19:00,5.1,80,1.9,0,35,2.83,212,0,1013.2,0
2025-11-30T20:00,4.9,81,1.8,0,95,2.85,198,0,1013,0
2025-11-30T21:00,5.1,79,1.7,0,100,3.09,203,0,1012.6,0
2025-11-30T22:00,5.8,78,2.3,0,100,3.26,207,0,1012.1,0
2025-11-30T23:00,6.6,78,3.1,0,100,3.51,191,0,1010.8,0
2025-12-01T00:00,7.2,82,4.3,0,100,4.14,195,0,1010.4,0
2025-12-01T01:00,7.8,80,4.7,0,100,4.75,200,0,1009.5,0
2025-12-01T02:00,8.2,81,5.1,0,100,4.9,198,0,1008.6,0
2025-12-01T03:00,8.3,85,5.9,0.3,100,5.04,198,0,1007.6,0
2025-12-01T04:00,8.4,88,6.4,0.3,100,5.36,196,0,1006.7,0
2025-12-01T05:00,8.7,88,6.8,0.1,100,5.9,198,0,1005.4,0
2025-12-01T06:00,9.2,87,7.1,0.1,100,6.46,196,0,1004.5,0
2025-12-01T07:00,9.6,85,7.2,0,100,6.42,198,0,1003.5,0
2025-12-01T08:00,9.9,86,7.7,0.3,100,6.71,196,0,1003.1,1
2025-12-01T09:00,10.2,88,8.3,0.5,100,6.74,198,9,1002.2,1
2025-12-01T10:00,10.4,89,8.6,0.3,100,7.13,200,16,1001.6,1
2025-12-01T11:00,10.9,88,9.1,0.2,100,7.42,199,42,1000.7,1
2025-12-01T12:00,11.2,89,9.5,0.1,100,6.93,198,44,1000.3,1
2025-12-01T13:00,11.4,88,9.5,0.1,100,7.04,199,38,999.4,1
2025-12-01T14:00,11.7,87,9.6,0,100,7.04,198,26,998.6,1
2025-12-01T15:00,11.8,87,9.8,0.1,100,6.61,198,15,998,1
2025-12-01T16:00,11.8,87,9.7,0.1,100,6.51,193,3,997.4,0
2025-12-01T17:00,11.7,87,9.5,0.2,100,7.09,191,0,996.9,0
2025-12-01T18:00,11.7,87,9.6,0.5,100,7.01,187,0,996.3,0
2025-12-01T19:00,11.5,88,9.6,0.3,100,7.07,184,0,995.5,0
2025-12-01T20:00,10.9,88,9.1,0.5,100,7.76,182,0,995.2,0
2025-12-01T21:00,10.6,88,8.7,0.8,100,8.42,188,0,994.7,0
2025-12-01T22:00,10.6,89,8.8,0.7,100,7.69,201,0,994.9,0
2025-12-01T23:00,10.3,91,8.9,1.2,100,6.03,210,0,995.2,0
2025-12-02T00:00,9.9,90,8.4,0.9,100,3.96,223,0,995.9,0
2025-12-02T01:00,9.7,89,8,0.1,100,3.69,221,0,996.2,0
2025-12-02T02:00,9.3,91,7.9,0.1,100,3.51,221,0,996.7,0
2025-12-02T03:00,9.3,90,7.8,0.1,100,3.36,217,0,997.1,0
2025-12-02T04:00,9,91,7.7,0.3,98,3.46,211,0,997.5,0
2025-12-02T05:00,8.6,90,7.1,0.2,100,3.58,207,0,998,0
2025-12-02T06:00,8.1,92,6.8,0.1,69,3.26,207,0,998.7,0
2025-12-02T07:00,7.6,92,6.4,0,2,3.09,207,0,999.5,0
2025-12-02T08:00,7,92,5.8,0,0,2.98,209,0,1000.2,1
2025-12-02T09:00,7.5,89,5.8,0,1,2.97,207,49,1000.9,1
2025-12-02T10:00,8.5,86,6.3,0,6,2.55,206,142,1001.5,1
2025-12-02T11:00,9.5,85,7.1,0,14,2.14,191,205,1001.5,1
2025-12-02T12:00,10.7,78,7.1,0,45,2.75,199,238,1001.5,1
2025-12-02T13:00,10.7,76,6.5,0.5,42,3.32,196,198,1001.6,1
2025-12-02T14:00,10.2,78,6.4,0,37,3.22,192,160,1001.6,1
2025-12-02T15:00,9.6,80,6.4,0,2,2.95,191,97,1001.8,1
2025-12-02T16:00,8.7,84,6.2,0,5,2.71,176,21,1002.3,0
2025-12-02T17:00,8.2,87,6.2,0,36,2.72,167,0,1002.8,0
2025-12-02T18:00,8.5,85,6.2,0,55,2.77,173,0,1002.9,0
2025-12-02T19:00,8.1,87,6.1,0.2,84,2.85,181,0,1003.2,0
2025-12-02T20:00,7.8,88,6,0,89,2.86,164,0,1003.2,0
2025-12-02T21:00,7.3,90,5.8,0.1,68,2.51,157,0,1003.5,0
2025-12-02T22:00,6.9,92,5.7,0,40,2.38,172,0,1003.8,0
2025-12-02T23:00,6.7,93,5.6,0,13,2.45,181,0,1004.1,0
2025-12-03T00:00,6.9,90,5.4,0,11,2.28,189,0,1004.2,0
2025-12-03T01:00,5.8,93,4.7,0,2,1.8,193,0,1004.5,0
2025-12-03T02:00,5.2,93,4.2,0,7,1.71,195,0,1004.7,0
2025-12-03T03:00,4.4,94,3.5,0,8,1.55,195,0,1004.9,0
2025-12-03T04:00,4.2,93,3.2,0,14,1.52,189,0,1005.1,0
2025-12-03T05:00,4.2,93,3.1,0,26,1.58,198,0,1005.4,0
2025-12-03T06:00,4.3,93,3.3,0,5,1.48,208,0,1005.7,0
2025-12-03T07:00,3.4,93,2.5,0,84,1.66,205,0,1006.2,0
2025-12-03T08:00,4.1,92,2.9,0,44,1.7,208,0,1006.6,1
2025-12-03T09:00,5.2,90,3.7,0,19,1.95,209,41,1006.9,1
2025-12-03T10:00,6.7,86,4.6,0,3,1.84,202,133,1007.1,1
2025-12-03T11:00,8.1,85,5.7,0,5,1.39,206,210,1007.1,1
2025-12-03T12:00,9.2,86,7,0,22,1.47,198,245,1006.9,1
2025-12-03T13:00,9.2,77,5.4,0.8,52,3.5,194,207,1006.7,1
2025-12-03T14:00,8.9,81,5.8,0,13,2.35,179,145,1006.2,1
2025-12-03T15:00,8.5,82,5.6,0,5,2.35,180,102,1006,1
2025-12-03T16:00,7.6,85,5.2,0,4,2.43,171,21,1006,0
2025-12-03T17:00,7,86,4.9,0,8,2.51,174,0,1006,0
2025-12-03T18:00,6.6,90,5.1,0,23,2.9,180,0,1005.8,0
2025-12-03T19:00,6.6,89,4.9,0,76,2.75,180,0,1005.6,0
2025-12-03T20:00,6.2,90,4.7,0,98,2.5,168,0,1005.1,0
2025-12-03T21:00,6.2,90,4.6,0,100,2.48,152,0,1004.4,0
2025-12-03T22:00,6.5,88,4.7,0,100,2.89,157,0,1003.8,0
2025-12-03T23:00,7.1,87,5.1,0,100,3.45,163,0,1003.1,0
2025-12-04T00:00,7.3,88,5.4,0,100,3.54,157,0,1002.5,0
2025-12-04T01:00,7.3,88,5.4,0,100,3.36,152,0,1001.3,0
2025-12-04T02:00,7.3,89,5.6,0,100,3.32,149,0,1000.4,0
2025-12-04T03:00,7.4,89,5.7,0,100,3.62,145,0,999.5,0
2025-12-04T04:00,7.5,90,5.9,0,91,3.72,147,0,998.4,0
2025-12-04T05:00,7.7,88,5.9,0,100,3.83,149,0,997.3,0
2025-12-04T06:00,7.5,89,5.8,0,98,3.39,143,0,996.7,0
2025-12-04T07:00,7.3,89,5.5,0,100,3.51,131,0,996,0
2025-12-04T08:00,7.7,89,6,0.1,100,3.75,136,0,995.4,1
2025-12-04T09:00,8,88,6.1,0.4,100,3.69,126,20,994.8,1
2025-12-04T10:00,8,90,6.5,1.2,100,3.89,119,27,993.8,1
2025-12-04T11:00,7.9,94,6.9,1.1,100,4.61,114,28,992.5,1
2025-12-04T12:00,8.2,92,6.9,0.6,100,3.41,140,33,992.7,1
2025-12-04T13:00,7.3,96,6.7,1.7,100,4.51,253,34,992.7,1
2025-12-04T14:00,7,93,6,0.6,100,4.47,264,17,993.9,1
2025-12-04T15:00,6.9,91,5.5,0.4,100,4.47,264,22,994.9,1
2025-12-04T16:00,6.4,91,5.1,0,8,3.45,251,12,995.9,0
2025-12-04T17:00,5.5,94,4.6,0,5,2.84,236,0,996.8,0
2025-12-04T18:00,5.4,92,4.3,0,1,3.02,231,0,997.7,0
2025-12-04T19:00,4.7,92,3.6,0,5,2.72,238,0,998.6,0
2025-12-04T20:00,4.2,93,3.1,0,1,2.5,244,0,999.4,0
2025-12-04T21:00,3.5,93,2.5,0,0,2.01,243,0,1000.3,0
2025-12-04T22:00,2.8,94,2,0,0,1.71,238,0,1001,0
2025-12-04T23:00,2.2,95,1.5,0,0,1.56,230,0,1001.6,0
2025-12-05T00:00,2.5,93,1.5,0,0,2.17,241,0,1002.2,0
2025-12-05T01:00,1.6,94,0.8,0,0,1.79,240,0,1002.8,0
2025-12-05T02:00,1.1,94,0.3,0,0,1.64,239,0,1003.4,0
2025-12-05T03:00,0.4,95,-0.4,0,0,1.45,226,0,1003.9,0
2025-12-05T04:00,-0.2,95,-0.9,0,0,1.49,220,0,1004.3,0
2025-12-05T05:00,-0.4,95,-1.1,0,0,1.44,214,0,1004.9,0
2025-12-05T06:00,0.4,93,-0.6,0,48,1.6,180,0,1005.1,0
2025-12-05T07:00,-0.3,91,-1.7,0,100,1.82,201,0,1005.4,0
2025-12-05T08:00,1.2,87,-0.7,0,100,2.41,186,0,1005.5,1
2025-12-05T09:00,2.8,84,0.3,0,99,3.2,177,34,1005.6,1
2025-12-05T10:00,4.8,82,2,0,94,3.64,164,120,1005.2,1
2025-12-05T11:00,6.7,78,3.1,0,29,3.87,163,182,1004.8,1
2025-12-05T12:00,7.7,81,4.7,0,34,2.53,158,239,1004,1
2025-12-05T13:00,8.7,74,4.4,0,100,4.01,176,223,1003.1,1
2025-12-05T14:00,8.6,75,4.4,0,100,4.55,168,129,1002.1,1
2025-12-05T15:00,8.3,76,4.2,0,100,5.18,165,61,1000.8,1
2025-12-05T16:00,7.8,80,4.5,0,100,5.49,161,11,999.5,0
2025-12-05T17:00,7.4,82,4.6,1.8,100,5.79,163,0,998.5,0
2025-12-05T18:00,7.8,82,5,1.4,100,6.44,164,0,996.7,0
2025-12-05T19:00,7.1,87,5.1,1.6,100,7.96,159,0,994.5,0
2025-12-05T20:00,7.5,87,5.5,0.5,100,8.4,168,0,993.6,0
2025-12-05T21:00,8.2,88,6.4,2.5,100,8.14,174,0,992.6,0
2025-12-05T22:00,9,91,7.6,2.8,98,7.63,185,0,991.8,0
2025-12-05T23:00,9.7,89,7.9,0,86,5.37,195,0,991.5,0
2025-12-06T00:00,9.9,92,8.6,0.3,47,4.81,199,0,991.3,0
2025-12-06T01:00,9.5,92,8.3,0,30,4.79,200,0,990.8,0
2025-12-06T02:00,9.2,93,8.1,0,30,4.74,205,0,991,0
2025-12-06T03:00,9,93,7.9,0,100,4.56,207,0,990.9,0
2025-12-06T04:00,8.9,91,7.6,0,100,4.76,208,0,990.9,0
2025-12-06T05:00,9,89,7.3,0,100,4.63,215,0,991,0
2025-12-06T06:00,9.3,90,7.7,0,100,4.4,220,0,991.5,0
2025-12-06T07:00,9.8,86,7.6,0,100,4.81,215,0,991.5,0
2025-12-06T08:00,9.8,86,7.6,0,100,4.74,218,0,992,1
2025-12-06T09:00,10.1,84,7.5,0,100,4.99,224,27,992.5,1
2025-12-06T10:00,10.6,80,7.3,0,28,4.74,226,100,993.1,1
2025-12-06T11:00,11.5,77,7.5,0,98,4.92,228,181,993.5,1
2025-12-06T12:00,11.8,77,7.8,0,100,5.73,236,177,994.1,1
2025-12-06T13:00,11.1,82,8.2,0.3,63,5.46,229,117,994.4,1
2025-12-06T14:00,11.6,78,7.9,0,100,5.04,238,138,994.8,1
2025-12-06T15:00,11.5,77,7.7,0,77,5.33,241,69,995.5,1
2025-12-06T16:00,10.9,80,7.5,0.3,100,5.17,242,17,996.5,0
2025-12-06T17:00,10.8,79,7.3,0,41,4.87,238,0,997.3,0
2025-12-06T18:00,10.6,80,7.3,0,91,5.06,232,0,998.2,0
2025-12-06T19:00,10.4,79,7,0.1,22,4.88,237,0,998.8,0
2025-12-06T20:00,10.1,79,6.5,0,18,4.4,238,0,999.4,0
2025-12-06T21:00,9.7,78,6.1,0,18,4.15,236,0,1000,0
2025-12-06T22:00,9.2,80,6,0,10,3.93,233,0,1000.8,0
2025-12-06T23:00,8.9,81,5.9,0,22,3.86,233,0,1001.3,0
2025-12-07T00:00,9,84,6.4,0,95,3.5,233,0,1001.5,0
2025-12-07T01:00,8.6,85,6.3,0,94,3.24,232,0,1001.7,0
2025-12-07T02:00,8.3,88,6.4,0,100,3.08,226,0,1001.7,0
2025-12-07T03:00,8.2,89,6.6,0,100,2.77,221,0,1001.8,0
2025-12-07T04:00,8.3,91,6.8,0,100,2.55,200,0,1001.2,0
2025-12-07T05:00,8.6,92,7.4,0,100,2.52,187,0,1000.9,0
2025-12-07T06:00,8.5,94,7.6,0,100,2.3,179,0,1000.5,0
2025-12-07T07:00,9.4,95,8.7,0,100,2.72,174,0,1000.6,0
2025-12-07T08:00,10.3,95,9.6,0.4,100,3.09,171,0,999.8,1
2025-12-07T09:00,10.5,96,9.8,0.7,100,3.2,160,8,999.4,1
2025-12-07T10:00,11,95,10.3,0.4,100,3.84,159,17,998.6,1
2025-12-07T11:00,11.7,96,11.1,0.3,100,4.25,177,19,997.7,1
2025-12-07T12:00,13.2,95,12.4,0.4,100,4.61,209,44,997,1
2025-12-07T13:00,13.9,93,12.8,0.3,100,5.14,208,50,995.8,1
2025-12-07T14:00,13.7,94,12.8,1.3,100,5.66,209,15,995.3,1
2025-12-07T15:00,14.1,93,12.9,0.5,100,6.54,219,15,995.1,1
2025-12-07T16:00,14,92,12.6,0,100,6.94,223,7,995,0
2025-12-07T17:00,14.1,85,11.7,0,100,7.1,235,0,996.1,0
2025-12-07T18:00,14.1,82,11.1,0,100,6.57,243,0,997.7,0
2025-12-07T19:00,13,79,9.5,0,46,6.3,247,0,999.3,0
2025-12-07T20:00,11.8,78,8.1,0,100,5.51,246,0,1000.7,0
2025-12-07T21:00,11.2,78,7.5,0,59,4.92,245,0,1001.9,0
2025-12-07T22:00,11.1,80,7.7,0,100,4.3,239,0,1002.8,0
2025-12-07T23:00,10.8,83,7.9,0,73,4.06,236,0,1003.7,0
2025-12-08T00:00,10.6,85,8.2,0,100,3.65,221,0,1004.1,0
2025-12-08T01:00,10.4,88,8.5,0,100,3.65,216,0,1004.3,0
2025-12-08T02:00,10.6,91,9.2,0,100,4.18,217,0,1004.4,0
2025-12-08T03:00,11,91,9.6,0,98,3.94,220,0,1004.5,0
2025-12-08T04:00,11.1,91,9.6,0,100,3.74,214,0,1004.4,0
2025-12-08T05:00,11.1,89,9.4,0,100,3.96,209,0,1004.2,0
2025-12-08T06:00,11.7,86,9.4,0,100,4.1,210,0,1004.4,0
2025-12-08T07:00,11.7,88,9.7,0,100,4.42,211,0,1004.7,0
2025-12-08T08:00,12.1,88,10.3,0,100,4.27,218,0,1005.3,1
2025-12-08T09:00,12.4,87,10.2,0,100,4.09,215,15,1005.6,1
2025-12-08T10:00,12.8,81,9.6,0,100,4.35,224,81,1006.2,1
2025-12-08T11:00,13,79,9.5,0,100,4.34,218,54,1006.4,1
2025-12-08T12:00,13.8,82,10.8,0.4,100,4.29,221,97,1006.5,1
2025-12-08T13:00,13.5,82,10.4,0,100,4.14,223,106,1006.8,1
2025-12-08T14:00,13.5,81,10.3,0,100,4.27,218,106,1006.7,1
2025-12-08T15:00,12.8,86,10.5,0,100,4.58,212,53,1007.1,1
2025-12-08T16:00,12.5,88,10.6,0,100,4.45,218,8,1007.4,0
2025-12-08T17:00,12.5,88,10.5,0,100,4.3,219,0,1007.6,0
2025-12-08T18:00,12.7,88,10.8,0,100,4.05,215,0,1007.9,0
2025-12-08T19:00,12.5,88,10.7,0,99,3.71,217,0,1008.3,0
2025-12-08T20:00,12.2,90,10.6,0,100,3.4,204,0,1008.7,0
2025-12-08T21:00,12,92,10.8,0,100,2.74,189,0,1008.1,0
2025-12-08T22:00,12.1,92,10.9,0,100,2.45,180,0,1007.7,0
2025-12-08T23:00,12.4,92,11.2,0.2,100,4.1,196,0,1006.9,0
2025-12-09T00:00,13.3,88,11.3,0,100,5.11,198,0,1006.9,0
2025-12-09T01:00,13.3,86,11,0.1,100,4.74,198,0,1006.3,0
2025-12-09T02:00,13.1,85,10.7,0.2,100,4.91,192,0,1005.8,0
2025-12-09T03:00,12.7,87,10.6,0.7,100,5.28,187,0,1005.2,0
2025-12-09T04:00,12.4,88,10.5,1.4,100,6.06,188,0,1004.5,0
2025-12-09T05:00,12.2,88,10.4,1.6,100,6.64,190,0,1003.9,0
2025-12-09T06:00,12.1,88,10.1,1,100,6.57,191,0,1003.3,0
2025-12-09T07:00,12.2,85,9.8,0.8,100,6.31,195,0,1002.8,0
2025-12-09T08:00,12.4,83,9.6,0,100,6.31,193,0,1002.3,1
2025-12-09T09:00,13,80,9.7,0,100,5.63,197,8,1002.3,1
2025-12-09T10:00,13.9,75,9.4,0,100,5.63,194,41,1002.2,1
2025-12-09T11:00,14.3,70,8.8,0,100,6.04,192,90,1001.8,1
2025-12-09T12:00,14.3,74,9.6,0,100,6.1,200,47,1001.1,1
2025-12-09T13:00,14.3,74,9.6,0.1,99,6.59,197,68,1000.8,1
2025-12-09T14:00,14.4,74,9.9,0.1,100,5.93,198,74,1000.4,1
2025-12-09T15:00,14.2,76,10.1,0.2,100,6.33,197,16,999.8,1
2025-12-09T16:00,14.2,82,11.1,0.4,100,6.91,205,4,999.9,0
2025-12-09T17:00,14.3,84,11.7,0.1,100,6.93,211,0,1000.2,0
2025-12-09T18:00,14.4,84,11.8,0,99,6.44,216,0,1000.5,0
2025-12-09T19:00,13.7,80,10.4,0,80,6.16,227,0,1001.5,0
2025-12-09T20:00,13.1,79,9.5,0,98,5.62,226,0,1002.5,0
2025-12-09T21:00,12.5,79,9,0,89,4.95,224,0,1003.7,0
2025-12-09T22:00,12,81,8.7,0,96,4.63,225,0,1004.9,0
2025-12-09T23:00,11.6,81,8.4,0,62,4.6,224,0,1005.9,0
2025-12-10T00:00,11.5,80,8.1,0,100,4.56,225,0,1006.7,0
2025-12-10T01:00,11.2,81,8,0,75,4.53,223,0,1007.1,0
2025-12-10T02:00,11,81,8,0,65,4.42,223,0,1007.5,0
2025-12-10T03:00,10.9,83,8.1,0,6,4.37,219,0,1008,0
2025-12-10T04:00,10.7,85,8.2,0,3,4.42,214,0,1008.4,0
2025-12-10T05:00,10.5,86,8.3,0,2,4.42,218,0,1009,0
2025-12-10T06:00,10.9,84,8.2,0,6,4.45,215,0,1009.4,0
2025-12-10T07:00,10.7,84,8.2,0,5,4.47,214,0,1010.1,0
2025-12-10T08:00,10.5,87,8.5,0,9,4.56,215,0,1010.9,1
2025-12-10T09:00,10.8,86,8.6,0,6,4.6,214,33,1011.5,1
2025-12-10T10:00,11.6,82,8.6,0,20,4.78,223,117,1012.3,1
2025-12-10T11:00,12,77,8.2,0,15,5.38,235,187,1012.8,1
2025-12-10T12:00,12.6,75,8.3,0,22,4.73,234,218,1013.2,1
2025-12-10T13:00,12.8,72,7.9,0,16,4.61,246,210,1013.7,1
2025-12-10T14:00,12.6,71,7.4,0,9,4.3,245,169,1014.3,1
2025-12-10T15:00,12,74,7.5,0,4,3.83,246,102,1015.2,1
2025-12-10T16:00,11.2,76,7.1,0,8,3.53,243,19,1016.5,0
2025-12-10T17:00,10.6,78,7,0,4,3.45,236,0,1017.1,0
2025-12-10T18:00,10.1,79,6.7,0,4,3.5,227,0,1017.8,0
2025-12-10T19:00,9.5,83,6.8,0,95,3.4,223,0,1018.7,0
2025-12-10T20:00,9.1,85,6.7,0,95,3.51,221,0,1019.4,0
2025-12-10T21:00,8.8,85,6.5,0,95,3.68,224,0,1019.6,0
2025-12-10T22:00,8.5,85,6.2,0,25,3.75,227,0,1020,0
2025-12-10T23:00,8.4,84,5.8,0,34,3.72,228,0,1020.1,0
2025-12-11T00:00,8.3,88,6.4,0,95,3.5,224,0,1020.2,0
2025-12-11T01:00,8.1,89,6.4,0,97,3.35,218,0,1019.8,0
2025-12-11T02:00,8.1,90,6.5,0,78,3.23,221,0,1019.3,0
2025-12-11T03:00,7.9,90,6.4,0,29,3.36,213,0,1018.7,0
2025-12-11T04:00,7.8,90,6.3,0,8,3.01,216,0,1018.5,0
2025-12-11T05:00,7.7,91,6.3,0,80,2.88,214,0,1018.4,0
2025-12-11T06:00,7.7,94,6.7,0,99,3,206,0,1018.5,0
2025-12-11T07:00,8,94,7.2,0,91,3.34,199,0,1018.4,0
2025-12-11T08:00,8.4,95,7.6,0,6,3.86,199,0,1018.2,1
2025-12-11T09:00,8.8,95,8,0,5,3.94,200,32,1017.9,1
2025-12-11T10:00,9.7,92,8.4,0,17,3.7,199,121,1017.7,1
2025-12-11T11:00,10.6,90,9,0,95,2.94,198,191,1017,1
2025-12-11T12:00,11.4,85,9,0,3,3.36,195,199,1016.3,1
2025-12-11T13:00,11.6,83,8.7,0,16,3.56,191,224,1015.8,1
2025-12-11T14:00,11.3,83,8.4,0,25,3.55,180,166,1015,1
2025-12-11T15:00,10.4,84,7.8,0,29,3.36,177,98,1014.8,1
2025-12-11T16:00,9.3,90,7.7,0,100,3.05,181,16,1015,0
2025-12-11T17:00,9.5,90,7.9,0,100,3.14,189,0,1015,0
2025-12-11T18:00,10.2,87,8.2,0,100,2.8,183,0,1015,0
2025-12-11T19:00,10.3,87,8.3,0,100,2.77,174,0,1014.9,0
2025-12-11T20:00,10.3,89,8.5,0,100,2.97,174,0,1014.8,0
2025-12-11T21:00,10.3,89,8.6,0,100,3.06,165,0,1014.3,0
2025-12-11T22:00,10.1,91,8.6,0,100,3.15,165,0,1013.8,0
2025-12-11T23:00,10.2,90,8.7,0,99,3.15,165,0,1013.7,0
2025-12-12T00:00,10.2,91,8.8,0,99,3.18,158,0,1013.2,0
2025-12-12T01:00,10.2,92,8.9,0,93,3,162,0,1013,0
2025-12-12T02:00,10.3,91,8.9,0,88,2.99,159,0,1012.8,0
2025-12-12T03:00,10.3,91,8.9,0,99,2.9,159,0,1012.6,0
2025-12-12T04:00,10.2,92,9,0,100,2.69,162,0,1012.5,0
2025-12-12T05:00,10.4,92,9.2,0,100,2.56,159,0,1012.5,0
2025-12-12T06:00,10.7,92,9.4,0,100,2.69,170,0,1012.4,0
2025-12-12T07:00,10.6,93,9.4,0.1,98,2.31,174,0,1012.9,0
2025-12-12T08:00,10.4,94,9.6,0,100,2.53,171,0,1013.1,1
2025-12-12T09:00,10.8,93,9.7,0,73,3.18,172,21,1013.6,1
2025-12-12T10:00,11.3,91,9.9,0,100,3.27,169,56,1013.9,1
2025-12-12T11:00,11.7,89,9.9,0,100,3.47,174,93,1014.2,1
2025-12-12T12:00,12,85,9.6,0,98,3.22,173,74,1014.2,1
2025-12-12T13:00,12.1,88,10.2,0,99,2.76,185,118,1014,1
2025-12-12T14:00,12,86,9.8,0,100,3.04,197,106,1014.2,1
2025-12-12T15:00,11.5,89,9.7,0.1,100,2.84,208,62,1014.6,1
2025-12-12T16:00,11.3,90,9.7,0,100,3.11,244,8,1015.3,0
2025-12-12T17:00,10.5,89,8.7,0,100,3.84,278,0,1016.8,0
2025-12-12T18:00,9.5,81,6.5,0,100,3.04,287,0,1018.4,0
2025-12-12T19:00,8.6,82,5.7,0,100,2.35,272,0,1019.7,0
2025-12-12T20:00,8,86,5.8,0,100,2.01,266,0,1020.6,0
2025-12-12T21:00,7.5,89,5.8,0,100,2.02,263,0,1021.5,0
2025-12-12T22:00,7.1,90,5.6,0,100,1.99,258,0,1021.9,0
2025-12-12T23:00,6.5,91,5.2,0,100,1.93,249,0,1022.6,0
2025-12-13T00:00,6.9,91,5.6,0,100,1.83,253,0,1023.3,0
2025-12-13T01:00,6.8,91,5.5,0,100,1.77,248,0,1023.6,0
2025-12-13T02:00,6.6,92,5.5,0,9,1.7,246,0,1023.7,0
2025-12-13T03:00,6,93,5,0,26,1.93,249,0,1024.2,0
2025-12-13T04:00,5.6,94,4.7,0,0,1.95,257,0,1024.5,0
2025-12-13T05:00,5.1,95,4.4,0,0,1.82,249,0,1024.5,0
2025-12-13T06:00,4.2,96,3.6,0,92,1.66,237,0,1024.9,0
2025-12-13T07:00,3.9,96,3.3,0,0,1.81,242,0,1025.5,0
2025-12-13T08:00,3.6,96,3,0,0,1.69,236,0,1026.3,1
2025-12-13T09:00,3.4,97,2.9,0,0,1.17,220,30,1026.6,1
2025-12-13T10:00,4.7,94,3.8,0,0,1.31,230,119,1026.8,1
2025-12-13T11:00,5.9,91,4.5,0,1,0.92,241,194,1026.7,1
2025-12-13T12:00,7.6,87,5.6,0,16,1.13,221,234,1026.4,1
2025-12-13T13:00,8.7,84,6.1,0,67,1.24,223,227,1025.8,1
2025-12-13T14:00,9.1,82,6.2,0,95,1.45,207,181,1025.2,1
2025-12-13T15:00,8.8,82,5.9,0,84,2.25,201,97,1024.9,1
2025-12-13T16:00,7.8,86,5.7,0,98,2.77,197,18,1024.8,0
2025-12-13T17:00,7.2,89,5.5,0,100,2.83,201,0,1025,0
2025-12-13T18:00,7.1,89,5.3,0,100,3.1,195,0,1024.8,0
2025-12-13T19:00,7,89,5.3,0,91,2.96,202,0,1024.8,0
2025-12-13T20:00,6.9,89,5.2,0,16,3.23,196,0,1024.4,0
2025-12-13T21:00,7,87,5.1,0,38,3.47,203,0,1024,0
2025-12-13T22:00,6.9,87,4.9,0,13,3.34,210,0,1023.8,0
2025-12-13T23:00,6.9,88,5,0,12,3.4,210,0,1023.4,0
2025-12-14T00:00,6.7,92,5.5,0,0,3.43,211,0,1023.1,0
2025-12-14T01:00,6.4,92,5.2,0,0,3.27,214,0,1022.5,0
2025-12-14T02:00,6.2,93,5.2,0,0,3.41,212,0,1021.8,0
2025-12-14T03:00,6.3,93,5.3,0,0,3.62,213,0,1021.1,0
2025-12-14T04:00,6.2,94,5.3,0,2,3.57,211,0,1020.7,0
2025-12-14T05:00,6.2,94,5.3,0,46,3.51,206,0,1020,0
2025-12-14T06:00,6.3,92,5.1,0,96,3.72,211,0,1019.5,0
2025-12-14T07:00,6.2,92,5,0,30,3.66,212,0,1019.3,0
2025-12-14T08:00,6.4,94,5.5,0,9,3.69,208,0,1019.3,1
2025-12-14T09:00,7.1,94,6.2,0,87,3.97,203,29,1018.9,1
2025-12-14T10:00,8.3,91,6.8,0,46,4.3,203,108,1018.5,1
2025-12-14T11:00,9.3,85,7,0,81,4.36,205,181,1017.8,1
2025-12-14T12:00,10.4,84,7.8,0,67,3.72,202,198,1017.1,1
2025-12-14T13:00,10.4,78,6.7,0,84,5.02,203,186,1016.2,1
2025-12-14T14:00,10.2,77,6.4,0,90,4.62,202,119,1015.3,1
2025-12-14T15:00,9.9,79,6.3,0,59,4.43,198,56,1014.5,1
2025-12-14T16:00,9.4,82,6.5,0,43,4.54,199,15,1014,0
2025-12-14T17:00,9.1,82,6.2,0,80,4.43,196,0,1013.6,0
2025-12-14T18:00,9.6,81,6.5,0,75,4.33,199,0,1012.7,0
2025-12-14T19:00,9.8,84,7.2,0,100,4.52,200,0,1012.3,0
2025-12-14T20:00,9.8,88,7.9,0,100,4.55,199,0,1011.8,0
2025-12-14T21:00,10,88,8.1,0,100,4.8,202,0,1011.3,0
2025-12-14T22:00,10.2,86,8,0,100,5.07,202,0,1010.8,0
2025-12-14T23:00,10.1,87,8.1,0,100,5.03,197,0,1010.2,0
2025-12-15T00:00,10.3,89,8.5,0,100,4.68,198,0,1009.7,0
2025-12-15T01:00,10.4,89,8.7,0,100,4.9,198,0,1009.1,0
2025-12-15T02:00,10.3,89,8.5,0,100,4.9,197,0,1008.3,0
2025-12-15T03:00,10.2,88,8.2,0,100,4.84,191,0,1007.5,0
2025-12-15T04:00,10,86,7.8,0,100,4.96,189,0,1006.8,0
2025-12-15T05:00,9.9,86,7.7,0,100,4.46,193,0,1006,0
2025-12-15T06:00,10.3,87,8.2,0,100,3.98,198,0,1005.8,0
2025-12-15T07:00,10.3,88,8.4,0,100,4.04,195,0,1005.6,0
2025-12-15T08:00,10.2,89,8.5,0,48,4.15,193,0,1005.4,1
2025-12-15T09:00,10.1,89,8.4,0,92,4.24,188,17,1005.4,1
2025-12-15T10:00,10.7,87,8.5,0,53,4.41,190,73,1005.4,1
2025-12-15T11:00,11.1,85,8.7,0,100,3.76,183,127,1005,1
2025-12-15T12:00,11.3,83,8.5,0,93,4.54,188,93,1004.5,1
2025-12-15T13:00,11.2,83,8.3,0,70,4.26,183,110,1003.8,1
2025-12-15T14:00,11.1,85,8.6,0,66,4,179,94,1003.4,1
2025-12-15T15:00,10.6,86,8.3,0,100,4.2,178,75,1003.3,1
2025-12-15T16:00,10.5,87,8.4,0,100,4.15,178,6,1003.5,0
2025-12-15T17:00,10.6,86,8.4,0,100,3.95,179,0,1003.4,0
2025-12-15T18:00,10.9,88,9,0,55,3.6,180,0,1003.5,0
2025-12-15T19:00,10.8,89,9.1,0,48,3.44,172,0,1003.6,0
2025-12-15T20:00,10.8,89,9.1,0,29,3.18,172,0,1003.7,0
2025-12-15T21:00,10.3,90,8.7,0,91,2.74,171,0,1003.7,0
2025-12-15T22:00,10.3,88,8.4,0,99,2.81,168,0,1003.8,0
2025-12-15T23:00,10.3,87,8.1,0,100,3.08,173,0,1003.9,0
2025-12-16T00:00,10.5,87,8.4,2.2,100,2.6,182,0,1003.3,0
2025-12-16T01:00,10.4,90,8.8,0,99,2.39,169,0,1003,0
2025-12-16T02:00,10.5,92,9.2,0,100,2.6,164,0,1002.9,0
2025-12-16T03:00,10.5,92,9.2,0,99,2.85,162,0,1002.9,0
2025-12-16T04:00,10.2,93,9,0,95,3.24,167,0,1002.9,0
2025-12-16T05:00,10.2,93,9.1,0,98,3.53,168,0,1003.1,0
2025-12-16T06:00,10.3,94,9.4,0,100,2.9,169,0,1003.7,0
2025-12-16T07:00,10.3,94,9.4,0,100,2.48,152,0,1003.9,0
2025-12-16T08:00,10.4,94,9.4,0,100,2.64,161,0,1004.7,0
2025-12-16T09:00,10.7,92,9.5,0,100,3.15,177,7,1005.7,1
2025-12-16T10:00,11.1,90,9.5,0,100,2.86,185,51,1006.2,1
2025-12-16T11:00,11.2,89,9.5,0.7,100,2.45,179,43,1006.8,1
2025-12-16T12:00,11.4,91,10,0.2,100,2.1,179,52,1007.1,1
2025-12-16T13:00,11.3,94,10.3,0.8,100,2.16,230,47,1007.3,1
2025-12-16T14:00,9.9,95,9.2,0.5,100,3.4,346,50,1007.8,1
2025-12-16T15:00,8.8,94,7.8,0.1,100,3.46,357,30,1008.5,1
2025-12-16T16:00,8.7,92,7.6,0,100,3.11,354,5,1009.2,0
2025-12-16T17:00,8.4,90,6.9,0,100,2.95,3,0,1009.8,0
2025-12-16T18:00,8.1,90,6.6,0,100,2.61,340,0,1011.1,0
2025-12-16T19:00,8.1,86,5.9,0,100,2.48,335,0,1011.9,0
2025-12-16T20:00,7.9,82,5.1,0,100,2.35,333,0,1012.3,0
2025-12-16T21:00,7.6,82,4.8,0,100,2.27,327,0,1012.8,0
2025-12-16T22:00,7,84,4.5,0,5,1.97,324,0,1012.9,0
2025-12-16T23:00,6,87,4,0,5,1.7,310,0,1013.2,0
2025-12-17T00:00,5.4,88,3.5,0,1,1.21,300,0,1013.7,0
2025-12-17T01:00,4.9,89,3.3,0,68,1.79,288,0,1014,0
2025-12-17T02:00,4.1,93,3,0,63,1.33,257,0,1014,0
2025-12-17T03:00,3.6,95,2.8,0,89,1.69,236,0,1014.2,0
2025-12-17T04:00,3.1,96,2.5,0,30,1.77,245,0,1014.6,0
2025-12-17T05:00,2.6,99,2.4,0,100,1.76,235,0,1014.7,0
2025-12-17T06:00,1.8,100,1.8,0,100,1.52,207,0,1014.9,0
2025-12-17T07:00,1.7,100,1.7,0,99,1.84,225,0,1015.2,0
2025-12-17T08:00,1.9,95,1.2,0,99,2.12,223,0,1015.3,0
2025-12-17T09:00,2.7,88,0.8,0,100,2.55,222,20,1015.7,1
2025-12-17T10:00,4.2,82,1.4,0,100,2.55,203,65,1015.6,1
2025-12-17T11:00,5.9,83,3.3,0,100,2.95,195,75,1015.2,1
2025-12-17T12:00,8.1,83,5.4,0,100,3.92,203,97,1014.1,1
2025-12-17T13:00,8.9,80,5.7,0,100,3.99,202,102,1013.1,1
2025-12-17T14:00,9.5,78,5.8,0,100,4.45,206,91,1012.5,1
2025-12-17T15:00,9.3,79,5.8,0,100,4.43,200,40,1011.8,1
2025-12-17T16:00,9.3,80,6.1,0,100,4.62,200,5,1011.4,0
2025-12-17T17:00,9.3,82,6.4,0,100,4.68,198,0,1011.1,0
2025-12-17T18:00,9.8,83,7,0,100,5.11,200,0,1010.5,0
2025-12-17T19:00,9.6,84,7,0,71,5.17,197,0,1009.9,0
2025-12-17T20:00,9.5,85,7.1,0,84,5.58,195,0,1009.1,0
2025-12-17T21:00,9.8,84,7.2,0,100,5.74,198,0,1009,0
2025-12-17T22:00,9.9,83,7.2,0,100,5.93,198,0,1008.9,0
2025-12-17T23:00,10.1,82,7.2,0,100,6.1,198,0,1008.1,0
2025-12-18T00:00,10.4,85,7.9,0,100,6.02,199,0,1007.4,0
2025-12-18T01:00,10.5,87,8.4,0.4,100,6.18,199,0,1007,0
2025-12-18T02:00,10.5,90,8.8,0.8,100,6.37,200,0,1006.7,0
2025-12-18T03:00,10.4,92,9.2,1.3,100,6.39,200,0,1006.4,0
2025-12-18T04:00,10.6,92,9.3,0.2,100,6.02,204,0,1006.3,0
2025-12-18T05:00,10.6,94,9.7,1.3,100,5.69,203,0,1006.2,0
2025-12-18T06:00,10.9,94,10,1.1,100,4.62,203,0,1006.6,0
2025-12-18T07:00,11,94,10,0,100,4.54,199,0,1006.5,0
2025-12-18T08:00,10.9,93,9.9,0,100,4.09,188,0,1006.3,0
2025-12-18T09:00,10.9,93,9.8,0,100,4.02,186,4,1006.1,1
2025-12-18T10:00,11.1,90,9.6,0.2,100,4.6,180,19,1005.4,1
2025-12-18T11:00,11,90,9.5,0.3,100,4.95,179,28,1004.2,1
2025-12-18T12:00,10.9,92,9.7,0.8,100,5.64,173,43,1002.6,1
2025-12-18T13:00,11.1,94,10.1,2.6,100,6.37,175,22,1000.6,1
2025-12-18T14:00,11.2,92,10,2.3,100,7.59,186,13,999.5,1
2025-12-18T15:00,11,90,9.5,2,100,8.32,193,8,999,1
2025-12-18T16:00,10.9,89,9.2,2.1,100,7.98,192,2,998.3,0
2025-12-18T17:00,11.6,88,9.6,1.6,100,8.49,192,0,997.5,0
2025-12-18T18:00,12.5,85,10.1,0.5,100,7.96,197,0,997.2,0
2025-12-18T19:00,12.7,83,9.9,0,100,6.94,216,0,998.3,0
2025-12-18T20:00,12.1,82,9.1,0,100,5.55,226,0,1000.3,0
2025-12-18T21:00,11.3,83,8.6,0,100,5.35,221,0,1001.9,0
2025-12-18T22:00,11.2,85,8.7,0,100,4.77,213,0,1002.7,0
2025-12-18T23:00,11.3,86,9,0.2,100,5.21,221,0,1003.7,0
2025-12-19T00:00,11,87,8.9,0.1,100,4.3,245,0,1004.6,0
2025-12-19T01:00,10.3,87,8.2,0.1,100,3.58,255,0,1005.6,0
2025-12-19T02:00,9.7,83,7,0,100,3.4,256,0,1007,0
2025-12-19T03:00,9.3,82,6.3,0,100,3.1,249,0,1007.9,0
2025-12-19T04:00,8.3,82,5.5,0,100,3.11,242,0,1008.8,0
2025-12-19T05:00,8,84,5.4,0,100,3.24,232,0,1009.9,0
2025-12-19T06:00,7.5,83,4.8,0,100,3.49,232,0,1010.8,0
2025-12-19T07:00,7.3,82,4.5,0,100,3.43,228,0,1011.5,0
2025-12-19T08:00,7.2,81,4.2,0,85,3.31,232,0,1012.5,0
2025-12-19T09:00,7.2,80,4.1,0,23,3.25,224,23,1013.2,1
2025-12-19T10:00,8.1,77,4.4,0,37,3.47,229,110,1014,1
2025-12-19T11:00,9.1,76,5.1,0,10,2.4,225,184,1014.4,1
2025-12-19T12:00,10.1,76,6.1,0,0,2.65,227,223,1014.6,1
2025-12-19T13:00,10.4,74,6,0,1,3.26,230,222,1014.6,1
2025-12-19T14:00,10.5,72,5.7,0,9,3.42,232,175,1014.9,1
2025-12-19T15:00,10.1,73,5.4,0,0,3.08,228,97,1014.9,1
2025-12-19T16:00,9.1,76,5.1,0,0,2.8,221,20,1015.3,0
2025-12-19T17:00,8.3,79,5,0,0,2.84,208,0,1015.5,0
2025-12-19T18:00,8,81,4.9,0,2,3.19,215,0,1015.8,0
2025-12-19T19:00,7.6,83,4.8,0,3,2.94,220,0,1016.4,0
2025-12-19T20:00,7.2,85,4.8,0,0,2.74,211,0,1016.4,0
2025-12-19T21:00,7,85,4.6,0,0,2.61,212,0,1016.4,0
2025-12-19T22:00,6.7,86,4.5,0,0,2.5,213,0,1016.3,0
2025-12-19T23:00,6.4,87,4.4,0,1,2.29,216,0,1015.7,0
2025-12-20T00:00,6,89,4.3,0,1,1.86,204,0,1015.7,0
2025-12-20T01:00,5.8,89,4.2,0,5,2.02,189,0,1015.6,0
2025-12-20T02:00,5.7,89,4,0,0,2.11,185,0,1015,0
2025-12-20T03:00,4.1,92,2.9,0,2,1.65,177,0,1014.5,0
2025-12-20T04:00,4.5,91,3.2,0,6,1.78,170,0,1013.9,0
2025-12-20T05:00,5,91,3.7,0,9,1.89,168,0,1013.1,0
2025-12-20T06:00,5.1,87,3.1,0,8,2.04,169,0,1013.1,0
2025-12-20T07:00,4.2,89,2.6,0,2,1.79,162,0,1012.8,0
2025-12-20T08:00,4,91,2.7,0,2,1.83,154,0,1012.5,0
2025-12-20T09:00,5.2,92,3.9,0,0,2.31,150,24,1012.4,1
2025-12-20T10:00,6.5,90,5,0,0,2.75,143,109,1012,1
2025-12-20T11:00,7.8,85,5.4,0,0,2.37,132,185,1011.3,1
2025-12-20T12:00,8.6,89,6.9,0,1,2,112,230,1010.5,1
2025-12-20T13:00,9,82,6.2,0,5,2.61,126,221,1009.6,1
2025-12-20T14:00,9.1,79,5.6,0,19,2.71,120,173,1009,1
2025-12-20T15:00,8.6,80,5.4,0,13,2.84,116,94,1008.5,1
2025-12-20T16:00,7.7,86,5.5,0,33,2.85,108,18,1008,0
2025-12-20T17:00,7.3,88,5.5,0,27,3.08,103,0,1007.5,0
2025-12-20T18:00,7.4,91,6,0,65,3.17,102,0,1007.2,0
2025-12-20T19:00,7.5,92,6.3,0,100,3.11,101,0,1006.8,0
2025-12-20T20:00,7.7,92,6.5,0,96,2.97,103,0,1006.4,0
2025-12-20T21:00,7.5,92,6.3,0,74,2.88,98,0,1006.2,0
2025-12-20T22:00,6.9,94,6,0,100,3.06,94,0,1005.9,0
2025-12-20T23:00,7.1,95,6.3,0,100,2.8,90,0,1005.4,0
2025-12-21T00:00,7.7,97,7.2,0,100,2.77,97,0,1005.5,0
2025-12-21T01:00,8,97,7.5,0,96,2.57,97,0,1005.2,0
2025-12-21T02:00,7.9,97,7.5,0,98,2.56,102,0,1005.1,0
2025-12-21T03:00,8.4,96,7.9,0,41,2.37,108,0,1005.1,0
2025-12-21T04:00,7.9,97,7.5,0,44,1.86,121,0,1005.1,0
2025-12-21T05:00,7.3,98,7,0,91,1.68,117,0,1005.3,0
2025-12-21T06:00,8.4,97,8,0,100,2.24,100,0,1005.5,0
2025-12-21T07:00,8,98,7.6,0,100,1.87,98,0,1005.7,0
2025-12-21T08:00,7.3,98,7,0,88,2.11,83,0,1006,0
2025-12-21T09:00,7.4,98,7.1,0,100,2.39,79,17,1006.1,1
2025-12-21T10:00,8.6,96,8,0,100,2.7,89,51,1006.5,1
2025-12-21T11:00,9.2,96,8.6,0,100,2.51,84,69,1006.4,1
2025-12-21T12:00,10,95,9.3,0,100,2.97,83,60,1006.1,1
2025-12-21T13:00,10.3,93,9.1,0,100,3.01,75,112,1005.5,1
2025-12-21T14:00,10.2,92,9,0,100,2.93,67,95,1005.2,1
2025-12-21T15:00,9.7,93,8.7,0,100,3.42,69,64,1004.9,1
2025-12-21T16:00,9.1,95,8.4,0.2,100,3.74,65,10,1004.6,0
2025-12-21T17:00,8.9,96,8.4,1.2,100,4.13,71,0,1004,0
2025-12-21T18:00,9.6,96,9,0.4,100,4.11,77,0,1003.8,0
2025-12-21T19:00,10,97,9.5,0.6,100,3.95,81,0,1003.6,0
2025-12-21T20:00,10.3,96,9.7,0.5,100,4.41,85,0,1003.4,0
2025-12-21T21:00,10.3,96,9.7,0.5,100,4.4,82,0,1003.3,0
2025-12-21T22:00,10.3,94,9.4,0.9,100,4.51,93,0,1003.5,0
2025-12-21T23:00,10.1,94,9.1,0.8,100,3.86,86,0,1003.2,0
2025-12-22T00:00,10,95,9.2,0.5,100,3.33,64,0,1002.9,0
2025-12-22T01:00,9.9,95,9.2,0.3,100,3.74,67,0,1002.7,0
2025-12-22T02:00,9.7,95,9,0.1,100,3.58,70,0,1002.1,0
2025-12-22T03:00,9.1,96,8.4,0,100,3.34,81,0,1002.8,0
2025-12-22T04:00,8.8,95,8.1,0,100,3.58,83,0,1003,0
2025-12-22T05:00,8.6,95,7.8,0,100,3.2,87,0,1003.4,0
2025-12-22T06:00,8.4,97,7.9,0,100,2.71,78,0,1003.6,0
2025-12-22T07:00,8.2,97,7.7,0,100,2.52,83,0,1004.2,0
2025-12-22T08:00,8.4,96,7.7,0,100,2.58,81,0,1004.6,0
2025-12-22T09:00,8.8,94,8,0,100,2.49,105,12,1005.2,1
2025-12-22T10:00,9.6,93,8.5,0,100,2.33,118,67,1006.2,1
2025-12-22T11:00,10.6,90,9,0,98,1.89,127,101,1006.4,1
2025-12-22T12:00,10.3,92,9.1,0,100,1.81,104,116,1006.4,1
2025-12-22T13:00,10.5,93,9.4,0,100,1.74,78,86,1006.2,1
2025-12-22T14:00,10.6,92,9.4,0,100,2.24,80,77,1006.2,1
2025-12-22T15:00,10.3,94,9.3,0,100,2.01,76,52,1006.4,1
2025-12-22T16:00,9.9,94,9,0,100,2.06,84,12,1007.2,0
2025-12-22T17:00,9.7,94,8.9,0,100,1.84,68,0,1007.7,0
2025-12-22T18:00,9,96,8.3,0,97,2.39,61,0,1008.1,0
2025-12-22T19:00,8.2,97,7.7,0,100,2.62,61,0,1008.4,0
2025-12-22T20:00,7.7,97,7.2,0,100,2.63,69,0,1009,0
2025-12-22T21:00,7.7,97,7.2,0,100,2.66,70,0,1009.5,0
2025-12-22T22:00,7.7,96,7.2,0,100,2.63,69,0,1009.7,0
2025-12-22T23:00,7.6,97,7.1,0,97,2.27,76,0,1010,0
2025-12-23T00:00,7.6,98,7.3,0,96,2.28,64,0,1010.2,0
2025-12-23T01:00,7.5,98,7.2,0,98,2.31,51,0,1010.5,0
2025-12-23T02:00,7.4,98,7.1,0,97,2.86,54,0,1011,0
2025-12-23T03:00,7.1,98,6.8,0,100,3.26,58,0,1011.3,0
2025-12-23T04:00,6.8,98,6.5,0,100,3.15,57,0,1011.6,0
2025-12-23T05:00,6.8,97,6.3,0,100,3.29,54,0,1011.8,0
2025-12-23T06:00,6.8,96,6.2,0,100,3.19,48,0,1012.3,0
2025-12-23T07:00,6.8,94,5.9,0,100,3.29,46,0,1013,0
2025-12-23T08:00,6.6,93,5.6,0,100,3.39,45,0,1013.6,0
2025-12-23T09:00,7,90,5.4,0,100,3.64,46,10,1014.2,1
2025-12-23T10:00,7.2,88,5.4,0,100,3.43,46,38,1015,1
2025-12-23T11:00,7.4,87,5.3,0.1,100,4.18,49,65,1015.6,1
2025-12-23T12:00,7.1,82,4.2,0,100,4.14,48,71,1015.8,1
2025-12-23T13:00,7.3,81,4.2,0,100,4.39,53,61,1016.1,1
2025-12-23T14:00,7.4,80,4.2,0,100,3.79,49,55,1016.3,1
2025-12-23T15:00,7.3,81,4.2,0,100,3.75,48,33,1016.8,1
2025-12-23T16:00,7,82,4.2,0,100,4.14,45,7,1017.7,0
2025-12-23T17:00,6.7,82,3.9,0,100,4.35,45,0,1018.6,0
2025-12-23T18:00,6.3,83,3.7,0,100,4.1,46,0,1019.6,0
2025-12-23T19:00,6.2,85,3.8,0,100,4.17,47,0,1020.5,0
2025-12-23T20:00,6,85,3.7,0,100,4.36,48,0,1021.1,0
2025-12-23T21:00,6,84,3.5,0,100,4.37,50,0,1021.8,0
2025-12-23T22:00,6,83,3.3,0,100,4.48,51,0,1022.6,0
2025-12-23T23:00,5.9,83,3.2,0,100,4.54,54,0,1023.1,0
2025-12-24T00:00,5.6,85,3.2,0,100,4.14,45,0,1023.5,0
2025-12-24T01:00,5.5,84,3,0,100,4.14,46,0,1024.1,0
2025-12-24T02:00,5.4,84,2.9,0,100,4,47,0,1024.5,0
2025-12-24T03:00,5.7,82,2.9,0,100,4,47,0,1025,0
2025-12-24T04:00,5.9,83,3.2,0,100,4.11,53,0,1025.6,0
2025-12-24T05:00,5.8,83,3.2,0,100,4.33,56,0,1026.3,0
2025-12-24T06:00,5.6,82,2.8,0,100,4.18,49,0,1026.8,0
2025-12-24T07:00,5.1,83,2.5,0,100,4.39,47,0,1027.7,0
2025-12-24T08:00,4.7,81,1.8,0,100,4.55,50,0,1028.8,0
2025-12-24T09:00,4.4,78,0.9,0,51,4.38,55,11,1029.9,1
2025-12-24T10:00,4.7,73,0.2,0,70,5.17,60,91,1030.7,1
2025-12-24T11:00,5.1,69,-0.3,0,46,5.46,66,151,1030.8,1
2025-12-24T12:00,5.6,62,-1.1,0,50,6.11,69,182,1030.9,1
2025-12-24T13:00,5.7,63,-0.9,0,77,6.84,63,176,1031,1
2025-12-24T14:00,5.5,65,-0.7,0,73,5.38,57,132,1030.9,1
2025-12-24T15:00,5.2,66,-0.6,0,28,4.82,48,65,1030.9,1
2025-12-24T16:00,4.5,68,-1,0,14,4.49,44,19,1031.1,0
2025-12-24T17:00,4.1,70,-0.9,0,58,4.6,43,0,1031.2,0
2025-12-24T18:00,3.6,75,-0.5,0,41,4.77,38,0,1031.4,0
2025-12-24T19:00,3.8,75,-0.2,0,64,5.18,37,0,1031.2,0
2025-12-24T20:00,4.1,73,-0.3,0,35,5.08,39,0,1030.9,0
2025-12-24T21:00,4.1,73,-0.4,0,34,4.85,37,0,1030.4,0
2025-12-24T22:00,4.2,71,-0.5,0,25,5.04,39,0,1030.1,0
2025-12-24T23:00,4.2,72,-0.5,0,15,5.23,43,0,1029.8,0
2025-12-25T00:00,3.4,76,-0.4,0,1,5.74,38,0,1029,0
2025-12-25T01:00,3.5,75,-0.7,0,6,6.03,41,0,1028.4,0
2025-12-25T02:00,3.6,71,-1.1,0,0,6.06,41,0,1028,0
2025-12-25T03:00,3.7,68,-1.8,0,0,6.19,44,0,1027.5,0
2025-12-25T04:00,3.8,64,-2.5,0,2,6.42,49,0,1027.3,0
2025-12-25T05:00,3.6,65,-2.4,0,4,6.46,50,0,1027.2,0
2025-12-25T06:00,3.4,67,-2.2,0,2,6.09,48,0,1027.1,0
2025-12-25T07:00,3.1,68,-2.2,0,0,5.49,48,0,1027.1,0
2025-12-25T08:00,3,68,-2.5,0,0,5.26,50,0,1027.3,0
2025-12-25T09:00,3,68,-2.4,0,0,5.1,48,23,1027.3,1
2025-12-25T10:00,3.6,68,-1.8,0,2,5.01,50,111,1027.5,1
2025-12-25T11:00,4.2,70,-0.9,0,45,5.05,51,187,1026.9,1
2025-12-25T12:00,5,61,-1.9,0,11,4.92,43,212,1026,1
2025-12-25T13:00,5.1,62,-1.7,0,16,5.93,58,227,1025.5,1
2025-12-25T14:00,4.9,64,-1.4,0,17,5.66,58,182,1025.3,1
2025-12-25T15:00,4.4,67,-1.3,0,51,5.17,60,97,1025.4,1
2025-12-25T16:00,3.9,71,-0.9,0,99,5.07,59,19,1025.2,0
2025-12-25T17:00,3.7,75,-0.3,0,100,5.03,56,0,1025,0
2025-12-25T18:00,3.7,77,0.1,0,100,4.59,52,0,1025.2,0
2025-12-25T19:00,4,78,0.5,0,100,4.6,53,0,1024.9,0
2025-12-25T20:00,4.3,79,1,0,100,4.41,65,0,1025.1,0
2025-12-25T21:00,4.1,80,0.9,0,100,3.95,81,0,1025.6,0
2025-12-25T22:00,3.7,80,0.5,0,100,3.62,84,0,1026.1,0
2025-12-25T23:00,3.5,79,0.2,0,100,3.22,83,0,1026.2,0
2025-12-26T00:00,3.5,80,0.3,0,98,2.93,70,0,1026.2,0
2025-12-26T01:00,3.4,80,0.4,0,100,2.77,62,0,1026.1,0
2025-12-26T02:00,3.4,81,0.5,0,85,3.03,52,0,1026.2,0
2025-12-26T03:00,3.4,83,0.8,0,99,3.25,46,0,1026.1,0
2025-12-26T04:00,3.3,84,0.8,0,97,3.47,43,0,1026,0
2025-12-26T05:00,3.2,86,1,0,100,3.57,44,0,1026,0
2025-12-26T06:00,3.5,85,1.2,0,100,3.61,43,0,1026,0
2025-12-26T07:00,3.4,86,1.3,0,100,3.69,40,0,1026.3,0
2025-12-26T08:00,3.3,87,1.4,0,100,3.61,46,0,1026.7,0
2025-12-26T09:00,3.7,87,1.7,0,100,3.75,43,8,1026.7,1
2025-12-26T10:00,4.2,86,2.1,0,100,2.66,34,51,1027.3,1
2025-12-26T11:00,4.8,84,2.3,0,100,3.72,54,74,1027.2,1
2025-12-26T12:00,5.6,79,2.3,0,95,4.97,61,112,1026.6,1
2025-12-26T13:00,5.8,78,2.3,0,87,4.59,65,137,1026.7,1
2025-12-26T14:00,5.8,78,2.2,0,98,4.34,66,106,1027.2,1
2025-12-26T15:00,5.7,80,2.6,0,95,3.55,58,48,1027.4,1
2025-12-26T16:00,5.3,83,2.6,0,100,3.69,57,14,1027.7,0
2025-12-26T17:00,5,84,2.6,0,100,3.64,58,0,1028.4,0
2025-12-26T18:00,5,85,2.7,0,86,3.55,51,0,1028.7,0
2025-12-26T19:00,4.6,87,2.6,0,97,3.4,49,0,1029.2,0
2025-12-26T20:00,4.2,90,2.7,0,77,3.21,53,0,1029.7,0
2025-12-26T21:00,4.2,91,2.8,0,99,2.96,53,0,1030.2,0
2025-12-26T22:00,4.1,92,2.9,0,98,2.79,44,0,1030.4,0
2025-12-26T23:00,3.7,94,2.8,0,28,2.88,39,0,1030.7,0
2025-12-27T00:00,3.4,93,2.3,0,26,3.32,37,0,1030.8,0
2025-12-27T01:00,3.1,93,2.1,0,18,3.6,38,0,1030.9,0
2025-12-27T02:00,3,93,2,0,9,3.63,38,0,1031.1,0
2025-12-27T03:00,2.8,93,1.9,0,1,3.66,39,0,1031.3,0
2025-12-27T04:00,2.7,93,1.8,0,2,3.73,39,0,1031.3,0
2025-12-27T05:00,2.5,94,1.7,0,2,3.62,41,0,1031.1,0
2025-12-27T06:00,2.7,91,1.4,0,0,3.76,41,0,1031.2,0
2025-12-27T07:00,2.5,87,0.6,0,0,3.97,41,0,1031.4,0
2025-12-27T08:00,2.7,82,-0.1,0,0,4.38,44,0,1031.9,0
2025-12-27T09:00,3.4,80,0.2,0,1,4.67,46,22,1032.6,1
2025-12-27T10:00,4.7,80,1.5,0,26,4.63,47,107,1033.1,1
2025-12-27T11:00,6,83,3.4,0,6,4.69,50,181,1032.9,1
2025-12-27T12:00,6.8,84,4.2,0,63,6.15,51,221,1032.7,1
2025-12-27T13:00,7.2,82,4.3,0,96,4.94,54,164,1032.5,1
2025-12-27T14:00,7.5,81,4.5,0,83,4.35,45,87,1031.9,1
2025-12-27T15:00,7.3,82,4.4,0,92,4.7,45,59,1031.5,1
2025-12-27T16:00,7.2,84,4.6,0,100,4.47,50,12,1031.9,0
2025-12-27T17:00,7,84,4.5,0,100,4.33,54,0,1032.3,0
2025-12-27T18:00,7.1,82,4.3,0,100,4.13,55,0,1032.7,0
2025-12-27T19:00,7.2,84,4.7,0,100,4.13,52,0,1032.8,0
2025-12-27T20:00,7.2,87,5.2,0,100,4.14,48,0,1032.8,0
2025-12-27T21:00,7.1,88,5.3,0,100,4.39,47,0,1032.8,0
2025-12-27T22:00,7,86,4.8,0,100,4.57,48,0,1032.7,0
2025-12-27T23:00,6.9,85,4.5,0,100,4.12,50,0,1032.5,0
2025-12-28T00:00,6.9,85,4.6,0,100,3.58,49,0,1032.4,0
2025-12-28T01:00,6.8,87,4.8,0,100,3.29,44,0,1032.2,0
2025-12-28T02:00,6.8,83,4.2,0,100,3.39,44,0,1032.2,0
2025-12-28T03:00,6.6,82,3.8,0,100,3.57,44,0,1032.1,0
2025-12-28T04:00,6.4,81,3.4,0,95,3.5,46,0,1032,0
2025-12-28T05:00,6.4,80,3.2,0,100,3.19,48,0,1031.7,0
2025-12-28T06:00,6.5,78,3,0,100,2.91,41,0,1031.6,0
2025-12-28T07:00,6.4,79,3,0,100,3.18,33,0,1031.5,0
2025-12-28T08:00,6.3,79,3,0,100,3.16,35,0,1031.6,0
2025-12-28T09:00,6.3,81,3.4,0,100,2.95,34,8,1031.7,1
2025-12-28T10:00,6.6,81,3.7,0,88,3.04,36,54,1031.6,1
2025-12-28T11:00,7,81,3.9,0,80,2.44,31,104,1031.1,1
2025-12-28T12:00,6.9,77,3.2,0,96,4.07,46,144,1030.6,1
2025-12-28T13:00,7.1,74,2.8,0,90,3.94,51,119,1030,1
2025-12-28T14:00,7.1,75,2.9,0,100,3.02,50,84,1029.3,1
2025-12-28T15:00,7,76,3.1,0,100,3.02,50,53,1029,1
2025-12-28T16:00,6.8,78,3.3,0,100,3.26,50,16,1028.9,0
2025-12-28T17:00,6.7,79,3.3,0,100,3.35,52,0,1028.5,0
2025-12-28T18:00,6.5,77,2.8,0,99,3.33,49,0,1028.5,0
2025-12-28T19:00,6.4,78,2.9,0,79,3.32,44,0,1028.4,0
2025-12-28T20:00,5.8,81,2.8,0,18,3.19,41,0,1028.1,0
2025-12-28T21:00,5.1,85,2.7,0,26,3.08,42,0,1027.9,0
2025-12-28T22:00,4.5,87,2.6,0,31,3.08,42,0,1027.6,0
2025-12-28T23:00,4.1,89,2.5,0,94,3.08,43,0,1027.5,0
2025-12-29T00:00,4.2,89,2.5,0,42,2.85,38,0,1027.3,0
2025-12-29T01:00,3.9,89,2.3,0,36,2.9,36,0,1027.2,0
2025-12-29T02:00,3.6,90,2.1,0,22,2.98,35,0,1027.2,0
2025-12-29T03:00,3.4,90,1.9,0,10,3.2,39,0,1027.2,0
2025-12-29T04:00,3.2,91,1.9,0,8,3.3,41,0,1027,0
2025-12-29T05:00,3.1,91,1.8,0,9,3.2,39,0,1026.9,0
2025-12-29T06:00,3.9,86,1.7,0,93,2.99,38,0,1026.9,0
2025-12-29T07:00,3.9,85,1.6,0,100,3.15,42,0,1027.2,0
2025-12-29T08:00,4.3,83,1.6,0,98,2.83,48,0,1027.4,0
2025-12-29T09:00,4.8,81,1.8,0,100,2.76,45,14,1027.4,1
2025-12-29T10:00,5.6,77,1.9,0,85,2.83,46,64,1027.3,1
2025-12-29T11:00,6.1,76,2.2,0,76,2.54,36,106,1027.1,1
2025-12-29T12:00,5.6,79,2.2,0,100,2.55,23,133,1027,1
2025-12-29T13:00,5.9,76,2,0,100,2.83,36,119,1026.7,1
2025-12-29T14:00,6.1,73,1.7,0,100,3.05,41,98,1026.4,1
2025-12-29T15:00,5.9,76,2.1,0,100,2.64,29,53,1026.4,1
2025-12-29T16:00,5.7,78,2.2,0,100,2.55,35,10,1026.5,0
2025-12-29T17:00,5.6,80,2.4,0,99,2.45,41,0,1026.6,0
2025-12-29T18:00,5.6,77,2,0,100,2.23,46,0,1026.9,0
2025-12-29T19:00,5.7,78,2.2,0,96,1.99,28,0,1027.3,0
2025-12-29T20:00,5.6,82,2.8,0,99,2.28,19,0,1027.6,0
2025-12-29T21:00,5.7,87,3.7,0,99,2.5,16,0,1027.8,0
2025-12-29T22:00,5.9,89,4.3,0,100,2.9,21,0,1028,0
2025-12-29T23:00,6.1,89,4.5,0,98,2.92,31,0,1028.1,0
2025-12-30T00:00,5.8,89,4.1,0,100,3.04,36,0,1028.8,0
2025-12-30T01:00,5.5,88,3.7,0,100,3.04,36,0,1029.2,0
2025-12-30T02:00,5.4,85,3.1,0,100,2.95,39,0,1029.4,0
2025-12-30T03:00,5.2,83,2.6,0,95,3.07,37,0,1029.6,0
2025-12-30T04:00,5.2,82,2.3,0,99,3.25,37,0,1029.9,0
2025-12-30T05:00,5.1,79,1.7,0,98,3.4,36,0,1029.9,0
2025-12-30T06:00,3.8,84,1.4,0,100,3.24,27,0,1030.3,0
2025-12-30T07:00,3.7,83,1.1,0,100,2.94,32,0,1031,0
2025-12-30T08:00,3.8,82,0.9,0,100,2.85,31,0,1031.7,0
2025-12-30T09:00,3.9,81,0.9,0,100,2.77,28,8,1032.2,1
2025-12-30T10:00,4.3,79,1.1,0,100,2.78,23,43,1032.7,1
2025-12-30T11:00,5,79,1.6,0,71,2.74,21,89,1032.7,1
2025-12-30T12:00,5.7,76,1.8,0,78,2.72,13,141,1032.4,1
2025-12-30T13:00,5.8,73,1.4,0,100,2.62,18,139,1032.2,1
2025-12-30T14:00,5.8,74,1.5,0,100,2.26,5,109,1032,1
2025-12-30T15:00,5.6,76,1.7,0,98,2.36,5,64,1032.2,1
2025-12-30T16:00,5.1,80,1.9,0,82,2.46,5,15,1032.3,1
2025-12-30T17:00,4.6,84,2.1,0,27,2.58,9,0,1032.3,0
2025-12-30T18:00,3.5,85,1.2,0,2,2.5,3,0,1032.2,0
2025-12-30T19:00,2.9,88,1.1,0,9,2.45,4,0,1032.3,0
2025-12-30T20:00,2.6,89,0.9,0,4,2.41,6,0,1032.4,0
2025-12-30T21:00,2.2,90,0.8,0,13,2.27,8,0,1032.3,0
2025-12-30T22:00,1.9,91,0.6,0,3,2.1,357,0,1032,0
2025-12-30T23:00,1.6,91,0.3,0,20,2.07,352,0,1032,0
2025-12-31T00:00,1.2,90,-0.3,0,18,1.63,342,0,1032,0
2025-12-31T01:00,1.1,91,-0.3,0,9,1.69,341,0,1031.7,0
2025-12-31T02:00,0.9,91,-0.4,0,17,1.71,339,0,1031.3,0
2025-12-31T03:00,0.7,92,-0.5,0,20,1.88,343,0,1030.8,0
2025-12-31T04:00,0.6,92,-0.6,0,2,1.93,343,0,1030.3,0
2025-12-31T05:00,0.4,92,-0.7,0,0,1.86,333,0,1029.7,0
2025-12-31T06:00,-0.4,95,-1.1,0,5,1.35,329,0,1029.7,0
2025-12-31T07:00,-1.3,95,-1.9,0,8,1.07,298,0,1029.5,0
2025-12-31T08:00,-1.3,96,-1.9,0,9,1.1,270,0,1029.6,0
2025-12-31T09:00,-0.2,97,-0.7,0,2,1.48,258,19,1029.3,1
2025-12-31T10:00,0.7,93,-0.4,0,34,1.68,260,92,1029,1
2025-12-31T11:00,1.4,91,0.1,0,0,1.5,249,162,1028.6,1
2025-12-31T12:00,2.1,89,0.5,0,0,1.69,236,213,1027.7,1
2025-12-31T13:00,2.6,87,0.6,0,0,1.79,247,233,1026.7,1
2025-12-31T14:00,2.7,87,0.7,0,0,1.97,243,194,1025.8,1
2025-12-31T15:00,2.4,88,0.5,0,0,2.41,249,118,1025.3,1
2025-12-31T16:00,1.5,90,0,0,0,2.74,252,30,1024.7,1
2025-12-31T17:00,1,90,-0.5,0,0,2.92,257,0,1023.9,0
2025-12-31T18:00,0.7,89,-0.9,0,0,2.91,258,0,1023.3,0
2025-12-31T19:00,0.3,90,-1.2,0,2,2.96,258,0,1022.9,0
2025-12-31T20:00,-0.3,92,-1.4,0,8,3,252,0,1022.1,0
2025-12-31T21:00,-0.8,94,-1.6,0,5,3.11,246,0,1021,0
2025-12-31T22:00,-0.9,94,-1.7,0,0,3.15,243,0,1019.9,0
2025-12-31T23:00,-0.8,93,-1.8,0,1,3.15,245,0,1018.9,0
2026-01-01T00:00,-0.6,96,-1.1,0,73,3.22,242,0,1017.9,0
2026-01-01T01:00,-0.3,92,-1.4,0,100,3.61,248,0,1017.1,0
2026-01-01T02:00,0.1,90,-1.4,0,15,3.51,246,0,1016,0
2026-01-01T03:00,-0.1,90,-1.5,0,38,3.76,245,0,1014.9,0
2026-01-01T04:00,0.1,90,-1.4,0,72,3.82,244,0,1013.4,0
2026-01-01T05:00,0.6,89,-1.1,0,96,3.98,245,0,1012.1,0
2026-01-01T06:00,1.5,84,-0.9,0,34,4.26,254,0,1011,0
2026-01-01T07:00,1.8,83,-0.9,0,96,4.46,257,0,1010.4,0
2026-01-01T08:00,1.9,83,-0.8,0,98,4.51,260,0,1009.6,0
2026-01-01T09:00,2.4,81,-0.6,0,96,4.63,263,20,1009.3,1
2026-01-01T10:00,3.2,80,0,0,95,4.58,263,97,1008.7,1
2026-01-01T11:00,4.2,79,0.9,0,95,4.8,268,164,1008,1
2026-01-01T12:00,5.1,81,2.1,0,100,3.17,258,196,1007.2,1
2026-01-01T13:00,5.4,82,2.6,0,100,3.49,261,182,1006.4,1
2026-01-01T14:00,5.7,81,2.7,0,100,4.25,271,155,1005.8,1
2026-01-01T15:00,5.6,80,2.4,0,100,4.03,276,90,1005.4,1
2026-01-01T16:00,5.1,78,1.6,0,96,3.77,281,26,1005.3,1
2026-01-01T17:00,4.5,78,1,0,98,3.77,281,0,1005.1,0
2026-01-01T18:00,4.8,75,0.7,0,90,4.1,283,0,1004.8,0
2026-01-01T19:00,4.2,78,0.7,0,25,4.1,279,0,1004.6,0
2026-01-01T20:00,4,80,0.8,0,38,4.32,281,0,1004.6,0
2026-01-01T21:00,3.8,80,0.7,0,94,4.51,280,0,1004.7,0
2026-01-01T22:00,3.6,81,0.6,0,14,4.53,281,0,1004.4,0
2026-01-01T23:00,3.3,80,0.2,0,3,4.58,284,0,1004.4,0
2026-01-02T00:00,3,77,-0.7,0,2,4.48,290,0,1004.7,0
2026-01-02T01:00,2.7,77,-1,0,0,4.21,283,0,1004.2,0
2026-01-02T02:00,2.4,78,-1.1,0,4,4.35,279,0,1003.9,0
2026-01-02T03:00,2.2,81,-0.8,0,45,4.06,274,0,1003.7,0
2026-01-02T04:00,1.8,84,-0.6,0,99,3.55,269,0,1003.3,0
2026-01-02T05:00,1.5,89,-0.2,0.2,100,3.55,270,0,1003.2,0
2026-01-02T06:00,1.8,91,0.6,0.2,96,3.15,260,0,1002.8,0
2026-01-02T07:00,1.6,93,0.6,0,40,3.41,275,0,1002.9,0
2026-01-02T08:00,1.1,91,-0.3,0,100,3.42,285,0,1003.4,0
2026-01-02T09:00,1.3,86,-0.8,0,0,3.46,290,16,1003.8,1
2026-01-02T10:00,1.5,81,-1.4,0,0,3.38,294,110,1004.1,1
2026-01-02T11:00,2.1,76,-1.7,0,0,2.74,279,195,1004.4,1
2026-01-02T12:00,3,72,-1.7,0,0,3.47,303,243,1004.5,1
2026-01-02T13:00,3.4,61,-3.6,0,0,3.91,309,246,1004.4,1
2026-01-02T14:00,3.3,55,-5,0,0,3.89,307,207,1004.5,1
2026-01-02T15:00,2.7,61,-4.2,0,0,3.67,304,128,1005.1,1
2026-01-02T16:00,2,66,-3.8,0,0,3.38,299,34,1005.7,1
2026-01-02T17:00,1.4,68,-3.9,0,0,3.09,297,0,1006.3,0
2026-01-02T18:00,0.9,72,-3.6,0,0,2.29,281,0,1006.6,0
2026-01-02T19:00,0.6,75,-3.3,0,7,2.7,270,0,1006.8,0
2026-01-02T20:00,0.3,78,-3.2,0,0,2.76,274,0,1006.5,0
2026-01-02T21:00,-0.2,80,-3.2,0,0,2.9,270,0,1006.6,0
2026-01-02T22:00,-0.4,82,-3.1,0,9,2.98,261,0,1006.5,0
2026-01-02T23:00,-0.6,84,-2.9,0,32,3.18,257,0,1006.6,0
2026-01-03T00:00,-0.1,83,-2.6,0,9,3.37,258,0,1006.5,0
2026-01-03T01:00,-0.1,84,-2.4,0,8,3.44,261,0,1006.2,0
2026-01-03T02:00,0.2,85,-2.1,0,14,3.51,267,0,1005.8,0
2026-01-03T03:00,0.4,85,-1.9,0,0,3.88,277,0,1005.8,0
2026-01-03T04:00,0.5,83,-2.1,0,0,4.02,291,0,1005.8,0
2026-01-03T05:00,0.3,81,-2.6,0,0,3.91,297,0,1005.7,0
2026-01-03T06:00,-0.1,80,-3.1,0,0,3.87,297,0,1005.8,0
2026-01-03T07:00,-0.3,77,-3.8,0,0,4.08,303,0,1006.3,0
2026-01-03T08:00,-0.6,71,-5.3,0,0,4.02,305,0,1007,0
2026-01-03T09:00,-0.6,65,-6.3,0,0,4.21,298,24,1007.4,1
2026-01-03T10:00,0.2,63,-6.1,0,0,3.87,299,116,1007.5,1
2026-01-03T11:00,0.8,65,-5,0,0,3.21,275,199,1007.7,1
2026-01-03T12:00,1.9,63,-4.4,0,0,3.58,298,245,1008.1,1
2026-01-03T13:00,2.2,61,-4.7,0,0,3.77,305,247,1008.1,1
2026-01-03T14:00,2.3,62,-4.3,0,0,3.66,302,206,1008.3,1
2026-01-03T15:00,1.9,65,-4.1,0,0,3.61,314,129,1009,1
2026-01-03T16:00,1,68,-4.2,0,0,3.22,313,36,1009.5,1
2026-01-03T17:00,0.4,72,-4.2,0,0,3,307,0,1010,0
2026-01-03T18:00,0.3,71,-4.4,0,0,2.95,304,0,1010.5,0
2026-01-03T19:00,0,72,-4.4,0,0,2.97,303,0,1010.9,0
2026-01-03T20:00,-0.4,74,-4.5,0,0,2.93,290,0,1011.3,0
2026-01-03T21:00,-0.7,75,-4.7,0,0,2.85,292,0,1011.6,0
2026-01-03T22:00,-1,75,-5,0,0,3.02,299,0,1011.8,0
2026-01-03T23:00,-1.2,73,-5.3,0,0,2.84,298,0,1011.8,0
2026-01-04T00:00,-1.5,74,-5.5,0,0,2.8,289,0,1012.2,0
2026-01-04T01:00,-1.6,74,-5.6,0,0,2.86,282,0,1012.2,0
2026-01-04T02:00,-1.8,74,-5.9,0,0,2.73,278,0,1012.2,0
2026-01-04T03:00,-1.9,74,-6,0,0,2.76,275,0,1012.1,0
2026-01-04T04:00,-2,74,-5.9,0,0,3.05,280,0,1012.1,0
2026-01-04T05:00,-1.9,76,-5.6,0,0,2.96,282,0,1011.8,0
2026-01-04T06:00,-2.4,77,-6,0,0,2.61,275,0,1012,0
2026-01-04T07:00,-2.9,79,-6,0,0,2.69,260,0,1012,0
2026-01-04T08:00,-3.3,81,-6.1,0,0,2.85,259,0,1012.3,0
2026-01-04T09:00,-3.1,79,-6.1,0,0,2.92,263,24,1012.6,1
2026-01-04T10:00,-2.2,74,-6.1,0,0,2.27,248,115,1012.8,1
2026-01-04T11:00,-0.7,68,-6,0,0,2.23,254,199,1012.5,1
2026-01-04T12:00,0.9,70,-4,0,0,2.21,257,246,1012,1
2026-01-04T13:00,1.5,69,-3.6,0,0,2.22,256,251,1011.5,1
2026-01-04T14:00,1.7,72,-2.9,0,1,2.35,246,209,1011,1
2026-01-04T15:00,1.4,74,-2.7,0,1,2.44,251,130,1010.9,1
2026-01-04T16:00,0.5,78,-2.9,0,1,2.48,245,37,1010.9,1
2026-01-04T17:00,0.1,78,-3.3,0,13,2.55,247,0,1010.8,0
2026-01-04T18:00,0.1,77,-3.5,0,9,2.42,248,0,1010.6,0
2026-01-04T19:00,-0.3,79,-3.5,0,69,2.6,247,0,1010.5,0
2026-01-04T20:00,-0.7,84,-3.1,0,100,2.6,254,0,1010.5,0
2026-01-04T21:00,-1,89,-2.6,0,60,2.48,245,0,1010.3,0
2026-01-04T22:00,-1.3,92,-2.5,0,28,2.52,249,0,1010.1,0
2026-01-04T23:00,-1.5,92,-2.6,0,24,2.53,248,0,1009.5,0
2026-01-05T00:00,-1.7,91,-3,0,18,2.46,243,0,1009.5,0
2026-01-05T01:00,-1.9,91,-3.1,0,43,2.37,242,0,1009.1,0
2026-01-05T02:00,-2.2,92,-3.3,0,63,2.5,244,0,1008.8,0
2026-01-05T03:00,-2.4,92,-3.5,0,38,2.49,255,0,1008.9,0
2026-01-05T04:00,-2.8,92,-3.9,0,100,2.07,262,0,1008.8,0
2026-01-05T05:00,-1.9,93,-3,0,87,2.1,271,0,1008.6,0
2026-01-05T06:00,-1.2,93,-2.3,0,95,2.01,289,0,1009.2,0
2026-01-05T07:00,-2.1,92,-3.2,0,1,1.85,289,0,1009.7,0
2026-01-05T08:00,-3.7,91,-4.9,0,0,1.61,277,0,1010.3,0
2026-01-05T09:00,-3.2,87,-5.1,0,0,2.05,271,25,1010.8,1
2026-01-05T10:00,-2.2,80,-5.2,0,0,2.06,264,118,1011.1,1
2026-01-05T11:00,-1.1,72,-5.4,0,0,2.1,258,203,1011.2,1
2026-01-05T12:00,0.5,69,-4.6,0,0,2.19,281,252,1011.4,1
2026-01-05T13:00,1.1,66,-4.5,0,0,2.65,281,253,1011.1,1
2026-01-05T14:00,1.3,67,-4.2,0,2,2.89,298,211,1011.3,1
2026-01-05T15:00,0.9,68,-4.3,0,2,2.94,313,130,1011.8,1
2026-01-05T16:00,-0.1,73,-4.4,0,0,2.69,313,39,1012.5,1
2026-01-05T17:00,-0.7,75,-4.6,0,2,2.9,314,0,1013.2,0
2026-01-05T18:00,-0.8,74,-4.8,0,0,2.94,312,0,1013.8,0
2026-01-05T19:00,-1,75,-4.9,0,0,2.9,312,0,1014.5,0
2026-01-05T20:00,-1.3,76,-5,0,0,2.76,315,0,1015.1,0
2026-01-05T21:00,-1.6,76,-5.2,0,0,2.55,315,0,1015.6,0
2026-01-05T22:00,-1.9,78,-5.2,0,0,2.58,306,0,1015.8,0
2026-01-05T23:00,-2.1,79,-5.3,0,0,2.3,297,0,1016.3,0
2026-01-06T00:00,-3.3,82,-5.9,0,0,1.7,268,0,1016.5,0
2026-01-06T01:00,-3.6,83,-6.1,0,0,2.18,254,0,1016.5,0
2026-01-06T02:00,-4,84,-6.3,0,0,2.25,253,0,1016.4,0
2026-01-06T03:00,-4.2,84,-6.5,0,0,2.2,253,0,1016.4,0
2026-01-06T04:00,-4.4,86,-6.5,0,3,2.34,250,0,1016.5,0
2026-01-06T05:00,-4.5,87,-6.4,0,42,2.33,247,0,1016.3,0
2026-01-06T06:00,-5.1,88,-6.7,0,32,2.42,246,0,1016.6,0
2026-01-06T07:00,-5.2,88,-6.8,0,2,2.51,241,0,1016.4,0
2026-01-06T08:00,-5.1,88,-6.9,0,0,2.53,240,0,1016.4,0
2026-01-06T09:00,-4.6,86,-6.6,0,81,2.68,237,24,1016.5,1
2026-01-06T10:00,-3.3,83,-5.8,0,73,3.25,224,93,1016.3,1
2026-01-06T11:00,-1.7,78,-4.9,0,100,2.54,234,143,1016,1
2026-01-06T12:00,0.6,85,-1.7,0.1,100,2.84,244,44,1015.1,1
2026-01-06T13:00,1.3,86,-0.9,0,100,2.73,244,60,1014.4,1
2026-01-06T14:00,2.2,84,-0.3,0,100,2.64,241,91,1013.5,1
2026-01-06T15:00,2.2,86,0.1,0,100,2.66,221,80,1012.9,1
2026-01-06T16:00,1.5,89,-0.1,0,100,2.83,212,28,1012.3,1
2026-01-06T17:00,1.5,88,-0.3,0,100,3.22,213,0,1011.9,0
2026-01-06T18:00,1.9,88,0,0,100,3.33,223,0,1011.5,0
2026-01-06T19:00,2.2,86,0.1,0,100,3.79,214,0,1010.6,0
2026-01-06T20:00,3.3,80,0.1,0.1,100,4.58,219,0,1009.5,0
2026-01-06T21:00,3.6,78,0.2,0.2,100,4.96,221,0,1008.5,0
2026-01-06T22:00,3.4,82,0.7,0.2,100,5.19,220,0,1007.4,0
2026-01-06T23:00,2.9,87,0.9,0.8,99,5.51,219,0,1006.2,0
2026-01-07T00:00,3,89,1.4,2.4,93,4.68,209,0,1004.9,0
2026-01-07T01:00,3.4,93,2.3,1.5,100,4.53,222,0,1003.7,0
2026-01-07T02:00,3.5,94,2.7,2.2,100,4.38,238,0,1002.7,0
2026-01-07T03:00,3.1,96,2.5,0.7,100,3.56,253,0,1002.1,0
2026-01-07T04:00,2.8,94,2,0,42,3.5,270,0,1001.9,0
2026-01-07T05:00,1.6,97,1.2,0,0,3.08,262,0,1002,0
2026-01-07T06:00,1.6,95,0.9,0,1,3.41,248,0,1002.1,0
2026-01-07T07:00,0.7,95,0,0,3,3.24,241,0,1002.4,0
2026-01-07T08:00,0.7,91,-0.6,0,7,3.31,243,0,1002.8,0
2026-01-07T09:00,1.4,88,-0.4,0,8,3.56,253,23,1003.3,1
2026-01-07T10:00,2.7,85,0.3,0,8,4.03,259,109,1003.2,1
2026-01-07T11:00,3.8,79,0.5,0,24,4.11,265,188,1003.3,1
2026-01-07T12:00,5.1,72,0.5,0,2,4.35,273,237,1003.3,1
2026-01-07T13:00,5.5,68,0.1,0,2,4.4,271,250,1003,1
2026-01-07T14:00,5.5,67,-0.2,0,32,4.51,273,213,1002.9,1
2026-01-07T15:00,5.1,67,-0.6,0,38,4.2,273,136,1003.1,1
2026-01-07T16:00,4.3,69,-0.9,0,23,4.2,271,43,1003.7,1
2026-01-07T17:00,3.6,73,-0.9,0,20,3.8,269,0,1003.9,0
2026-01-07T18:00,3.1,76,-0.8,0,88,3.15,260,0,1004,0
2026-01-07T19:00,2.6,80,-0.6,0,100,3.3,260,0,1004.5,0
2026-01-07T20:00,2.2,82,-0.6,0,99,3.06,259,0,1004.8,0
2026-01-07T21:00,1.8,84,-0.6,0,95,2.67,249,0,1004.6,0
2026-01-07T22:00,1.5,85,-0.8,0,99,2.33,255,0,1004.7,0
2026-01-07T23:00,1.3,86,-0.8,0,100,1.83,244,0,1004.3,0
2026-01-08T00:00,2.1,86,0,0,100,1.87,236,0,1004.3,0
2026-01-08T01:00,2.4,87,0.4,0,100,1.88,228,0,1003.9,0
2026-01-08T02:00,2.4,89,0.7,0,100,1.96,251,0,1003.8,0
2026-01-08T03:00,2.3,90,0.8,0.1,100,1.28,249,0,1003.3,0
2026-01-08T04:00,2.1,92,1,0.1,100,0.76,281,0,1003.2,0
2026-01-08T05:00,2,93,1,0.1,100,0.78,220,0,1003.1,0
2026-01-08T06:00,1.9,96,1.4,0,100,0.78,225,0,1003.2,0
2026-01-08T07:00,2,96,1.5,0,100,0.8,176,0,1003,0
2026-01-08T08:00,2.3,95,1.6,0,100,0.65,148,0,1002.9,0
2026-01-08T09:00,2.6,93,1.6,0,100,0.79,125,4,1002.7,1
2026-01-08T10:00,3.2,91,1.9,0,100,1.27,154,18,1002.3,1
2026-01-08T11:00,3.8,92,2.7,0,100,1.29,193,52,1001.2,1
2026-01-08T12:00,4.6,95,3.9,0,100,1.12,201,64,1000.2,1
2026-01-08T13:00,4.9,96,4.2,0.1,100,1.36,163,57,999.1,1
2026-01-08T14:00,4.8,96,4.2,0.3,100,1.64,121,41,997.7,1
2026-01-08T15:00,4.2,98,3.9,0.7,100,2.25,111,21,995.7,1
2026-01-08T16:00,4,97,3.6,1.3,100,2.93,104,5,993.8,1
2026-01-08T17:00,3.9,96,3.3,2.2,100,4.6,98,0,991.3,0
2026-01-08T18:00,4.5,94,3.6,3.7,100,5.9,83,0,988,0
2026-01-08T19:00,5.1,95,4.3,3.2,100,6.48,95,0,984.1,0
2026-01-08T20:00,5.1,97,4.7,1.2,100,5.89,100,0,981.8,0
2026-01-08T21:00,6,95,5.3,0.3,95,2.72,133,0,979.5,0
2026-01-08T22:00,6.8,93,5.7,0.2,39,3.11,132,0,977.3,0
2026-01-08T23:00,6.1,90,4.6,0,100,3.78,98,0,975,0
2026-01-09T00:00,5.4,88,3.5,0,97,4.21,48,0,974.5,0
2026-01-09T01:00,5.7,91,4.3,0,100,4.66,31,0,974.1,0
2026-01-09T02:00,4.8,92,3.7,0,100,3.91,357,0,975.4,0
2026-01-09T03:00,4,96,3.4,0,86,4.55,324,0,977.5,0
2026-01-09T04:00,2.9,95,2.1,0,91,4.85,319,0,979.3,0
2026-01-09T05:00,2.8,93,1.7,0.3,100,5.44,304,0,981.4,0
2026-01-09T06:00,1.9,95,1.3,0.8,100,6.19,306,0,983.3,0
2026-01-09T07:00,2.6,91,1.3,0.4,100,7.19,311,0,984.9,0
2026-01-09T08:00,2.9,89,1.3,0.2,100,7.04,315,0,986.5,0
2026-01-09T09:00,3.1,88,1.3,0.2,100,6.82,315,4,988,1
2026-01-09T10:00,3.3,88,1.4,0.2,100,6.37,317,14,989.3,1
2026-01-09T11:00,3.5,88,1.7,0.3,100,6.3,313,24,990.5,1
2026-01-09T12:00,3.8,88,2.1,0.2,100,5.94,309,48,991.7,1
2026-01-09T13:00,4.1,86,2,0.2,100,6.22,309,57,992.7,1
2026-01-09T14:00,4.4,82,1.5,0.1,99,6.2,311,98,993.4,1
2026-01-09T15:00,4.4,80,1.2,0,100,5.95,311,91,994.3,1
2026-01-09T16:00,4,81,1,0,100,5.76,309,27,995.4,1
2026-01-09T17:00,3.9,80,0.7,0,100,5.65,310,0,996.4,0
2026-01-09T18:00,3.9,80,0.7,0,100,5.03,311,0,997.6,0
2026-01-09T19:00,3.7,80,0.6,0,100,5.07,311,0,998.7,0
2026-01-09T20:00,3.4,81,0.4,0,100,5.06,313,0,999.7,0
2026-01-09T21:00,3.4,81,0.5,0,100,4.95,314,0,1000.6,0
2026-01-09T22:00,3.3,81,0.4,0,100,4.74,318,0,1001.5,0
2026-01-09T23:00,2.9,82,0.2,0,100,4.61,319,0,1002.5,0
2026-01-10T00:00,2.4,85,0.1,0,14,4.21,315,0,1003.8,0
2026-01-10T01:00,2.1,84,-0.4,0,12,4.1,313,0,1004.7,0
2026-01-10T02:00,1.7,85,-0.6,0,27,4.03,314,0,1005.6,0
2026-01-10T03:00,1.4,87,-0.7,0,61,4,317,0,1006.6,0
2026-01-10T04:00,1.2,87,-0.8,0,98,3.94,321,0,1007.3,0
2026-01-10T05:00,0.9,87,-1.1,0,73,3.86,323,0,1008,0
2026-01-10T06:00,0.8,88,-1,0,51,3.76,327,0,1009.2,0
2026-01-10T07:00,0.9,88,-1,0,96,3.69,333,0,1010.1,0
2026-01-10T08:00,1.1,87,-1,0,4,3.56,334,0,1011.3,0
2026-01-10T09:00,1,87,-0.9,0,16,3.26,328,19,1012.5,1
2026-01-10T10:00,1.4,87,-0.7,0,36,2.93,327,113,1013.4,1
2026-01-10T11:00,2.1,83,-0.5,0,70,3.95,338,173,1014.3,1
2026-01-10T12:00,2.7,80,-0.5,0,46,3.67,340,199,1015.2,1
2026-01-10T13:00,3.1,78,-0.5,0,52,3.27,341,179,1015.6,1
2026-01-10T14:00,3.2,77,-0.4,0,90,2.96,338,156,1016.1,1
2026-01-10T15:00,3.1,78,-0.3,0,57,1.95,334,86,1017,1
2026-01-10T16:00,2.5,81,-0.4,0,24,1.54,331,41,1017.8,1
2026-01-10T17:00,1.4,87,-0.6,0,2,1.01,340,0,1018.4,0
2026-01-10T18:00,0.9,88,-0.9,0,99,0.68,306,0,1019.4,0
2026-01-10T19:00,0.6,90,-0.9,0,100,0.18,326,0,1019.7,0
2026-01-10T20:00,0,93,-1.1,0,60,0.18,236,0,1020.3,0
2026-01-10T21:00,-0.4,95,-1.2,0,98,0.49,135,0,1020.2,0
2026-01-10T22:00,-0.6,95,-1.2,0,88,0.7,184,0,1020.3,0
2026-01-10T23:00,-0.3,93,-1.3,0,100,1.39,201,0,1020.8,0
2026-01-11T00:00,-1.5,95,-2.2,0,100,0.86,190,0,1020.6,0
2026-01-11T01:00,-0.8,92,-2,0,100,1.21,150,0,1020.8,0
2026-01-11T02:00,-0.3,88,-2.1,0,100,1.89,148,0,1020.6,0
2026-01-11T03:00,-0.2,86,-2.2,0,100,2.21,152,0,1020.3,0
2026-01-11T04:00,-0.2,85,-2.3,0,100,2.68,153,0,1019,0
2026-01-11T05:00,0.1,85,-2.2,0,100,2.69,156,0,1018.3,0
2026-01-11T06:00,0.2,89,-1.5,0,100,3.29,160,0,1017.4,0
2026-01-11T07:00,1.7,85,-0.6,0,100,3.37,159,0,1016.8,0
2026-01-11T08:00,2.9,83,0.4,0,100,3.74,157,0,1016.2,0
2026-01-11T09:00,3.8,82,1,0,100,3.91,161,8,1015.6,1
2026-01-11T10:00,4.7,79,1.4,0,100,4.2,168,56,1014.9,1
2026-01-11T11:00,5.3,78,1.8,0,100,4.79,172,59,1013.9,1
2026-01-11T12:00,5.9,82,3.1,0,100,4.71,171,48,1012.7,1
2026-01-11T13:00,6.2,83,3.6,0,100,4.78,174,68,1011.3,1
2026-01-11T14:00,6.6,82,3.8,0,100,5.25,178,55,1009.9,1
2026-01-11T15:00,6.8,82,4,0.1,100,5.75,178,32,1008.6,1
2026-01-11T16:00,6.9,85,4.5,0.1,100,6.26,177,8,1007.4,1
2026-01-11T17:00,7.1,86,5,0.1,100,6.3,179,0,1006.5,0
2026-01-11T18:00,7.4,88,5.5,0.3,100,6.4,181,0,1005.6,0
2026-01-11T19:00,7.6,89,5.9,0.5,100,6.6,182,0,1004.5,0
2026-01-11T20:00,8,91,6.6,0.5,100,6.85,181,0,1002.9,0
2026-01-11T21:00,8.6,92,7.3,0.2,100,7.51,187,0,1001.7,0
2026-01-11T22:00,9.3,91,7.9,0.2,100,7.84,191,0,1000.4,0
2026-01-11T23:00,9.8,91,8.5,0.4,98,6.69,205,0,1000.7,0
2026-01-12T00:00,9.5,94,8.6,0,100,6.22,208,0,1000,0
2026-01-12T01:00,10,94,9.2,0,100,5.26,220,0,1000.1,0
2026-01-12T02:00,10.2,94,9.3,0,100,4.87,219,0,1000.3,0
2026-01-12T03:00,10.2,94,9.4,0,100,4.94,216,0,1000.4,0
2026-01-12T04:00,10,93,8.9,0,100,4.89,217,0,1000.4,0
2026-01-12T05:00,9.6,93,8.5,0,100,4.91,218,0,1000.7,0
2026-01-12T06:00,9.7,90,8.1,0,100,4.81,215,0,1000.5,0
2026-01-12T07:00,9.6,90,8,0,92,4.51,211,0,1000.5,0
2026-01-12T08:00,9.3,92,8.1,0,100,4.23,209,0,1000.4,0
2026-01-12T09:00,9.4,92,8.1,0,70,4.39,209,23,1000.8,1
2026-01-12T10:00,10.3,91,8.8,0,100,4.41,209,98,1001.2,1
2026-01-12T11:00,10.5,91,9.1,0,100,4.47,208,86,1000.9,1
2026-01-12T12:00,10.2,92,9,0.1,100,4.23,215,72,1000.5,1
2026-01-12T13:00,10.5,89,8.8,0.1,100,4.85,212,122,1000.4,1
2026-01-12T14:00,10.7,88,8.7,0,99,4.39,217,102,1000.3,1
2026-01-12T15:00,10.7,85,8.4,0,23,4.24,218,85,1000.2,1
2026-01-12T16:00,10.4,85,8,0,38,4.31,218,46,1000.4,1
2026-01-12T17:00,9.9,86,7.8,0,98,4.14,217,1,1000.8,0
2026-01-12T18:00,10.5,86,8.2,0,100,4.29,222,0,1001.1,0
2026-01-12T19:00,10.1,87,8.1,0,71,4.18,217,0,1001.5,0
2026-01-12T20:00,9.7,89,8.1,0,20,4.01,216,0,1001.8,0
2026-01-12T21:00,9.6,91,8.2,0,36,4.13,218,0,1002.4,0
2026-01-12T22:00,9.6,92,8.4,0,71,3.94,219,0,1002.8,0
2026-01-12T23:00,9.7,92,8.5,0,100,3.73,215,0,1003,0
2026-01-13T00:00,9.6,91,8.2,0,87,3.23,212,0,1003.4,0
2026-01-13T01:00,9.4,93,8.3,0,100,2.93,205,0,1003.4,0
2026-01-13T02:00,9.5,93,8.5,0,100,2.91,209,0,1003.6,0
2026-01-13T03:00,9.7,93,8.7,0,100,2.69,209,0,1003.5,0
2026-01-13T04:00,9.7,93,8.7,0,100,2.8,209,0,1003.3,0
2026-01-13T05:00,9.5,94,8.6,0,100,2.45,200,0,1003.2,0
2026-01-13T06:00,9.2,95,8.5,0,100,2.58,189,0,1002.9,0
2026-01-13T07:00,9.4,96,8.8,0,100,3.13,187,0,1002.9,0
2026-01-13T08:00,9.7,97,9.2,0,100,2.85,183,0,1003.1,0
2026-01-13T09:00,9.9,95,9.2,0.2,100,3.55,180,7,1003,1
2026-01-13T10:00,9.8,95,9.1,1.7,100,3.26,176,17,1002.4,1
2026-01-13T11:00,10,94,9.2,1.4,100,5.39,195,18,1001.9,1
2026-01-13T12:00,10.2,95,9.5,1,100,3.71,217,23,1001.4,1
2026-01-13T13:00,10.3,96,9.6,0.6,100,3.7,215,49,1001,1
2026-01-13T14:00,10.2,96,9.6,0.8,100,3.76,221,33,1001,1
2026-01-13T15:00,10.2,95,9.5,1,100,3.77,219,28,1001.3,1
2026-01-13T16:00,9.8,96,9.2,1.7,100,3.5,227,7,1001.8,1
2026-01-13T17:00,9.6,97,9.1,3.3,100,2.65,238,0,1002.1,0
2026-01-13T18:00,9.6,97,9.1,1,100,2.44,235,0,1002.6,0
2026-01-13T19:00,9.5,97,9.1,0.1,100,2.38,255,0,1003.4,0
2026-01-13T20:00,8.9,92,7.7,0,100,3.51,336,0,1004.5,0
2026-01-13T21:00,7.5,89,5.8,0.1,100,2.99,342,0,1005.4,0
2026-01-13T22:00,6.9,86,4.8,0,99,2.32,341,0,1006.4,0
2026-01-13T23:00,6.3,85,4,0,99,1.6,321,0,1007.3,0
2026-01-14T00:00,5.9,85,3.6,0,32,1.93,323,0,1007.9,0
2026-01-14T01:00,4.3,90,2.8,0,42,1.45,319,0,1008.5,0
2026-01-14T02:00,3,92,1.8,0,0,1.21,330,0,1008.9,0
2026-01-14T03:00,2.3,91,1.1,0,0,0.81,292,0,1009.7,0
2026-01-14T04:00,1.5,93,0.5,0,0,1.06,319,0,1010.1,0
2026-01-14T05:00,1.1,93,0.2,0,0,0.57,308,0,1010.3,0
2026-01-14T06:00,1,95,0.3,0,0,0.65,266,0,1010.8,0
2026-01-14T07:00,-0.3,97,-0.7,0,0,0.57,255,0,1011.4,0
2026-01-14T08:00,-0.7,98,-1,0,0,0.62,256,0,1011.9,0
2026-01-14T09:00,0.1,99,-0.1,0,24,0.79,235,32,1012.4,1
2026-01-14T10:00,1.7,95,1,0,48,0.72,205,129,1012.6,1
2026-01-14T11:00,3,93,2.1,0,15,0.45,117,213,1012.4,1
2026-01-14T12:00,4.7,87,2.8,0,2,0.47,58,268,1011.7,1
2026-01-14T13:00,5.9,81,2.9,0,20,0.65,90,275,1010.8,1
2026-01-14T14:00,6.6,77,2.9,0,62,1.17,121,234,1010,1
2026-01-14T15:00,6.6,77,2.9,0,100,1.46,128,100,1009.3,1
2026-01-14T16:00,6.5,80,3.3,0,100,1.8,134,19,1008.8,1
2026-01-14T17:00,6.4,87,4.3,0,98,2.09,132,0,1008,0
2026-01-14T18:00,6.8,91,5.5,1.2,100,2.17,128,0,1007.4,0
2026-01-14T19:00,7.7,94,6.8,0.1,100,2.94,159,0,1006.6,0
2026-01-14T20:00,8.5,94,7.5,0,100,3.42,186,0,1005.7,0
2026-01-14T21:00,9.1,93,8,0.1,100,3.48,192,0,1004.9,0
2026-01-14T22:00,9.1,91,7.8,1.8,100,3.53,201,0,1004.3,0
2026-01-14T23:00,9.2,93,8.1,0.7,100,4.4,201,0,1003.4,0
2026-01-15T00:00,9.4,94,8.4,0.5,99,5.03,207,0,1003.5,0
2026-01-15T01:00,9,94,8,0,1,4.14,224,0,1003.3,0
2026-01-15T02:00,7.5,92,6.3,0,44,4,229,0,1003.5,0
2026-01-15T03:00,7,93,5.9,0,59,3.59,219,0,1003.5,0
2026-01-15T04:00,7.3,93,6.3,0,100,4.07,212,0,1003.3,0
2026-01-15T05:00,8,92,6.9,0,100,3.76,205,0,1002.7,0
2026-01-15T06:00,8.6,93,7.6,0,100,3.87,200,0,1002.5,0
2026-01-15T07:00,8.7,94,7.8,0.1,100,3.56,200,0,1002,0
2026-01-15T08:00,8.8,94,7.9,0.2,100,4.03,197,0,1001.8,1
2026-01-15T09:00,8.6,93,7.5,0.6,100,4.02,186,6,1001.4,1
2026-01-15T10:00,8.5,94,7.6,0.7,100,4.83,190,20,1001.7,1
2026-01-15T11:00,8.2,93,7.1,0.8,100,4.26,185,26,1001.3,1
2026-01-15T12:00,8.3,93,7.2,0.4,100,3.55,179,43,1000.1,1
2026-01-15T13:00,8.5,93,7.4,0.4,100,3.81,175,41,999.2,1
2026-01-15T14:00,8.3,94,7.4,1.7,100,3.4,160,17,997.6,1
2026-01-15T15:00,8.8,92,7.6,2.7,100,5.23,174,12,996.5,1
2026-01-15T16:00,8.8,93,7.7,2.1,100,5.54,173,4,995.4,1
2026-01-15T17:00,9,92,7.7,1.4,100,6.36,177,0,994.7,0
2026-01-15T18:00,9,92,7.8,1.4,100,6.28,175,0,994,0
2026-01-15T19:00,8.9,94,8.1,1,100,5.96,197,0,993.9,0
2026-01-15T20:00,8.8,94,7.8,0.3,100,4.53,214,0,994.1,0
2026-01-15T21:00,7.5,96,7,0.1,100,3.81,256,0,995.4,0
2026-01-15T22:00,6.3,94,5.3,0.1,100,3.1,268,0,996.4,0
2026-01-15T23:00,5.8,95,5,0.1,41,2.92,257,0,997.3,0
2026-01-16T00:00,5.1,96,4.5,0,100,3.34,248,0,998.8,0
2026-01-16T01:00,5.4,95,4.6,0,100,2.7,251,0,999.9,0
2026-01-16T02:00,5,96,4.4,0,59,2.33,225,0,1000.8,0
2026-01-16T03:00,4.4,96,3.8,0,9,1.81,204,0,1001.6,0
2026-01-16T04:00,3.1,97,2.7,0,100,1.5,182,0,1002,0
2026-01-16T05:00,3.8,95,3,0,100,2.03,164,0,1002.3,0
2026-01-16T06:00,5.1,93,4.1,0.4,99,3.07,168,0,1002.7,0
2026-01-16T07:00,5.7,94,4.8,0,100,3.11,184,0,1003.3,0
2026-01-16T08:00,5.6,95,4.8,0,72,3,180,0,1003.7,1
2026-01-16T09:00,5.9,95,5.2,0,7,2.81,184,26,1004.5,1
2026-01-16T10:00,7.1,92,5.9,0,12,2.96,196,120,1005.4,1
2026-01-16T11:00,8.1,89,6.4,0,13,1.98,190,209,1006.1,1
2026-01-16T12:00,9.1,86,6.9,0,23,2.26,186,256,1006,1
2026-01-16T13:00,9.3,78,5.7,0.1,24,3.07,196,227,1006.3,1
2026-01-16T14:00,9.3,77,5.4,0,91,3.13,193,204,1006.5,1
2026-01-16T15:00,9.2,78,5.5,0,100,2.5,178,143,1006.6,1
2026-01-16T16:00,8.5,81,5.4,0,100,2.52,159,54,1007,1
2026-01-16T17:00,7.7,87,5.6,0,100,3.29,163,2,1007.5,0
2026-01-16T18:00,7.8,87,5.8,0,100,3.32,157,0,1007.9,0
2026-01-16T19:00,7.6,88,5.8,0,100,3.2,153,0,1008.1,0
2026-01-16T20:00,7.3,90,5.7,0,100,2.7,140,0,1008.1,0
2026-01-16T21:00,7.4,90,5.9,0,100,3.26,139,0,1008.2,0
2026-01-16T22:00,7.6,88,5.8,0,100,3.6,142,0,1008.4,0
2026-01-16T23:00,7.4,89,5.8,0,100,3.2,146,0,1008.5,0
2026-01-17T00:00,7.3,90,5.8,0.2,100,2.84,141,0,1008.8,0
2026-01-17T01:00,7.4,91,6,0.8,100,2.86,134,0,1008.7,0
2026-01-17T02:00,7.4,91,6,0.1,100,3.08,148,0,1008.7,0
2026-01-17T03:00,7.4,94,6.5,0,100,2.42,142,0,1008.6,0
2026-01-17T04:00,6.9,95,6.2,0,100,2.06,141,0,1009.2,0
2026-01-17T05:00,6.5,95,5.8,0.1,100,2.27,147,0,1009.5,0
2026-01-17T06:00,6.7,92,5.5,0,52,3.09,153,0,1010,0
2026-01-17T07:00,6.5,94,5.6,0,99,2.48,146,0,1010.2,0
2026-01-17T08:00,6.2,95,5.5,0,73,2.55,135,0,1010.9,1
2026-01-17T09:00,6.7,94,5.8,0,69,2.89,143,24,1011.8,1
2026-01-17T10:00,7.8,92,6.6,0,49,2.8,158,102,1012.6,1
2026-01-17T11:00,9,86,6.8,0,37,3.08,167,158,1013,1
2026-01-17T12:00,9,85,6.6,0,99,2.48,161,151,1013.3,1
2026-01-17T13:00,9.4,84,6.9,0.1,48,1.83,154,145,1013.6,1
2026-01-17T14:00,9.9,80,6.7,0,43,1.42,129,163,1013.7,1
2026-01-17T15:00,9.8,82,6.8,0,100,1.7,114,133,1014.1,1
2026-01-17T16:00,8.9,86,6.8,0,100,2,122,51,1014.9,1
2026-01-17T17:00,8.2,90,6.6,0,100,2.09,107,2,1015.4,0
2026-01-17T18:00,7.6,93,6.6,0,100,2.01,94,0,1016.1,0
2026-01-17T19:00,7.1,95,6.4,0,100,1.8,90,0,1016.6,0
2026-01-17T20:00,6,98,5.7,0,5,1.6,92,0,1016.8,0
2026-01-17T21:00,5,99,4.9,0,48,1.44,76,0,1017.1,0
2026-01-17T22:00,5.6,100,5.6,0,100,1.61,74,0,1017.3,0
2026-01-17T23:00,6.3,100,6.2,0,100,1.77,65,0,1017.6,0
2026-01-18T00:00,6,100,6,0,100,1.99,51,0,1017.7,0
2026-01-18T01:00,6.1,100,6.1,0,100,1.99,51,0,1017.3,0
2026-01-18T02:00,6.5,99,6.3,0,100,2.21,57,0,1017.2,0
2026-01-18T03:00,6.9,98,6.6,0,100,2.31,60,0,1017.2,0
2026-01-18T04:00,7.1,98,6.8,0,100,2.47,54,0,1016.6,0
2026-01-18T05:00,6.8,99,6.6,0,100,2.6,60,0,1016.5,0
2026-01-18T06:00,6.9,99,6.7,0.3,100,2.8,61,0,1015.9,0
2026-01-18T07:00,6.8,99,6.7,0,100,2.81,78,0,1016.1,0
2026-01-18T08:00,6.8,98,6.6,0,100,2.49,80,0,1016.3,1
2026-01-18T09:00,7,97,6.5,0,100,2.11,83,7,1016.3,1
2026-01-18T10:00,7.6,93,6.6,0,90,1.74,78,78,1016,1
2026-01-18T11:00,8.6,90,7,0,77,1.75,121,122,1015.9,1
2026-01-18T12:00,9.7,88,7.7,0,38,1.13,139,128,1015.5,1
2026-01-18T13:00,10.6,86,8.4,0,27,1.14,113,238,1015,1
2026-01-18T14:00,11.1,86,8.9,0,27,0.96,118,211,1014.4,1
2026-01-18T15:00,11,88,9.1,0,100,0.85,45,138,1014,1
2026-01-18T16:00,10.4,91,9,0,94,1.33,77,25,1014,1
2026-01-18T17:00,10.1,91,8.6,0,100,1.4,94,2,1014.4,0
2026-01-18T18:00,9.8,92,8.5,0,100,1.89,78,0,1014,0
2026-01-18T19:00,9.5,92,8.3,0.2,100,1.92,65,0,1013.5,0
2026-01-18T20:00,9.1,92,7.9,0,100,1.7,93,0,1013.3,0
2026-01-18T21:00,9,91,7.6,0,95,1.66,95,0,1012.9,0
2026-01-18T22:00,8.8,86,6.6,0,56,1.82,122,0,1012.6,0
2026-01-18T23:00,8.1,85,5.7,0,23,1.91,160,0,1012.6,0
2026-01-19T00:00,6.6,92,5.3,0,23,1.48,147,0,1012.4,0
2026-01-19T01:00,6.7,93,5.6,0,20,1.75,156,0,1012.1,0
2026-01-19T02:00,6.7,94,5.8,0,17,1.92,173,0,1012.2,0
2026-01-19T03:00,7.1,95,6.4,0,15,2,181,0,1012,0
2026-01-19T04:00,7,96,6.3,0,23,1.87,172,0,1011.8,0
2026-01-19T05:00,7.2,96,6.5,0,53,2.39,169,0,1011.9,0
2026-01-19T06:00,7.5,96,6.8,0,98,2.34,164,0,1011.8,0
2026-01-19T07:00,7.7,96,7.1,0,67,2.44,149,0,1012,0
2026-01-19T08:00,7.6,96,7,0,100,2.37,155,0,1012.3,1
2026-01-19T09:00,8.1,95,7.3,0.1,98,2.57,147,12,1012.5,1
2026-01-19T10:00,8.5,94,7.5,0,100,2.49,142,35,1012.7,1
2026-01-19T11:00,8.9,93,7.8,0,98,2.48,146,51,1012.8,1
2026-01-19T12:00,9.8,92,8.5,0,100,3.46,162,131,1012.6,1
2026-01-19T13:00,10.3,89,8.6,0,100,2.62,149,90,1012.2,1
2026-01-19T14:00,10.4,88,8.6,0.4,89,3.43,164,88,1011.8,1
2026-01-19T15:00,10.3,87,8.2,0,76,2.84,154,68,1011.9,1
2026-01-19T16:00,9.7,89,7.9,0,92,2.8,156,47,1012,1
2026-01-19T17:00,9.1,91,7.7,0,78,3.15,153,3,1012.1,0
2026-01-19T18:00,8.9,94,7.9,0,100,2.68,147,0,1012.1,0
2026-01-19T19:00,9.1,93,8,0,100,2.76,158,0,1011.9,0
2026-01-19T20:00,9.4,92,8.1,0.1,100,3.13,151,0,1012,0
2026-01-19T21:00,9.3,92,8.1,0.1,100,3.29,160,0,1012,0
2026-01-19T22:00,9.3,90,7.8,0.1,100,3.42,165,0,1012,0
2026-01-19T23:00,9.3,89,7.6,0,95,3.4,163,0,1011.8,0
2026-01-20T00:00,9.1,93,8,0.1,100,3.51,160,0,1011.3,0
2026-01-20T01:00,9.1,93,8.1,0.3,100,3.48,164,0,1010.9,0
2026-01-20T02:00,9,95,8.3,0.2,100,3.35,170,0,1010.6,0
2026-01-20T03:00,9,95,8.2,0.1,79,3.52,173,0,1010.5,0
2026-01-20T04:00,8.9,93,7.8,0,78,3.6,170,0,1010.4,0
2026-01-20T05:00,8.6,93,7.5,0,100,3.48,159,0,1010.2,0
2026-01-20T06:00,8.2,94,7.3,0,100,3.53,159,0,1009.8,0
2026-01-20T07:00,8.5,93,7.4,0.2,98,4.21,167,0,1009.6,0
2026-01-20T08:00,8.3,92,7.1,0,100,4.24,165,0,1009.4,1
2026-01-20T09:00,8.4,89,6.7,0,59,4.46,162,20,1009.2,1
2026-01-20T10:00,8.6,87,6.6,0,48,4.47,158,103,1009,1
2026-01-20T11:00,9.2,83,6.4,0,42,4.9,162,170,1008.5,1
2026-01-20T12:00,9.8,77,6,0,68,4.85,155,229,1007.8,1
2026-01-20T13:00,9.9,74,5.5,0,52,5.6,160,208,1006.9,1
2026-01-20T14:00,9.9,71,4.9,0,99,5.36,162,194,1006.1,1
2026-01-20T15:00,9.5,74,5.2,0,63,5,158,109,1005.6,1
2026-01-20T16:00,9.1,78,5.5,0,79,5.09,149,56,1004.6,1
2026-01-20T17:00,8.4,84,5.8,0,96,4.96,143,4,1003.8,0
2026-01-20T18:00,8,85,5.6,0,100,5.04,141,0,1003,0
2026-01-20T19:00,8.2,81,5.1,0,100,5.11,143,0,1001.9,0
2026-01-20T20:00,8.4,79,4.9,0,100,5.43,149,0,1000.7,0
2026-01-20T21:00,8.6,78,5.1,0.2,100,5.73,156,0,999.4,0
2026-01-20T22:00,7.8,88,6,2.3,100,6.99,163,0,998.8,0
2026-01-20T23:00,7.4,91,5.9,2.1,100,6.53,171,0,997.9,0
2026-01-21T00:00,7.6,92,6.4,1.1,100,6.85,178,0,997,0
2026-01-21T01:00,6.8,91,5.5,1,81,4.27,190,0,996.6,0
2026-01-21T02:00,6.3,93,5.2,0,8,3.8,196,0,996.2,0
2026-01-21T03:00,5.7,93,4.7,0,21,3.25,180,0,996.1,0
2026-01-21T04:00,5.5,93,4.5,0,9,2.79,171,0,995.6,0
2026-01-21T05:00,5.3,93,4.2,0,28,2.82,157,0,994.7,0
2026-01-21T06:00,5.6,92,4.4,0,28,3.24,146,0,993.6,0
2026-01-21T07:00,6,92,4.8,0,100,3.33,133,0,992.7,0
2026-01-21T08:00,6.9,92,5.7,1,100,4.15,130,0,991.6,1
2026-01-21T09:00,7.9,93,6.9,1.5,100,5.84,142,5,990.3,1
2026-01-21T10:00,9.1,90,7.6,2.3,100,6.57,157,17,989.6,1
2026-01-21T11:00,9.4,87,7.4,0.3,100,6.86,160,35,989.3,1
2026-01-21T12:00,9.3,88,7.4,0.3,100,6.66,160,30,988.5,1
2026-01-21T13:00,9.4,89,7.6,1,100,6.28,154,42,987.7,1
2026-01-21T14:00,9.3,86,7,0.3,100,5.91,152,48,987.3,1
2026-01-21T15:00,9.3,84,6.8,0.2,100,5.67,147,42,987,1
2026-01-21T16:00,9.5,80,6.3,0,100,5.47,149,23,986.8,1
2026-01-21T17:00,9.5,82,6.6,0.3,100,5.51,148,1,986.7,0
2026-01-21T18:00,9.1,89,7.3,0.7,100,5.5,143,0,986.8,0
2026-01-21T19:00,9.4,89,7.6,0.3,100,5.59,142,0,986.5,0
2026-01-21T20:00,9.8,85,7.4,0,100,5.16,144,0,986.4,0
2026-01-21T21:00,9.9,83,7.1,0,100,5.26,146,0,986.6,0
2026-01-21T22:00,10,83,7.3,0.1,100,4.1,136,0,986.6,0
2026-01-21T23:00,10,85,7.5,0,100,3.89,134,0,986.6,0
2026-01-22T00:00,9.5,89,7.8,0.1,100,3.76,131,0,986.9,0
2026-01-22T01:00,9.5,89,7.8,0,100,3.68,132,0,986.8,0
2026-01-22T02:00,9.4,89,7.7,0.1,100,3.51,123,0,986.8,0
2026-01-22T03:00,9.3,89,7.6,0.1,100,4.04,124,0,986.7,0
2026-01-22T04:00,9.2,89,7.4,0.2,100,3.79,131,0,986.6,0
2026-01-22T05:00,9.1,89,7.4,0.1,100,3.83,130,0,986.7,0
2026-01-22T06:00,8.5,92,7.3,0.1,100,3.63,124,0,986.7,0
2026-01-22T07:00,8.2,93,7.1,0.6,100,3.68,121,0,986.6,0
2026-01-22T08:00,8,93,6.9,0.2,100,3.7,125,0,986.7,1
2026-01-22T09:00,8.1,92,7,0,100,3.67,128,5,986.7,1
2026-01-22T10:00,8.6,91,7.2,0,100,3.66,130,33,986.5,1
2026-01-22T11:00,8.9,90,7.4,0,100,3.66,129,64,986.3,1
2026-01-22T12:00,9,88,7.1,0,100,2.95,116,66,986.2,1
2026-01-22T13:00,9.1,88,7.2,0.2,91,3.65,132,95,985.5,1
2026-01-22T14:00,9.3,86,7,0.1,77,3.53,117,100,985,1
2026-01-22T15:00,9,86,6.7,0.2,100,4.44,121,73,984.5,1
2026-01-22T16:00,8.8,87,6.8,0.4,100,4.45,117,14,983.8,1
2026-01-22T17:00,8.8,89,7.1,0.1,71,3.99,150,2,983.7,0
2026-01-22T18:00,8.4,89,6.7,0,87,3.41,158,0,983.8,0
2026-01-22T19:00,8.2,88,6.4,0,84,3.98,147,0,983.6,0
2026-01-22T20:00,8.1,89,6.3,0,91,4.31,165,0,983.5,0
2026-01-22T21:00,8.3,88,6.4,0,70,4.75,179,0,983.8,0
2026-01-22T22:00,8.1,87,6.1,0,26,4.75,192,0,984.5,0
2026-01-22T23:00,7.6,88,5.7,0,30,3.77,191,0,985.1,0
2026-01-23T00:00,7,91,5.7,0,20,2.9,180,0,985.4,0
2026-01-23T01:00,6.9,91,5.6,0,16,2.47,159,0,985.6,0
2026-01-23T02:00,6.5,89,4.8,0.1,69,2.62,130,0,985.6,0
2026-01-23T03:00,6.3,90,4.8,0.2,99,3.16,131,0,985.2,0
2026-01-23T04:00,6.3,91,4.9,0,99,3.58,118,0,984.7,0
2026-01-23T05:00,6.2,93,5.1,0,100,3.96,115,0,984.2,0
2026-01-23T06:00,6.8,92,5.6,0,100,4.36,115,0,983.5,0
2026-01-23T07:00,6.8,92,5.6,1.7,98,4.5,114,0,983.3,0
2026-01-23T08:00,6.9,91,5.5,0.2,100,5.29,121,0,983.4,1
2026-01-23T09:00,7,91,5.7,0.3,100,5.62,122,7,983.3,1
2026-01-23T10:00,7.2,89,5.5,0.5,100,5.55,124,22,983.3,1
2026-01-23T11:00,7.4,89,5.6,0.1,100,4.83,129,38,983.1,1
2026-01-23T12:00,7.9,87,5.9,0.1,100,3.77,122,105,983.2,1
2026-01-23T13:00,8.9,82,5.9,0,98,4.28,135,189,983.1,1
2026-01-23T14:00,8.6,79,5.1,0.2,99,3.52,129,142,983.2,1
2026-01-23T15:00,8.4,78,4.8,0,95,3.83,130,101,983.4,1
2026-01-23T16:00,8.2,78,4.6,0,99,3.89,133,65,983.7,1
2026-01-23T17:00,7.7,78,4.1,0,18,4.12,129,6,984,0
2026-01-23T18:00,7.1,80,4,0,82,4.35,124,0,984.5,0
2026-01-23T19:00,7.4,79,3.9,0.1,89,4.58,129,0,985.1,0
2026-01-23T20:00,7.3,76,3.4,0,80,4.12,129,0,985.7,0
2026-01-23T21:00,7.2,77,3.3,0,27,4.24,133,0,986.5,0
2026-01-23T22:00,6.9,77,3.2,0,34,4.1,133,0,987.1,0
2026-01-23T23:00,6.6,79,3.2,0,43,4.42,135,0,987.7,0
2026-01-24T00:00,6.7,82,3.8,0,44,3.95,128,0,988.2,0
2026-01-24T01:00,6.7,81,3.8,0,90,4.37,129,0,988.8,0
2026-01-24T02:00,6.9,81,3.9,0,100,4.36,131,0,988.9,0
2026-01-24T03:00,6.6,82,3.8,0,94,4.31,136,0,989.4,0
2026-01-24T04:00,6.3,83,3.6,0,87,3.96,135,0,989.8,0
2026-01-24T05:00,5.8,85,3.4,0,87,4,134,0,990.2,0
2026-01-24T06:00,5.5,87,3.5,0,66,3.62,125,0,990.6,0
2026-01-24T07:00,5.9,87,3.9,0,65,4.76,141,0,990.9,0
2026-01-24T08:00,5.8,87,3.8,0,48,4.35,137,0,991.8,1
2026-01-24T09:00,6,86,3.8,0,2,4.36,131,44,992.3,1
2026-01-24T10:00,6.9,82,4,0,0,3.58,126,150,992.4,1
2026-01-24T11:00,7.7,80,4.4,0,63,4.29,124,244,992.5,1
2026-01-24T12:00,8.9,77,5,0,95,3.84,125,279,992.5,1
2026-01-24T13:00,9.2,74,4.8,0,48,4.29,139,303,992.4,1
2026-01-24T14:00,9,75,4.8,0,95,4.6,133,252,992.2,1
2026-01-24T15:00,8.4,77,4.6,0,100,4.41,125,138,992.1,1
2026-01-24T16:00,7.9,79,4.5,0,87,4.6,127,64,992.1,1
2026-01-24T17:00,7.5,81,4.4,0,99,4.97,129,7,992,0
2026-01-24T18:00,7.2,84,4.6,0,100,5.13,123,0,991.9,0
2026-01-24T19:00,7.3,82,4.4,0.4,100,4.77,134,0,992,0
2026-01-24T20:00,6.8,84,4.4,2.1,100,5.14,139,0,992,0
2026-01-24T21:00,6.9,86,4.7,0.5,100,5.21,143,0,992.1,0
2026-01-24T22:00,6.7,88,4.9,0.9,100,5.11,140,0,991.9,0
2026-01-24T23:00,6.8,88,5,0.1,100,4.9,146,0,991.6,0
2026-01-25T00:00,6.7,92,5.5,0.1,100,4.52,142,0,991.5,0
2026-01-25T01:00,6.8,91,5.5,0.3,99,4.11,148,0,991.1,0
2026-01-25T02:00,6.5,94,5.6,1.3,100,3.51,140,0,990.8,0
2026-01-25T03:00,6.2,95,5.4,0,70,3.55,145,0,990.6,0
2026-01-25T04:00,6,94,5.1,0,98,2.72,134,0,990.4,0
2026-01-25T05:00,5.7,95,4.9,0.3,49,2.9,135,0,990.4,0
2026-01-25T06:00,6.2,93,5.2,0,82,2.55,125,0,990.1,0
2026-01-25T07:00,5.9,96,5.3,0.4,68,2.52,124,0,990.2,0
2026-01-25T08:00,5.6,96,5,0,53,2.69,119,0,990.2,1
2026-01-25T09:00,5.8,96,5.3,0,24,2.6,91,34,990.5,1
2026-01-25T10:00,6.9,92,5.7,0,98,2.74,99,107,990.7,1
2026-01-25T11:00,7.9,88,6.1,0.1,100,2.88,98,163,990.7,1
2026-01-25T12:00,7.2,82,4.2,0.1,100,3.68,108,181,991.1,1
2026-01-25T13:00,7.7,78,4.1,0.3,100,3.86,107,185,991.2,1
2026-01-25T14:00,7.6,82,4.7,0,80,3.32,96,171,991.2,1
2026-01-25T15:00,7.5,80,4.3,0,98,2.97,83,112,991.7,1
2026-01-25T16:00,6.9,83,4.3,0,100,2.89,67,51,992.3,1
2026-01-25T17:00,6.2,85,3.8,0,100,3.11,64,5,993,0
2026-01-25T18:00,5.9,89,4.2,0,100,2.84,62,0,993.8,0
2026-01-25T19:00,5.7,90,4.2,0,100,2.66,56,0,994.3,0
2026-01-25T20:00,5.7,91,4.3,0,100,2.3,56,0,995.1,0
2026-01-25T21:00,5.6,92,4.5,0,100,2.01,55,0,995.7,0
2026-01-25T22:00,5.7,93,4.6,0.1,100,1.82,37,0,996.4,0
2026-01-25T23:00,5.6,93,4.5,0.1,100,2.34,40,0,996.7,0
2026-01-26T00:00,5.6,93,4.6,0,100,2.16,46,0,997.4,0
2026-01-26T01:00,5.3,94,4.4,0,100,2.2,39,0,997.7,0
2026-01-26T02:00,5,93,4,0,100,2.3,34,0,998.1,0
2026-01-26T03:00,4.8,92,3.6,0,100,2,32,0,998.4,0
2026-01-26T04:00,4.7,91,3.4,0,100,1.72,30,0,998.7,0
2026-01-26T05:00,4.5,92,3.3,0,100,1.69,34,0,999.1,0
2026-01-26T06:00,4.3,92,3.1,0,100,1.56,45,0,999.8,0
2026-01-26T07:00,4.2,91,2.9,0,100,1.57,59,0,1000.1,0
2026-01-26T08:00,4.1,91,2.8,0,100,1.43,65,0,1000.4,1
2026-01-26T09:00,4.1,90,2.7,0,100,1.61,64,11,1000.4,1
2026-01-26T10:00,4.3,89,2.7,0,100,2.29,74,45,1000.2,1
2026-01-26T11:00,4.6,88,2.8,0,100,2.02,97,59,1000.3,1
2026-01-26T12:00,5,87,2.9,0,100,2.49,100,99,1000.4,1
2026-01-26T13:00,5.7,82,2.8,0,100,2.93,117,148,1000,1
2026-01-26T14:00,6,80,2.8,0,100,3.11,127,123,999.4,1
2026-01-26T15:00,6.1,79,2.7,0,100,2.86,115,73,998.7,1
2026-01-26T16:00,6.2,79,2.8,0,100,2.44,105,49,998.7,1
2026-01-26T17:00,6.1,81,3.1,0.1,100,2.89,113,3,998.6,0
2026-01-26T18:00,5.8,86,3.7,0,100,3.23,112,0,998.3,0
2026-01-26T19:00,5.6,87,3.5,0,100,3.64,111,0,998.3,0
2026-01-26T20:00,5.4,88,3.5,0,100,3.98,108,0,997.4,0
2026-01-26T21:00,5.3,89,3.6,0,100,3.97,104,0,996.6,0
2026-01-26T22:00,5.3,91,4,0,100,4.24,98,0,995.3,0
2026-01-26T23:00,5.6,92,4.4,0,100,3.75,99,0,994.1,0
2026-01-27T00:00,6.3,91,4.9,0,100,4.4,109,0,992.8,0
2026-01-27T01:00,6.7,88,4.9,0.1,100,4.61,116,0,991.7,0
2026-01-27T02:00,6.3,90,4.8,0.3,100,5.68,111,0,990.2,0
2026-01-27T03:00,5.7,93,4.6,1.2,100,5.94,112,0,988.9,0
2026-01-27T04:00,5.9,94,5,1.7,100,5.89,114,0,987.5,0
2026-01-27T05:00,6.2,92,5.1,1.5,100,6.76,119,0,985.8,0
2026-01-27T06:00,5.9,92,4.7,1.6,100,7.43,123,0,984.7,0
2026-01-27T07:00,5.8,93,4.8,4.6,100,7.12,122,0,983.5,0
2026-01-27T08:00,6,94,5.1,1.6,100,6.31,124,0,983.2,1
2026-01-27T09:00,6.5,95,5.7,0.9,100,5.73,122,8,982.7,1
2026-01-27T10:00,6.9,94,6,0.7,100,5.99,131,19,982.6,1
2026-01-27T11:00,7.2,94,6.4,1,100,5.31,133,32,982.3,1
2026-01-27T12:00,7.1,93,6.1,0.9,100,4.58,129,41,982,1
2026-01-27T13:00,7.9,94,7,0.3,100,3.89,136,52,981.9,1
2026-01-27T14:00,8.7,94,7.8,0.2,100,3.39,158,44,982,1
2026-01-27T15:00,9.6,90,8.1,0,100,3.75,181,74,982,1
2026-01-27T16:00,9.2,81,6,0,99,3.98,187,66,982.5,1
2026-01-27T17:00,8.6,77,4.8,0,98,4.22,194,10,983.4,0
2026-01-27T18:00,8,79,4.5,0,55,3.81,197,0,984.3,0
2026-01-27T19:00,7.4,82,4.6,0,66,3.15,198,0,984.8,0
2026-01-27T20:00,6.9,86,4.6,0,55,3.53,207,0,985.7,0
2026-01-27T21:00,6.6,88,4.7,0.1,56,4.16,206,0,986.3,0
2026-01-27T22:00,6.3,88,4.5,0,48,3.72,202,0,987,0
2026-01-27T23:00,6.1,89,4.4,0,24,3.45,199,0,987.3,0
2026-01-28T00:00,5.7,86,3.5,0,8,2.76,202,0,987.8,0
2026-01-28T01:00,5.3,88,3.5,0,9,2.04,202,0,988.1,0
2026-01-28T02:00,4.9,90,3.3,0,16,1.75,182,0,989.2,0
2026-01-28T03:00,4.5,92,3.2,0,38,2.02,173,0,989.8,0
2026-01-28T04:00,4.3,92,3.1,0,24,2.21,185,0,990.1,0
2026-01-28T05:00,4.1,92,2.9,0,52,2.21,185,0,990.4,0
2026-01-28T06:00,2.8,94,1.9,0,52,1.47,198,0,990.5,0
2026-01-28T07:00,1.7,95,1,0,51,0.67,257,0,990.9,0
2026-01-28T08:00,1.5,97,1.1,0,32,0.25,323,1,991.1,1
2026-01-28T09:00,2.6,99,2.4,0,38,0.34,117,54,991.7,1
2026-01-28T10:00,4.3,94,3.4,0,25,0.61,99,158,992.5,1
2026-01-28T11:00,5.7,91,4.3,0,28,1.26,97,247,992.8,1
2026-01-28T12:00,7.5,87,5.5,0,87,0.81,83,308,993,1
2026-01-28T13:00,8.4,78,4.7,0.1,98,1.37,156,276,992.9,1
2026-01-28T14:00,8.8,73,4.1,0.1,94,0.9,146,232,992.9,1
2026-01-28T15:00,8.8,71,3.9,0,100,0.96,129,188,993,1
2026-01-28T16:00,8.1,78,4.4,0,29,0.74,110,96,993.5,1
2026-01-28T17:00,7.3,79,3.9,0,29,1.06,109,12,994.1,0
2026-01-28T18:00,5.8,84,3.3,0,4,0.64,135,0,994.3,0
2026-01-28T19:00,4.8,87,2.8,0,43,0.67,132,0,994.4,0
2026-01-28T20:00,4.1,91,2.7,0,41,0.71,135,0,994.9,0
2026-01-28T21:00,3.5,93,2.5,0,19,0.47,148,0,995.2,0
2026-01-28T22:00,2.6,97,2.1,0,3,0.63,108,0,995.5,0
2026-01-28T23:00,1.8,99,1.6,0,4,0.81,83,0,995.6,0
2026-01-29T00:00,2.5,96,1.9,0,1,1.05,90,0,995.9,0
2026-01-29T01:00,2.9,96,2.3,0,0,1.55,90,0,995.9,0
2026-01-29T02:00,2.6,96,2,0,2,1.86,96,0,996,0
2026-01-29T03:00,2.4,96,1.9,0,12,2.11,97,0,995.9,0
2026-01-29T04:00,1.9,98,1.6,0,26,1.85,90,0,995.8,0
2026-01-29T05:00,1.8,98,1.6,0,70,2.06,86,0,995.8,0
2026-01-29T06:00,1.9,99,1.7,0,99,1.93,80,0,996.2,0
2026-01-29T07:00,2.5,99,2.3,0,100,1.75,88,0,996.4,0
2026-01-29T08:00,3.3,98,3,0,100,1.88,101,1,996.6,1
2026-01-29T09:00,4.2,96,3.6,0,91,2.41,111,29,996.5,1
2026-01-29T10:00,5,94,4,0,35,3.16,113,87,996.1,1
2026-01-29T11:00,5.8,86,3.6,0,96,3.63,124,180,996.1,1
2026-01-29T12:00,6.5,79,3.2,0,62,3.95,128,236,995.6,1
2026-01-29T13:00,6.8,74,2.4,0,100,3.54,135,232,995.1,1
2026-01-29T14:00,6.6,74,2.2,0,99,3.41,130,159,994.6,1
2026-01-29T15:00,6.3,75,2.1,0,56,3.13,115,111,994.3,1
2026-01-29T16:00,5.8,78,2.3,0,100,3.02,106,67,994,1
2026-01-29T17:00,5.2,81,2.2,0,100,3.21,111,9,993.9,0
2026-01-29T18:00,5,83,2.3,0,100,3.75,103,0,993.4,0
2026-01-29T19:00,4.8,84,2.4,0,100,3.77,101,0,992.8,0
2026-01-29T20:00,4.7,86,2.6,0,100,3.55,104,0,992.7,0
2026-01-29T21:00,4.7,88,2.9,0,100,3.87,104,0,991.7,0
2026-01-29T22:00,4.7,89,3,0,100,3.91,106,0,991.3,0
2026-01-29T23:00,4.6,89,3,0,100,3.71,104,0,991.1,0
2026-01-30T00:00,4.1,91,2.7,0,100,3.82,101,0,990.7,0
2026-01-30T01:00,3.9,92,2.7,0.3,100,3.8,99,0,990.1,0
2026-01-30T02:00,3.9,94,3,0.5,100,4.06,104,0,989.7,0
2026-01-30T03:00,4.1,94,3.2,0,100,3.87,101,0,989.1,0
2026-01-30T04:00,4.7,94,3.9,0.1,100,3.88,105,0,988.4,0
2026-01-30T05:00,5.5,94,4.6,0.5,100,4.03,120,0,988.1,0
2026-01-30T06:00,5.8,95,5.1,0.7,100,4.01,123,0,988,0
2026-01-30T07:00,6.1,95,5.4,0.1,100,3.61,133,0,987.7,0
2026-01-30T08:00,6.3,96,5.7,0.1,97,3.36,147,0,987.7,1
2026-01-30T09:00,6.9,95,6.2,0,15,2.58,144,42,987.7,1
2026-01-30T10:00,8.1,92,6.8,0,21,2.55,169,138,987.7,1
2026-01-30T11:00,9.5,82,6.6,0,26,2.62,172,228,987.4,1
2026-01-30T12:00,9.8,85,7.4,0,28,3.02,164,286,987.2,1
2026-01-30T13:00,10.4,75,6.3,0.1,63,3.03,172,279,986.6,1
2026-01-30T14:00,10.5,71,5.4,0,98,3,156,244,986.2,1
2026-01-30T15:00,10,77,6.2,0,100,3.51,140,175,985.6,1
2026-01-30T16:00,9.3,82,6.4,0,100,4,137,82,985.3,1
2026-01-30T17:00,8.8,84,6.3,0,100,4.61,131,10,984.8,0
2026-01-30T18:00,8.4,92,7.1,1.7,100,5.13,137,0,984.3,0
2026-01-30T19:00,8.6,89,7,0.9,100,5.43,130,0,983.5,0
2026-01-30T20:00,8.6,92,7.4,0.5,100,4.56,171,0,983.9,0
2026-01-30T21:00,7.6,88,5.7,0,87,3.76,197,0,984.8,0
2026-01-30T22:00,6.8,87,4.9,0,5,3.35,183,0,985.5,0
2026-01-30T23:00,6.9,88,5,0,27,3.38,188,0,986.4,0
2026-01-31T00:00,7.6,87,5.6,0,100,3.54,196,0,987,0
2026-01-31T01:00,7.4,88,5.5,0,88,3.12,192,0,987.8,0
2026-01-31T02:00,7,89,5.2,0,6,3.37,195,0,988.6,0
2026-01-31T03:00,6.7,89,5,0,4,3.06,195,0,989.3,0
2026-01-31T04:00,6.4,90,4.8,0,2,3.13,197,0,990,0
2026-01-31T05:00,5.9,91,4.5,0,6,2.67,193,0,991,0
2026-01-31T06:00,6.1,92,4.9,0,94,2.35,184,0,991.8,0
2026-01-31T07:00,6,91,4.7,0,71,2.6,178,0,992.8,0
2026-01-31T08:00,5.6,93,4.5,0,100,2.1,177,1,993.7,1
2026-01-31T09:00,6.4,91,5,0,86,2.39,160,46,994.6,1
2026-01-31T10:00,7.8,84,5.3,0,84,2.76,175,163,995.2,1
2026-01-31T11:00,8.7,83,5.9,0,48,2.77,186,233,995.7,1
2026-01-31T12:00,9.7,80,6.4,0.1,50,2.57,187,280,996.3,1
2026-01-31T13:00,8.8,80,5.5,0.4,37,2.98,188,270,996.7,1
2026-01-31T14:00,9.4,77,5.6,0,42,2.73,166,228,996.9,1
2026-01-31T15:00,9.4,76,5.3,0,100,2.72,173,184,997.4,1
2026-01-31T16:00,8.7,80,5.5,0,100,2.83,172,71,997.9,1
2026-01-31T17:00,8.1,82,5.3,0.1,100,2.91,175,12,998.7,0
2026-01-31T18:00,7.5,87,5.5,0,80,2.71,176,0,999.3,0
2026-01-31T19:00,7.3,90,5.7,0,60,3.06,169,0,999.6,0
2026-01-31T20:00,6.8,91,5.4,0,29,2.9,169,0,999.5,0
2026-01-31T21:00,6.9,90,5.4,0,31,2.87,167,0,999.7,0
2026-01-31T22:00,6.9,90,5.3,0,41,2.97,167,0,999.5,0
2026-01-31T23:00,6.7,87,4.7,0.9,66,2.89,170,0,999.6,0
2026-02-01T00:00,6.9,92,5.6,1.3,42,2.81,168,0,999.8,0
2026-02-01T01:00,6.4,94,5.4,0.1,48,2.31,185,0,999.6,0
2026-02-01T02:00,5.8,96,5.2,0,98,2.09,197,0,999.6,0
2026-02-01T03:00,5.4,97,4.9,0,100,1.8,199,0,999.5,0
2026-02-01T04:00,5.2,96,4.7,0,100,1.83,197,0,999.4,0
2026-02-01T05:00,5.4,96,4.8,0,100,1.75,193,0,999.2,0
2026-02-01T06:00,6.3,95,5.5,0,100,2.22,172,0,999.4,0
2026-02-01T07:00,6.5,95,5.8,0,100,1.78,169,0,999.1,0
2026-02-01T08:00,6.3,95,5.5,0,100,1.84,167,1,999.1,1
2026-02-01T09:00,7,93,6,0,100,2.16,184,26,999.3,1
2026-02-01T10:00,7.4,94,6.5,0.1,100,2.25,192,38,999.6,1
2026-02-01T11:00,7.5,96,7,0.3,100,1.74,198,49,999.5,1
2026-02-01T12:00,8.2,93,7.1,0.5,100,0.72,124,59,998.9,1
2026-02-01T13:00,8.9,88,7.1,0,100,1.3,178,99,998.5,1
2026-02-01T14:00,9.2,89,7.5,0,100,1,180,126,998.1,1
2026-02-01T15:00,8.5,87,6.5,0.1,100,1.58,162,67,997.7,1
2026-02-01T16:00,8.1,90,6.5,0.3,100,1.25,95,41,997.4,1
2026-02-01T17:00,7.5,93,6.4,0.3,100,1.35,75,8,997.3,0
2026-02-01T18:00,7.3,93,6.3,0.4,100,2,87,0,997.4,0
2026-02-01T19:00,7.2,95,6.5,0.5,100,2.06,67,0,997.3,0
2026-02-01T20:00,7,96,6.4,0.7,100,2.3,77,0,997.3,0
2026-02-01T21:00,6.6,96,6,0.5,100,2.13,66,0,997.3,0
2026-02-01T22:00,6.5,94,5.6,0.3,91,2.69,61,0,997.3,0
2026-02-01T23:00,5.8,94,4.9,0.1,74,2.86,44,0,997.1,0
2026-02-02T00:00,6.9,92,5.7,0,28,3.34,55,0,997.1,0
2026-02-02T01:00,6.3,94,5.5,0,19,2.91,51,0,996.9,0
2026-02-02T02:00,6.1,95,5.3,0,44,2.64,53,0,996.6,0
2026-02-02T03:00,5.9,96,5.3,0,100,2.59,49,0,996.5,0
2026-02-02T04:00,6,97,5.5,0,100,3.05,55,0,996,0
2026-02-02T05:00,5.9,97,5.4,0,91,3.61,68,0,995.6,0
2026-02-02T06:00,6.1,94,5.2,0,50,2.5,70,0,995.6,0
2026-02-02T07:00,5.9,95,5.1,0,45,2.39,74,0,995.7,0
2026-02-02T08:00,5.5,96,5,0,48,2.4,67,2,995.8,1
2026-02-02T09:00,6.4,96,5.8,0,100,3.05,69,57,995.5,1
2026-02-02T10:00,7.4,93,6.4,0,100,3.71,93,85,995.5,1
2026-02-02T11:00,8,87,6,0,100,3.57,96,147,995.5,1
2026-02-02T12:00,8.9,76,4.9,0.1,96,4.55,91,184,994.8,1
2026-02-02T13:00,8.8,76,4.8,0.1,100,4.75,98,203,994.4,1
2026-02-02T14:00,8.3,82,5.4,0,100,4.61,93,154,993.7,1
2026-02-02T15:00,8.1,83,5.4,0,100,4.55,89,125,993.4,1
2026-02-02T16:00,7.7,84,5.3,0,100,4.17,84,70,993.3,1
2026-02-02T17:00,7.3,87,5.2,0,100,4.07,84,8,993.1,0
2026-02-02T18:00,7.2,89,5.5,0,99,4.07,84,0,992.7,0
2026-02-02T19:00,6.9,90,5.4,0,100,3.9,88,0,993,0
2026-02-02T20:00,6.7,90,5.3,0,100,4.05,92,0,992.8,0
2026-02-02T21:00,6.5,86,4.3,0,100,3.9,92,0,992.5,0
2026-02-02T22:00,6.2,87,4.2,0,100,4,89,0,992.4,0
2026-02-02T23:00,6.2,86,4,0,100,4,88,0,992.1,0
2026-02-03T00:00,6.6,86,4.5,0,100,4.58,79,0,991.6,0
2026-02-03T01:00,6.3,89,4.7,0,100,4.3,81,0,991.1,0
2026-02-03T02:00,6.1,90,4.6,0,100,4.38,79,0,990.8,0
2026-02-03T03:00,5.9,90,4.4,0,100,4.6,78,0,990.6,0
2026-02-03T04:00,5.6,91,4.2,0,100,4.64,79,0,990.4,0
2026-02-03T05:00,5.4,90,3.8,0.1,100,4.57,80,0,990.4,0
2026-02-03T06:00,5.3,90,3.8,0.1,100,4.25,70,0,990.4,0
2026-02-03T07:00,4.9,90,3.4,0.1,100,4.49,69,0,990.3,0
2026-02-03T08:00,4.7,89,3,0,100,4.29,69,1,990.4,1
2026-02-03T09:00,4.7,89,3,0,100,4.48,70,14,990.4,1
2026-02-03T10:00,4.8,89,3.2,0.3,100,4.3,65,30,990.7,1
2026-02-03T11:00,5,88,3.2,0.5,100,4.33,68,43,990.8,1
2026-02-03T12:00,5,84,2.6,0.4,100,3.37,58,51,990.8,1
2026-02-03T13:00,4.8,86,2.7,0.3,100,3.02,63,48,990.9,1
2026-02-03T14:00,4.6,88,2.9,0.8,100,2.67,60,39,990.6,1
2026-02-03T15:00,4.2,94,3.3,0.8,100,2.39,37,25,990.4,1
2026-02-03T16:00,4,95,3.2,0.6,100,2.2,17,15,990.7,1
2026-02-03T17:00,3.9,96,3.2,1.1,100,1.96,6,3,990.9,0
2026-02-03T18:00,3.5,96,2.9,1.4,100,1.86,31,0,991.4,0
2026-02-03T19:00,3,97,2.5,1.8,100,0.86,10,0,991.6,0
2026-02-03T20:00,2.9,97,2.4,1.1,100,1.21,7,0,991.5,0
2026-02-03T21:00,2.9,97,2.4,0.4,100,0.81,47,0,991.5,0
2026-02-03T22:00,3,96,2.4,0.1,100,1.1,60,0,991.9,0
2026-02-03T23:00,3,97,2.6,0.1,100,1.28,59,0,991.7,0
2026-02-04T00:00,3.1,99,3,0.1,96,1.91,57,0,991.5,0
2026-02-04T01:00,2.9,99,2.8,0,95,1.28,69,0,991.2,0
2026-02-04T02:00,3,97,2.5,0,87,0.86,100,0,991,0
2026-02-04T03:00,3.6,98,3.3,0,20,1.21,142,0,990.8,0
2026-02-04T04:00,3.7,98,3.5,0,7,1.81,152,0,990.6,0
2026-02-04T05:00,4.1,98,3.7,0,40,2.01,145,0,990.5,0
2026-02-04T06:00,4.7,96,4.1,0,92,2.13,139,0,990.5,0
2026-02-04T07:00,4.8,95,4.1,0,17,2.48,140,0,990.6,0
2026-02-04T08:00,4.7,96,4.1,0,5,2.52,124,4,990.6,1
2026-02-04T09:00,5.8,95,5.1,0,0,2.93,110,76,991,1
2026-02-04T10:00,7.2,92,6,0,44,3.36,120,191,990.8,1
2026-02-04T11:00,8.3,87,6.3,0,29,3.86,121,265,990.8,1
2026-02-04T12:00,9.5,82,6.6,0,9,3.29,103,325,990.5,1
2026-02-04T13:00,10.1,79,6.6,0,25,3.2,93,341,989.8,1
2026-02-04T14:00,8.8,82,6,1.4,48,3.86,94,297,989,1
2026-02-04T15:00,9.3,84,6.7,0,24,3.11,48,201,988.1,1
2026-02-04T16:00,8.7,82,5.8,0,21,4.21,72,125,987.9,1
2026-02-04T17:00,7.8,86,5.5,0,19,3.83,78,26,987.7,0
2026-02-04T18:00,7.5,89,5.8,0,28,3.95,81,0,987.3,0
2026-02-04T19:00,7.8,87,5.9,0,100,4.11,86,0,986.9,0
2026-02-04T20:00,7.9,85,5.4,0,100,4.55,88,0,986.4,0
2026-02-04T21:00,7.7,84,5.3,0,99,4.57,84,0,986,0
2026-02-04T22:00,7.6,84,5,0,100,4.55,90,0,985.6,0
2026-02-04T23:00,7,81,3.9,3.6,100,3.73,98,0,985.1,0
2026-02-05T00:00,8.1,80,4.8,0.2,100,4.2,90,0,984.3,0
2026-02-05T01:00,7.6,81,4.6,0,100,3.9,91,0,983.6,0
2026-02-05T02:00,7.2,82,4.4,0.1,100,3.96,86,0,983,0
2026-02-05T03:00,7,82,4.1,0,100,4.51,86,0,982.3,0
2026-02-05T04:00,6.8,82,4,0,99,4.35,91,0,981.9,0
2026-02-05T05:00,6.7,84,4.2,0.2,100,4.71,94,0,981.5,0
2026-02-05T06:00,6.1,89,4.4,0.3,100,4.7,88,0,981.2,0
2026-02-05T07:00,6.1,90,4.6,0,100,4.51,93,0,981.1,0
2026-02-05T08:00,6.1,90,4.7,0,100,4.51,93,1,981,1
2026-02-05T09:00,6.5,91,5.2,0.1,100,4.25,93,20,980.9,1
2026-02-05T10:00,7.2,91,5.8,0,100,4.48,101,53,981.1,1
2026-02-05T11:00,7.4,91,6.1,0,100,3.9,91,73,981.3,1
2026-02-05T12:00,6.9,95,6.1,0,100,3.4,66,61,981.3,1
2026-02-05T13:00,7.4,94,6.4,0.3,100,3.44,82,49,981.1,1
2026-02-05T14:00,7.5,94,6.6,0.2,100,3.6,80,42,980.7,1
2026-02-05T15:00,7.6,94,6.7,0.1,100,3.78,83,39,980.6,1
2026-02-05T16:00,7.8,95,7,0,100,3.52,83,30,980.6,1
2026-02-05T17:00,7.9,96,7.2,0.5,100,3.71,86,6,980.5,0
2026-02-05T18:00,7.8,98,7.4,1.4,100,3.36,87,0,980.6,0
2026-02-05T19:00,7.9,98,7.6,1,100,3.16,86,0,980.5,0
2026-02-05T20:00,8.1,97,7.7,0.1,100,3.2,90,0,980.4,0
2026-02-05T21:00,8.3,97,7.8,0.2,100,3.08,98,0,980.5,0
2026-02-05T22:00,8.2,96,7.7,0.4,100,2.91,94,0,980.7,0
2026-02-05T23:00,8,97,7.6,0.1,100,3.1,90,0,980.6,0
2026-02-06T00:00,8.1,97,7.7,0.1,100,3.26,86,0,981,0
2026-02-06T01:00,8.1,98,7.7,0.9,100,3.22,83,0,980.8,0
2026-02-06T02:00,8,97,7.6,0.7,100,3.39,74,0,980.5,0
2026-02-06T03:00,7.8,97,7.4,0.2,100,3.57,79,0,980.5,0
2026-02-06T04:00,7.9,97,7.4,0.2,100,3.53,83,0,980.5,0
2026-02-06T05:00,7.9,96,7.4,0.6,100,3.5,88,0,980.6,0
2026-02-06T06:00,8.1,95,7.4,0.4,100,3.8,92,0,980.8,0
2026-02-06T07:00,8,96,7.4,0.5,100,3.66,86,0,980.9,0
2026-02-06T08:00,7.9,96,7.3,1.5,100,3.41,94,1,981.6,1
2026-02-06T09:00,7.8,97,7.3,1.4,100,2.77,77,5,981.9,1
2026-02-06T10:00,8.3,96,7.7,0,100,2.25,89,59,982.4,1
2026-02-06T11:00,9.4,89,7.6,0.6,93,2.02,138,100,982.9,1
2026-02-06T12:00,9.8,93,8.8,0,96,1.58,108,212,983,1
2026-02-06T13:00,10.3,89,8.5,0.1,100,1.51,124,109,983.2,1
2026-02-06T14:00,10.5,86,8.3,0.3,100,1.76,175,119,983.3,1
2026-02-06T15:00,10.7,86,8.5,0,100,1.56,173,102,983.8,1
2026-02-06T16:00,9.8,90,8.3,0.9,100,3.44,220,49,984.5,1
2026-02-06T17:00,9.4,93,8.2,1.2,98,3.82,226,5,985.5,0
2026-02-06T18:00,9.5,91,8,0,99,3.97,222,0,986.5,0
2026-02-06T19:00,9.1,90,7.6,0,99,3.9,216,0,987.2,0
2026-02-06T20:00,9,88,7.1,0,70,4,217,0,988.3,0
2026-02-06T21:00,8.5,88,6.6,0,43,3.43,214,0,989.2,0
2026-02-06T22:00,8.2,88,6.2,0,12,3.24,205,0,989.9,0
2026-02-06T23:00,7.9,89,6.1,0,19,3.04,197,0,990.5,0
2026-02-07T00:00,7.7,91,6.3,0,59,2.72,197,0,990.8,0
2026-02-07T01:00,7.6,91,6.2,0,21,2.82,187,0,991.1,0
2026-02-07T02:00,7.4,91,6.1,0,2,2.76,175,0,991.5,0
2026-02-07T03:00,7.1,92,5.9,0,5,2.83,163,0,991.4,0
2026-02-07T04:00,7.1,91,5.8,0,13,3.27,157,0,991.6,0
2026-02-07T05:00,7.4,90,5.8,0,80,4.07,164,0,991.6,0
2026-02-07T06:00,7.3,90,5.8,0,100,3.8,155,0,991.5,0
2026-02-07T07:00,7.3,92,6.1,0,100,3.82,148,0,991.5,0
2026-02-07T08:00,7.8,91,6.5,1,100,4.34,165,2,992,1
2026-02-07T09:00,8.2,92,6.9,0.9,100,4.88,157,14,992,1
2026-02-07T10:00,8.8,89,7.1,0.1,100,4.85,161,41,992.2,1
2026-02-07T11:00,9,87,7,0.3,93,5.19,161,67,992.5,1
2026-02-07T12:00,8.8,92,7.6,0.5,68,3.1,170,57,992.7,1
2026-02-07T13:00,10.5,88,8.5,0.1,87,3.74,196,197,992.7,1
2026-02-07T14:00,10.6,79,7.2,0.2,81,4.47,190,214,993,1
2026-02-07T15:00,10.7,81,7.5,0,99,3.54,189,181,993.4,1
2026-02-07T16:00,10.2,83,7.4,0,91,3.67,185,94,994,1
2026-02-07T17:00,9.7,85,7.2,0,35,3.45,182,27,994.7,1
2026-02-07T18:00,9.9,85,7.5,0,94,3.76,183,0,995.3,0
2026-02-07T19:00,9.5,85,7.1,0,83,3.8,182,0,996,0
2026-02-07T20:00,9.2,86,6.9,0,87,3.61,176,0,996.7,0
2026-02-07T21:00,8.9,86,6.7,0,48,3.4,182,0,997.2,0
2026-02-07T22:00,8.6,87,6.6,0,12,3.15,190,0,997.7,0
2026-02-07T23:00,8.1,90,6.5,0,5,2.81,175,0,998.1,0
2026-02-08T00:00,8.5,89,6.8,0,60,2.82,186,0,998.7,0
2026-02-08T01:00,8.2,91,6.9,0,47,2.85,178,0,999,0
2026-02-08T02:00,7.9,92,6.7,0,20,2.72,173,0,999.4,0
2026-02-08T03:00,7.1,94,6.2,0,52,1.97,173,0,999.7,0
2026-02-08T04:00,6.6,95,5.8,0,100,1.81,175,0,1000,0
2026-02-08T05:00,6.7,95,6,0,100,1.9,178,0,1000.3,0
2026-02-08T06:00,7.1,96,6.5,0,99,2.16,184,0,1000.7,0
2026-02-08T07:00,6.8,96,6.2,0,76,1.83,169,0,1001,0
2026-02-08T08:00,6.7,96,6,0,98,2.15,168,6,1001.7,1
2026-02-08T09:00,7.8,94,6.9,0,95,2.55,169,77,1002,1
2026-02-08T10:00,9.5,89,7.8,0,100,2.82,173,183,1002.6,1
2026-02-08T11:00,9.9,88,7.9,0,100,2.9,183,218,1003,1
2026-02-08T12:00,10.2,84,7.6,0,100,2.53,171,211,1002.8,1
2026-02-08T13:00,10.5,80,7.2,0,100,2.76,185,211,1002.7,1
2026-02-08T14:00,10.6,77,6.8,0,100,2.71,184,184,1002.4,1
2026-02-08T15:00,10.3,78,6.6,0,100,2.8,178,141,1002.5,1
2026-02-08T16:00,9.9,81,6.7,0,100,2.47,162,86,1002.5,1
2026-02-08T17:00,9.2,84,6.6,0,100,2.73,166,23,1002.8,1
2026-02-08T18:00,9,89,7.2,0,100,2.47,148,0,1002.8,0
2026-02-08T19:00,8.8,91,7.4,0.1,100,2.69,158,0,1002.8,0
2026-02-08T20:00,8.8,92,7.6,0.1,100,2.8,170,0,1002.8,0
2026-02-08T21:00,8.2,93,7.2,0.1,100,2.97,173,0,1002.8,0
2026-02-08T22:00,7.9,92,6.8,0.2,100,2.6,179,0,1002.6,0
2026-02-08T23:00,7.7,93,6.6,0.2,100,2.53,165,0,1002.5,0
2026-02-09T00:00,7.9,93,6.9,0.2,100,2.64,161,0,1002.2,0
2026-02-09T01:00,7.6,94,6.7,0,75,3.4,139,0,1001.5,0
2026-02-09T02:00,7.7,91,6.3,0,96,3.09,151,0,1001.1,0
2026-02-09T03:00,7.4,89,5.8,0,100,2.61,160,0,1000.7,0
2026-02-09T04:00,7.3,88,5.4,0,100,2.31,158,0,1000.4,0
2026-02-09T05:00,7,88,5.1,0,100,2.15,155,0,1000.3,0
2026-02-09T06:00,6.9,91,5.5,0,73,2.46,151,0,999.8,0
2026-02-09T07:00,6.5,89,4.8,0.8,100,2.63,141,0,999.5,0
2026-02-09T08:00,6.8,92,5.5,1.7,83,2.85,142,6,999.5,1
2026-02-09T09:00,7.9,92,6.6,0,80,2.87,131,72,999.3,1
2026-02-09T10:00,9,89,7.3,0,74,3.05,139,190,999.1,1
2026-02-09T11:00,9.8,83,7,0,100,3.58,155,254,998.7,1
2026-02-09T12:00,9.6,84,7,0.2,100,3.15,134,300,998.3,1
2026-02-09T13:00,10.1,78,6.5,0.1,99,3.52,129,250,997.3,1
2026-02-09T14:00,10.2,76,6.1,0,90,4.14,137,244,996.3,1
2026-02-09T15:00,9.8,79,6.3,0.1,86,3.95,125,190,995.6,1
2026-02-09T16:00,9.3,81,6.1,0,99,3.58,115,131,995.1,1
2026-02-09T17:00,8.5,84,5.9,0,100,3.87,119,31,994.9,1
2026-02-09T18:00,7.7,87,5.8,0,100,3.83,112,0,994.5,0
2026-02-09T19:00,7.5,90,6,1,100,3.71,100,0,994.1,0
2026-02-09T20:00,7.7,89,6,0,100,4.02,107,0,993.5,0
2026-02-09T21:00,7.8,88,6,0.2,100,3.88,112,0,992.9,0
2026-02-09T22:00,7.9,88,6.1,0.1,100,3.58,113,0,992.2,0
2026-02-09T23:00,8,88,6.2,0,100,3.32,113,0,991.7,0
2026-02-10T00:00,8,89,6.2,0,33,3.24,107,0,991,0
2026-02-10T01:00,7.6,90,6.1,0,100,2.86,109,0,990.8,0
2026-02-10T02:00,7.7,91,6.3,0,100,2.27,98,0,990.3,0
2026-02-10T03:00,7.8,91,6.5,0,100,2.19,101,0,989.8,0
2026-02-10T04:00,7.8,92,6.6,0,100,1.56,97,0,989.3,0
2026-02-10T05:00,7.7,94,6.8,0,100,1.67,99,0,988.7,0
2026-02-10T06:00,8,96,7.4,0,100,1.68,113,0,988.5,0
2026-02-10T07:00,8,97,7.6,0,100,1.52,134,0,988.4,0
2026-02-10T08:00,8,97,7.5,0,100,1.66,111,3,987.9,1
2026-02-10T09:00,8.5,95,7.7,0,100,2.04,115,36,987.3,1
2026-02-10T10:00,9.1,92,7.9,0,100,2.27,130,83,986.9,1
2026-02-10T11:00,9.6,92,8.3,0.1,100,2.1,181,56,986.5,1
2026-02-10T12:00,10.8,82,7.9,0.1,99,3.13,205,147,985.9,1
2026-02-10T13:00,11.1,81,8,0.1,90,3.3,212,155,985,1
2026-02-10T14:00,11.4,80,8,0.1,100,4.04,214,202,983.9,1
2026-02-10T15:00,10.8,87,8.7,0,100,3.67,204,98,983.2,1
2026-02-10T16:00,10.2,92,9,1.2,100,2.75,179,33,982.6,1
2026-02-10T17:00,9.6,96,9,0.6,100,2.94,162,9,981.5,1
2026-02-10T18:00,9.2,95,8.4,1.4,100,1.93,127,0,981,0
2026-02-10T19:00,8.9,96,8.3,0.1,100,1.9,104,0,980,0
2026-02-10T20:00,9.2,96,8.5,0,100,1.9,120,0,979.5,0
2026-02-10T21:00,9.3,97,8.8,0,100,1.1,177,0,979,0
2026-02-10T22:00,9.7,98,9.3,0,100,2.49,232,0,979.1,0
2026-02-10T23:00,9.8,98,9.5,0,100,2.82,250,0,979.1,0
2026-02-11T00:00,9.7,98,9.5,0,100,2.08,246,0,979.6,0
2026-02-11T01:00,9.7,99,9.5,0,100,1.68,233,0,979.8,0
2026-02-11T02:00,9.7,98,9.4,0,99,1.7,220,0,980,0
2026-02-11T03:00,9.6,98,9.3,0,100,1.94,215,0,979.9,0
2026-02-11T04:00,9.2,97,8.8,0,98,2.35,218,0,980.1,0
2026-02-11T05:00,8.7,96,8.1,0,99,2.72,226,0,980.2,0
2026-02-11T06:00,9.5,93,8.5,0,100,3.01,222,0,980.5,0
2026-02-11T07:00,9.4,94,8.5,0,100,3.32,224,0,980.5,0
2026-02-11T08:00,9.3,94,8.4,0.1,99,3.41,220,7,981,1
2026-02-11T09:00,9.8,89,8.1,0.6,89,4.9,234,65,981.3,1
2026-02-11T10:00,10.8,89,9,0.1,85,4.53,239,136,981.6,1
2026-02-11T11:00,11.8,84,9.2,0.1,78,4.77,237,240,981.8,1
2026-02-11T12:00,11.1,86,8.9,0,27,4.64,240,282,981.4,1
2026-02-11T13:00,12.2,77,8.3,0.1,100,5.26,241,337,980.9,1
2026-02-11T14:00,11.8,77,7.9,1,98,4.22,239,148,980.1,1
2026-02-11T15:00,11.7,70,6.4,0,98,4.33,236,202,979.5,1
2026-02-11T16:00,11.1,74,6.7,0,100,3.37,221,130,978.9,1
2026-02-11T17:00,10.1,80,6.8,0,100,3.04,197,37,978.1,1
2026-02-11T18:00,9.4,89,7.6,0,100,2.86,185,0,977.2,0
2026-02-11T19:00,9.4,91,8,0.1,100,2.75,179,0,976.3,0
2026-02-11T20:00,9.4,90,7.9,0.2,100,2.18,189,0,975.1,0
2026-02-11T21:00,8.9,92,7.7,0.1,98,1.42,190,0,974.3,0
2026-02-11T22:00,8.2,95,7.4,0,100,0.25,127,0,973.7,0
2026-02-11T23:00,7.8,96,7.2,0,100,1.14,15,0,973.3,0
2026-02-12T00:00,8.1,96,7.6,0,98,2.19,294,0,974,0
2026-02-12T01:00,8.1,95,7.4,0,95,2.45,303,0,974.5,0
2026-02-12T02:00,8,95,7.3,0,100,2.7,289,0,975.3,0
2026-02-12T03:00,7.3,96,6.7,0,15,2.62,283,0,976,0
2026-02-12T04:00,6.6,96,6,0,23,2.41,275,0,976.7,0
2026-02-12T05:00,6,96,5.4,0,22,2.33,261,0,977.3,0
2026-02-12T06:00,7.6,95,6.8,0,91,2.72,257,0,978.3,0
2026-02-12T07:00,7.3,95,6.6,0,69,2.36,264,0,978.9,0
2026-02-12T08:00,6.9,96,6.3,0,0,2.44,255,11,979.5,1
2026-02-12T09:00,7.6,93,6.6,0,25,2.67,249,110,980.3,1
2026-02-12T10:00,8.6,90,7,0,56,3.06,265,220,980.8,1
2026-02-12T11:00,9.7,85,7.3,0,100,3.11,275,301,981.2,1
2026-02-12T12:00,10.1,84,7.4,0.1,100,2.56,276,274,982.3,1
2026-02-12T13:00,10.3,83,7.6,0,100,2.16,266,139,982.5,1
2026-02-12T14:00,10.1,80,6.8,0.8,100,3.7,272,156,983.1,1
2026-02-12T15:00,8.9,90,7.4,1,100,3.11,266,43,984,1
2026-02-12T16:00,8.7,92,7.5,0.7,100,2.97,283,49,984.9,1
2026-02-12T17:00,8.3,93,7.2,0.3,100,2.11,284,6,985.7,1
2026-02-12T18:00,8,96,7.4,0.2,100,1.21,277,0,986.9,0
2026-02-12T19:00,7.9,95,7.2,0.2,98,1.73,314,0,987.6,0
2026-02-12T20:00,6.8,97,6.4,0.1,100,0.75,4,0,988.3,0
2026-02-12T21:00,6.4,97,6,0,100,0.64,141,0,988.6,0
2026-02-12T22:00,6.5,98,6.3,0,100,1.17,149,0,988.7,0
2026-02-12T23:00,6.2,95,5.5,0.1,77,1.79,203,0,988.6,0
2026-02-13T00:00,6.3,95,5.6,0.2,53,2.36,234,0,988.6,0
2026-02-13T01:00,5.5,92,4.3,0.3,55,1.31,227,0,988.4,0
2026-02-13T02:00,5.3,94,4.4,0.1,73,1.26,187,0,988.2,0
2026-02-13T03:00,5.1,97,4.6,0.1,76,1.18,192,0,987.9,0
2026-02-13T04:00,4.7,97,4.2,0.4,48,0.57,128,0,987.6,0
2026-02-13T05:00,4.8,98,4.5,0.5,54,0.96,84,0,987.4,0
2026-02-13T06:00,5.3,92,4.1,0,82,0.11,117,0,987.4,0
2026-02-13T07:00,5.3,96,4.7,0.1,44,1.66,69,0,987.5,0
2026-02-13T08:00,4.9,98,4.6,0,27,1.8,90,12,987.7,1
2026-02-13T09:00,6.2,97,5.7,0,52,1.97,81,108,988,1
2026-02-13T10:00,7.5,87,5.6,0,86,2.65,79,193,988.4,1
2026-02-13T11:00,8.2,88,6.2,0,82,2.54,80,282,988.7,1
2026-02-13T12:00,8.8,87,6.8,0,100,2.66,86,240,989,1
2026-02-13T13:00,9.3,77,5.5,0.1,100,2.66,78,280,989.2,1
2026-02-13T14:00,9.4,73,4.7,0.1,79,3.1,69,172,989.3,1
2026-02-13T15:00,8.5,77,4.7,0.1,81,4.27,74,164,989.9,1
2026-02-13T16:00,7.2,86,5,0,100,3.86,71,89,991.1,1
2026-02-13T17:00,6.5,85,4.2,0,100,4.55,67,14,992.4,1
2026-02-13T18:00,5.6,85,3.2,0,100,4.54,58,0,994.1,0
2026-02-13T19:00,5,83,2.4,0,100,4.19,50,0,995.7,0
2026-02-13T20:00,4.7,82,2,0,100,4.49,43,0,997.1,0
2026-02-13T21:00,4.5,82,1.7,0,100,4.53,37,0,998.5,0
2026-02-13T22:00,4.4,82,1.5,0,100,4.67,38,0,999.9,0
2026-02-13T23:00,4.3,80,1.1,0,100,4.46,37,0,1001.2,0
2026-02-14T00:00,3.9,80,0.7,0,100,4.18,28,0,1002.7,0
2026-02-14T01:00,3.6,77,-0.1,0,100,4.14,28,0,1003.7,0
2026-02-14T02:00,3.4,77,-0.4,0,20,3.89,26,0,1004.8,0
2026-02-14T03:00,2.7,79,-0.7,0,42,3.61,14,0,1006.2,0
2026-02-14T04:00,2.2,76,-1.6,0,26,3.45,17,0,1007.7,0
2026-02-14T05:00,1.7,75,-2.3,0,88,3.59,16,0,1008.8,0
2026-02-14T06:00,1.6,72,-3,0,84,3.29,13,0,1010,0
2026-02-14T07:00,1.7,71,-3.1,0,39,3.2,10,0,1011.3,0
2026-02-14T08:00,1.3,76,-2.5,0,11,2.8,2,16,1012.8,1
2026-02-14T09:00,1.6,80,-1.6,0,9,2.16,356,123,1013.8,1
2026-02-14T10:00,2.5,77,-1.2,0,11,2.06,356,249,1014.5,1
2026-02-14T11:00,3.7,72,-0.9,0,13,2.31,5,353,1015.1,1
2026-02-14T12:00,4.5,67,-1.2,0,61,2.82,17,389,1015.5,1
2026-02-14T13:00,5.2,59,-2.2,0,99,2.52,7,308,1015.8,1
2026-02-14T14:00,5.5,56,-2.5,0,98,1.85,3,254,1015.5,1
2026-02-14T15:00,5.8,54,-3,0,100,1.3,337,235,1015.9,1
2026-02-14T16:00,5.7,52,-3.6,0,100,0.81,338,104,1016.2,1
2026-02-14T17:00,5.4,59,-2.1,0,100,0.46,193,39,1016.1,1
2026-02-14T18:00,4.3,66,-1.4,0,100,1.48,225,1,1016.9,0
2026-02-14T19:00,3.7,70,-1.2,0,100,1.61,216,0,1016.8,0
2026-02-14T20:00,3.3,72,-1.3,0,100,2.02,187,0,1016.4,0
2026-02-14T21:00,3.1,72,-1.6,0,100,2.27,188,0,1016.8,0
2026-02-14T22:00,2.8,71,-1.9,0,100,2.56,176,0,1015.9,0
2026-02-14T23:00,2.9,69,-2.3,0,100,2.62,187,0,1015.5,0
2026-02-15T00:00,3.1,69,-2,0,100,2.77,186,0,1015.2,0
2026-02-15T01:00,3.3,72,-1.3,0,100,3.06,184,0,1014.5,0
2026-02-15T02:00,3.4,74,-0.9,0.1,100,3.63,187,0,1013.2,0
2026-02-15T03:00,3.3,76,-0.6,0,100,3.87,185,0,1012.3,0
2026-02-15T04:00,3.5,77,-0.1,0,100,4.21,184,0,1010.3,0
2026-02-15T05:00,3.7,75,-0.3,0,100,4.21,184,0,1009.1,0
2026-02-15T06:00,3.7,80,0.5,0,100,4.3,179,0,1008,0
2026-02-15T07:00,3.7,83,1.1,0.2,100,4.45,183,0,1006.3,0
2026-02-15T08:00,3.7,85,1.5,0.2,100,4.6,179,5,1005.1,1
2026-02-15T09:00,4,86,1.9,0.3,100,4.7,178,18,1003.6,1
2026-02-15T10:00,3.9,90,2.5,1.1,100,5.02,170,17,1001.6,1
2026-02-15T11:00,3.9,95,3.1,1.1,100,4.81,168,32,1000,1
2026-02-15T12:00,4.8,95,4,2.2,100,3.15,177,31,998.7,1
2026-02-15T13:00,5.5,95,4.8,2.3,100,2.67,193,38,997,1
2026-02-15T14:00,6.7,93,5.7,0.3,100,3.51,204,93,995.4,1
2026-02-15T15:00,7.4,93,6.4,0,100,3.02,209,109,994.3,1
2026-02-15T16:00,8,93,7,0,100,3.22,224,70,993.6,1
2026-02-15T17:00,8.2,92,7,0.3,78,3.96,245,15,993.1,1
2026-02-15T18:00,7.7,93,6.7,0.1,98,4.75,253,1,993.5,0
2026-02-15T19:00,7,94,6.1,0.9,59,3.68,239,0,993.1,0
2026-02-15T20:00,6.7,93,5.7,0,55,4.78,252,0,993,0
2026-02-15T21:00,6.4,94,5.5,0,12,4.37,257,0,993.1,0
2026-02-15T22:00,6,93,4.9,0,11,4.35,255,0,993.6,0
2026-02-15T23:00,5.8,92,4.5,0,7,4.35,255,0,993.9,0
2026-02-16T00:00,5.9,89,4.3,0,25,4,254,0,994.2,0
2026-02-16T01:00,5.9,89,4.1,0,22,4.05,252,0,994.3,0
2026-02-16T02:00,5.8,87,3.9,0,2,4.21,252,0,994.3,0
2026-02-16T03:00,5.6,88,3.8,0,12,4.26,248,0,993.7,0
2026-02-16T04:00,5.5,88,3.6,0,65,4.42,248,0,993.4,0
2026-02-16T05:00,5.4,86,3.2,0,70,4.39,246,0,993.1,0
2026-02-16T06:00,5.9,83,3.1,0,100,4.71,253,0,993.2,0
2026-02-16T07:00,5.9,80,2.7,0,92,4.54,259,0,993.4,0
2026-02-16T08:00,5.8,79,2.5,0,10,4.54,262,17,993.7,1
2026-02-16T09:00,6.2,77,2.4,0,21,4.15,267,126,994.3,1
2026-02-16T10:00,6.8,73,2.4,0,60,3.92,259,259,994.7,1
2026-02-16T11:00,7.8,67,1.9,0,99,5.45,277,346,994.6,1
2026-02-16T12:00,8.1,65,1.9,0,99,5.32,265,305,994.8,1
2026-02-16T13:00,9.2,58,1.3,0.1,95,6.06,273,306,994.2,1
2026-02-16T14:00,7.4,74,3.2,1.6,9,5.12,280,240,994.3,1
2026-02-16T15:00,8.5,67,2.6,0,38,5.52,290,269,994.8,1
2026-02-16T16:00,8.3,66,2.4,0,13,4.69,284,173,995.6,1
2026-02-16T17:00,7.7,67,1.9,0,9,4.16,283,65,996.7,1
2026-02-16T18:00,6.5,79,3.1,0,77,3.86,274,1,998.2,0
2026-02-16T19:00,5.6,80,2.4,0.9,39,3.3,269,0,999.1,0
2026-02-16T20:00,6,84,3.5,0,25,3.78,278,0,1000,0
2026-02-16T21:00,5.9,84,3.4,0,22,3.93,277,0,1000.7,0
2026-02-16T22:00,5.6,84,3.1,0,3,4.16,280,0,1001.3,0
2026-02-16T23:00,5.4,83,2.7,0,1,4.11,283,0,1002.5,0
2026-02-17T00:00,5.8,74,1.5,0,1,4.51,289,0,1003.7,0
2026-02-17T01:00,4.9,72,0.3,0,0,4.71,289,0,1004.6,0
2026-02-17T02:00,4.2,71,-0.7,0,0,4.88,293,0,1005.7,0
2026-02-17T03:00,3.5,72,-1.1,0,3,4.68,295,0,1006.3,0
2026-02-17T04:00,3.3,72,-1.4,0,0,4.61,297,0,1007.1,0
2026-02-17T05:00,2.7,72,-1.8,0,0,4.27,299,0,1008.3,0
2026-02-17T06:00,2.5,75,-1.6,0,23,3.8,297,0,1009.4,0
2026-02-17T07:00,2.1,75,-1.9,0,22,3.31,295,0,1010.6,0
2026-02-17T08:00,2.2,74,-2.1,0,46,2.98,301,23,1011.8,1
2026-02-17T09:00,2.9,73,-1.6,0,90,2.36,291,140,1012.7,1
2026-02-17T10:00,3.9,69,-1.3,0,93,2.71,300,270,1013.3,1
2026-02-17T11:00,5,64,-1.4,0,100,2.83,314,373,1013.9,1
2026-02-17T12:00,5.8,58,-1.8,0,100,2.72,314,424,1014.5,1
2026-02-17T13:00,6,55,-2.3,0,100,2.42,308,369,1014.5,1
2026-02-17T14:00,6.1,52,-3.1,0,100,2.32,307,335,1014.2,1
2026-02-17T15:00,5.9,51,-3.5,0,100,2.23,314,232,1014.3,1
2026-02-17T16:00,5.5,54,-3.2,0,100,1.64,322,137,1014.7,1
2026-02-17T17:00,5,59,-2.4,0,100,0.95,357,49,1014.8,1
2026-02-17T18:00,3.9,63,-2.6,0,100,1.84,33,1,1015.3,0
2026-02-17T19:00,3.4,68,-2,0,100,2.09,50,0,1015.2,0
2026-02-17T20:00,3,72,-1.6,0,100,1.87,74,0,1014.9,0
2026-02-17T21:00,2.6,75,-1.5,0,100,2.1,90,0,1014.4,0
2026-02-17T22:00,2.4,74,-1.7,0,100,2.28,99,0,1013.7,0
2026-02-17T23:00,2.3,73,-2.1,0,100,2.69,100,0,1012.8,0
2026-02-18T00:00,2.3,76,-1.5,0,100,3.2,92,0,1012.4,0
2026-02-18T01:00,2.4,77,-1.2,0,100,3.35,91,0,1011.6,0
2026-02-18T02:00,2.7,76,-1.2,0,100,3.46,93,0,1010.9,0
2026-02-18T03:00,2.9,73,-1.5,0,100,3.49,98,0,1009.8,0
2026-02-18T04:00,3.2,69,-2.1,0,100,3.7,103,0,1008.6,0
2026-02-18T05:00,3.3,68,-2,0,100,3.89,103,0,1007.8,0
2026-02-18T06:00,3.5,73,-0.9,0,100,3.94,102,0,1007.2,0
2026-02-18T07:00,3.6,72,-1,0,100,4.05,106,0,1006.2,0
2026-02-18T08:00,3.7,72,-1,0,100,4.15,105,15,1005.9,1
2026-02-18T09:00,4,71,-0.7,0,100,4.35,105,49,1005.4,1
2026-02-18T10:00,4.3,71,-0.5,0,100,4.37,101,72,1004.3,1
2026-02-18T11:00,4.5,73,0.1,0,100,4.54,98,120,1003.5,1
2026-02-18T12:00,5.3,67,-0.3,0,100,5.05,106,151,1002.3,1
2026-02-18T13:00,5.4,68,0,0,100,4.66,99,154,1000.6,1
2026-02-18T14:00,5.4,70,0.3,0,100,4.61,86,120,998.7,1
2026-02-18T15:00,5.3,74,1.1,0,100,4.93,96,86,997.1,1
2026-02-18T16:00,5.3,75,1.3,0,100,4.46,100,58,995.9,1
2026-02-18T17:00,4.8,76,1,0.1,100,5.07,96,15,994.6,1
2026-02-18T18:00,5.3,76,1.4,0.5,100,5.16,93,1,993.5,0
2026-02-18T19:00,4.7,84,2.2,1.4,100,5.99,96,0,992.9,0
2026-02-18T20:00,4.1,93,3.1,1.2,100,5.65,91,0,991.9,0
2026-02-18T21:00,4.4,95,3.7,0.8,100,5.12,84,0,990.8,0
2026-02-18T22:00,4.6,96,4,1.3,100,4.76,81,0,990.1,0
2026-02-18T23:00,4.6,96,4,0.9,100,4.12,80,0,989.4,0
2026-02-19T00:00,4.4,96,3.8,0.6,100,4.38,79,0,989.6,0
2026-02-19T01:00,4.6,96,4,0.6,100,3.83,73,0,989.6,0
2026-02-19T02:00,4.7,96,4.1,0.1,100,3.48,72,0,989.6,0
2026-02-19T03:00,4.7,97,4.2,0,100,3.18,64,0,989.6,0
2026-02-19T04:00,4.7,97,4.3,0,100,2.69,68,0,989.7,0
2026-02-19T05:00,4.8,97,4.4,0,100,2.34,56,0,990.1,0
2026-02-19T06:00,5.3,98,4.9,0,100,2.3,46,0,991.3,0
2026-02-19T07:00,5.4,97,5,0,100,2.53,30,0,992.2,0
2026-02-19T08:00,5.5,96,4.8,0,100,2.87,31,7,993.3,1
2026-02-19T09:00,5.8,94,4.8,0,100,2.53,22,40,994.3,1
2026-02-19T10:00,6.3,89,4.7,0,100,3.07,22,127,995.7,1
2026-02-19T11:00,6.9,84,4.3,0,100,3.09,9,177,997.1,1
2026-02-19T12:00,6,89,4.4,0,100,2.97,353,164,998.5,1
2026-02-19T13:00,6.6,82,3.8,0,100,3.37,354,175,999.5,1
2026-02-19T14:00,6.7,80,3.6,0,100,3.05,339,141,1000.9,1
2026-02-19T15:00,6.4,80,3.2,0,100,3.13,326,81,1002.4,1
2026-02-19T16:00,6,81,3,0,100,2.73,325,39,1003.6,1
2026-02-19T17:00,5.8,82,2.9,0,100,2.33,315,21,1004.9,1
2026-02-19T18:00,5.4,83,2.7,0,100,2.38,300,1,1006.5,0
2026-02-19T19:00,5.3,82,2.6,0,100,2.56,291,0,1007.8,0
2026-02-19T20:00,5.2,82,2.4,0,100,2.6,286,0,1008.9,0
2026-02-19T21:00,5.1,82,2.3,0,100,2.82,287,0,1010.5,0
2026-02-19T22:00,5,83,2.4,0,100,2.68,284,0,1011.4,0
2026-02-19T23:00,4.9,84,2.4,0,100,2.36,276,0,1012,0
2026-02-20T00:00,5,86,2.9,0,100,2.38,255,0,1012.7,0
2026-02-20T01:00,4.8,87,2.8,0,100,2.69,255,0,1013.6,0
2026-02-20T02:00,4.9,86,2.8,0,100,2.34,250,0,1013.9,0
2026-02-20T03:00,5,86,2.9,0,100,2.57,246,0,1014.3,0
2026-02-20T04:00,4.8,88,3,0,100,2.57,237,0,1014.9,0
2026-02-20T05:00,4.7,90,3.3,0,100,2.58,234,0,1015.5,0
2026-02-20T06:00,4.7,93,3.6,0,100,2.61,234,0,1015.7,0
2026-02-20T07:00,5.1,91,3.8,0,100,2.52,229,0,1016,0
2026-02-20T08:00,5.6,89,3.9,0,84,2.87,223,11,1016.2,1
2026-02-20T09:00,6.9,86,4.6,0,100,2.5,213,143,1016.3,1
2026-02-20T10:00,7.9,82,5.1,0,100,3.15,198,180,1015.5,1
2026-02-20T11:00,9.7,76,5.6,0,100,3.72,211,325,1015.2,1
2026-02-20T12:00,10.1,76,6,0,100,4.77,210,303,1014.5,1
2026-02-20T13:00,10.6,77,6.8,0,100,6.22,219,235,1013.2,1
2026-02-20T14:00,10,86,7.8,0.5,100,6.05,214,84,1012,1
2026-02-20T15:00,10.3,87,8.3,0.3,95,6.05,225,65,1011.5,1
2026-02-20T16:00,10.9,86,8.6,0,99,5.81,228,98,1010.6,1
2026-02-20T17:00,10.6,88,8.7,0.5,100,5.8,234,53,1010.1,1
2026-02-20T18:00,10.2,82,7.2,0.4,2,6.52,257,2,1011.1,0
2026-02-20T19:00,9.8,74,5.3,0,99,5.34,260,0,1012,0
2026-02-20T20:00,9.6,73,4.9,0,88,4.52,260,0,1012.7,0
2026-02-20T21:00,9,75,4.8,0,41,3.98,255,0,1013.5,0
2026-02-20T22:00,8.6,77,4.8,0,20,4.02,251,0,1014,0
2026-02-20T23:00,8.3,79,4.9,0,100,3.76,251,0,1014.4,0
2026-02-21T00:00,9,81,6,0,100,3.58,250,0,1015.3,0
2026-02-21T01:00,9.1,83,6.3,0,100,3.4,244,0,1015.9,0
2026-02-21T02:00,9.2,88,7.3,0.1,100,3.04,237,0,1015.9,0
2026-02-21T03:00,9.3,91,7.9,0.7,100,3.47,237,0,1015.8,0
2026-02-21T04:00,9.9,90,8.4,0.2,100,4.23,244,0,1015.9,0
2026-02-21T05:00,10.3,88,8.3,0,100,4.45,244,0,1016.2,0
2026-02-21T06:00,10,88,8.2,0,99,4.94,249,0,1016.3,0
2026-02-21T07:00,9.9,87,7.9,0,100,4.9,252,0,1016.9,0
2026-02-21T08:00,9.8,88,7.9,0,100,4.78,252,25,1017.8,1
2026-02-21T09:00,10.3,85,7.9,0,100,4.07,245,113,1017.9,1
2026-02-21T10:00,10.7,83,8,0,100,5.53,247,220,1018,1
2026-02-21T11:00,10.8,83,7.9,0,100,6.13,248,185,1018.7,1
2026-02-21T12:00,12.3,80,8.9,0,100,5.73,249,227,1018.3,1
2026-02-21T13:00,12.9,81,9.7,0,100,5.34,238,235,1017.8,1
2026-02-21T14:00,12.6,86,10.3,0,100,3.82,222,93,1017.1,1
2026-02-21T15:00,12.9,87,10.8,0.1,100,5.52,238,182,1016.9,1
2026-02-21T16:00,13,88,11,0,100,3.98,230,67,1016.7,1
2026-02-21T17:00,13.2,88,11.3,0.9,100,4.23,237,21,1016.6,1
2026-02-21T18:00,12.8,89,11.1,0.6,100,4.36,238,1,1016.9,0
2026-02-21T19:00,12.3,94,11.4,1,100,4.37,239,0,1017.4,0
2026-02-21T20:00,12,95,11.3,0.3,100,4.29,229,0,1016.8,0
2026-02-21T21:00,11.8,95,11,0,99,4.9,236,0,1016.9,0
2026-02-21T22:00,11.5,95,10.8,0,100,4.94,230,0,1016.8,0
2026-02-21T23:00,11.5,95,10.8,0,100,4.85,228,0,1016.4,0
2026-02-22T00:00,11.5,94,10.6,0,100,4.6,227,0,1016.4,0
2026-02-22T01:00,11.6,94,10.6,0,100,4.49,224,0,1016.2,0
2026-02-22T02:00,11.6,94,10.6,0,100,4.74,225,0,1015.4,0
2026-02-22T03:00,11.8,92,10.5,0.1,100,5.04,231,0,1014.8,0
2026-02-22T04:00,11.7,92,10.4,0,100,5.04,230,0,1014.5,0
2026-02-22T05:00,11.7,92,10.4,0.3,100,5.33,230,0,1014,0
2026-02-22T06:00,11.9,92,10.6,0.1,100,4.88,227,0,1013.8,0
2026-02-22T07:00,11.9,91,10.5,0,100,4.96,233,0,1013.8,0
2026-02-22T08:00,12,90,10.5,0.2,100,4.48,235,4,1014.2,1
2026-02-22T09:00,12.1,90,10.5,0.3,100,4.44,236,27,1014.5,1
2026-02-22T10:00,11.8,93,10.7,0.7,100,4.51,231,24,1014.5,1
2026-02-22T11:00,12.9,89,11.1,0.1,100,3.9,234,182,1014.2,1
2026-02-22T12:00,12.9,81,9.7,0,100,5.21,246,163,1014.5,1
2026-02-22T13:00,12.7,83,9.8,0.2,100,4.5,247,168,1013.9,1
2026-02-22T14:00,13,77,9.2,0,99,4.57,250,237,1013.6,1
2026-02-22T15:00,13.3,72,8.4,0,93,4.77,247,268,1013.5,1
2026-02-22T16:00,13.1,71,8,0,11,4.09,248,198,1013.3,1
2026-02-22T17:00,12.4,71,7.4,0,4,3.83,250,89,1013.2,1
2026-02-22T18:00,11.8,73,7.1,0,89,3.72,239,5,1013.7,0
2026-02-22T19:00,11.2,78,7.5,0,98,3.88,240,0,1014,0
2026-02-22T20:00,10.7,80,7.4,0,80,3.99,240,0,1014.2,0
2026-02-22T21:00,10.2,80,6.9,0,22,4.25,238,0,1014.4,0
2026-02-22T22:00,9.6,80,6.4,0,9,4.37,234,0,1014.1,0
2026-02-22T23:00,9.2,83,6.4,0,72,4.42,236,0,1013.9,0
2026-02-23T00:00,9.2,83,6.5,0,18,4.46,240,0,1014.1,0
2026-02-23T01:00,8.9,84,6.4,0,34,4.26,239,0,1013.9,0
2026-02-23T02:00,8.7,85,6.4,0,67,4.63,235,0,1013.6,0
2026-02-23T03:00,8.6,87,6.6,0,93,4.73,237,0,1013.1,0
2026-02-23T04:00,9,86,6.7,0,99,4.89,239,0,1012.8,0
2026-02-23T05:00,9.1,85,6.7,0,100,4.84,239,0,1012.6,0
2026-02-23T06:00,8.7,84,6.1,0,100,4.92,242,0,1012.9,0
2026-02-23T07:00,8.6,82,5.7,0,100,4.74,242,0,1013,1
2026-02-23T08:00,8.9,81,5.9,0,98,4.55,240,35,1013.3,1
2026-02-23T09:00,9.7,81,6.6,0,100,3.88,235,138,1013.3,1
2026-02-23T10:00,10.8,76,6.7,0,100,5.71,246,266,1013.4,1
2026-02-23T11:00,11.2,75,7,0.1,100,5.35,246,222,1013.6,1
2026-02-23T12:00,11.5,72,6.7,0,99,4.54,251,88,1013.9,1
2026-02-23T13:00,12.5,64,5.9,0,100,4.45,258,217,1013.6,1
2026-02-23T14:00,13,62,5.9,0,100,4.49,249,241,1013.4,1
2026-02-23T15:00,12,72,7.1,0,100,3.79,234,61,1013.3,1
2026-02-23T16:00,11.3,80,7.9,0.1,100,3.69,229,23,1013.2,1
2026-02-23T17:00,11,85,8.5,0.3,100,3.11,226,12,1013,1
2026-02-23T18:00,10.9,87,8.9,0,100,2.88,214,1,1013.1,0
2026-02-23T19:00,11,91,9.6,0.2,100,3.23,229,0,1013.1,0
2026-02-23T20:00,11.5,91,10.1,0,100,3.74,242,0,1013.2,0
2026-02-23T21:00,11.9,91,10.4,0,100,4.03,242,0,1013.4,0
2026-02-23T22:00,12.2,91,10.7,0,100,4.28,247,0,1013.8,0
2026-02-23T23:00,12.2,91,10.9,0,100,4.19,250,0,1013.9,0
2026-02-24T00:00,12.3,92,11.1,0,100,3.59,257,0,1013.9,0
2026-02-24T01:00,12.1,92,10.9,0,100,3.06,264,0,1014.6,0
2026-02-24T02:00,11.9,93,10.8,0,100,2.49,255,0,1014.9,0
2026-02-24T03:00,11.8,93,10.7,0,100,2.12,243,0,1015,0
2026-02-24T04:00,11.6,93,10.6,0,100,1.75,217,0,1015.2,0
2026-02-24T05:00,11.5,94,10.5,0,100,2.09,197,0,1015,0
2026-02-24T06:00,11.3,94,10.3,0.2,66,2.28,199,0,1015.3,0
2026-02-24T07:00,11.2,95,10.4,0,100,2.86,205,0,1015.4,1
2026-02-24T08:00,11.4,94,10.4,0,99,3.09,205,15,1015.4,1
2026-02-24T09:00,11.7,93,10.6,0,98,3.02,209,50,1015.4,1
2026-02-24T10:00,12.2,89,10.4,0,100,3.85,205,156,1015.6,1
2026-02-24T11:00,11.8,90,10.1,0,100,3.87,205,182,1015.7,1
2026-02-24T12:00,13.8,82,10.7,0,31,4.59,204,153,1015,1
2026-02-24T13:00,14.5,73,9.7,0,88,5.62,201,402,1014.4,1
2026-02-24T14:00,14.3,75,10,0,84,4.73,200,330,1013.9,1
2026-02-24T15:00,13.9,77,9.9,0,34,4.17,199,280,1013.8,1
2026-02-24T16:00,13.6,77,9.7,0,38,4.1,196,187,1013.6,1
2026-02-24T17:00,12.7,85,10.3,0,2,2.97,186,90,1013.5,1
2026-02-24T18:00,12,88,10.1,0,0,2.41,174,7,1013.5,0
2026-02-24T19:00,11.8,87,9.7,0,0,2.71,176,0,1013.6,0
2026-02-24T20:00,11.5,85,9.1,0,0,2.85,178,0,1013.7,0
2026-02-24T21:00,11.4,85,9,0,0,3.11,175,0,1013.6,0
2026-02-24T22:00,11.2,88,9.3,0,0,3.8,171,0,1013.5,0
2026-02-24T23:00,11.1,89,9.3,0,0,4.07,174,0,1013.3,0
2026-02-25T00:00,10.8,90,9.2,0,0,3.61,177,0,1013.3,0
2026-02-25T01:00,10.2,92,9,0,0,3,179,0,1013.5,0
2026-02-25T02:00,9.9,93,8.8,0,0,2.88,172,0,1013.1,0
2026-02-25T03:00,9.6,93,8.6,0,0,2.75,170,0,1012.7,0
2026-02-25T04:00,9.4,94,8.4,0,0,2.65,177,0,1012.6,0
2026-02-25T05:00,9.2,94,8.3,0,0,2.63,166,0,1012.7,0
2026-02-25T06:00,9.3,94,8.3,0,0,2.28,195,0,1012.7,0
2026-02-25T07:00,8.4,95,7.7,0,1,1.84,202,0,1013.3,1
2026-02-25T08:00,9.7,93,8.7,0,0,2.5,181,47,1013.6,1
2026-02-25T09:00,11.4,91,10,0,15,2.08,153,175,1013.7,1
2026-02-25T10:00,13.1,86,10.9,0,0,1.53,199,306,1013.9,1
2026-02-25T11:00,14.1,85,11.6,0,2,1.83,191,403,1014,1
2026-02-25T12:00,15.4,81,12.1,0,9,1.77,209,464,1013.8,1
2026-02-25T13:00,16.3,78,12.4,0,4,2.28,206,473,1013.4,1
2026-02-25T14:00,16.8,75,12.3,0,16,2.51,203,436,1013.2,1
2026-02-25T15:00,16.7,73,11.8,0,12,2.57,204,353,1013.1,1
2026-02-25T16:00,16.1,75,11.7,0,2,2.48,208,236,1013.3,1
2026-02-25T17:00,15,80,11.5,0,99,2.44,203,103,1013.7,1
2026-02-25T18:00,13.9,80,10.6,0,53,2.31,202,8,1014.2,0
2026-02-25T19:00,13,83,10.1,0,13,2.73,206,0,1014.6,0
2026-02-25T20:00,12.2,83,9.5,0,95,2.83,212,0,1014.9,0
2026-02-25T21:00,11.7,82,8.7,0,12,2.91,215,0,1015.2,0
2026-02-25T22:00,11.2,82,8.2,0,20,3.08,212,0,1015.2,0
2026-02-25T23:00,10.9,82,7.9,0,5,3.41,220,0,1015.1,0
2026-02-26T00:00,10.5,86,8.2,0,2,3.26,230,0,1015.3,0
2026-02-26T01:00,10.3,88,8.4,0,13,3.3,229,0,1015.5,0
2026-02-26T02:00,10.1,90,8.5,0,3,3.33,234,0,1015.7,0
2026-02-26T03:00,9.7,93,8.6,0,14,3.26,229,0,1015.7,0
2026-02-26T04:00,9.5,94,8.6,0,9,3.63,218,0,1015.4,0
2026-02-26T05:00,9.5,95,8.7,0,100,3.78,224,0,1015.5,0
2026-02-26T06:00,9.9,96,9.3,0,100,3.38,214,0,1015.5,0
2026-02-26T07:00,10.2,95,9.5,0,100,3.47,210,0,1015.3,1
2026-02-26T08:00,10.5,94,9.6,0,100,4.14,210,16,1015.5,1
2026-02-26T09:00,10.6,92,9.4,0,100,4.65,214,72,1015.6,1
2026-02-26T10:00,10.7,91,9.4,0.1,100,5.79,219,84,1015.4,1
2026-02-26T11:00,11.2,86,9,0.1,100,6.3,223,108,1015.2,1
2026-02-26T12:00,12.8,76,8.6,0.1,100,6.97,223,165,1014.9,1
2026-02-26T13:00,13.3,70,8,0,100,7.82,224,335,1013.7,1
2026-02-26T14:00,13,74,8.4,0,100,7.54,222,243,1013.3,1
2026-02-26T15:00,12.7,77,8.7,0.1,100,6.62,222,173,1013.2,1
2026-02-26T16:00,11.9,80,8.7,0,100,6.22,219,51,1012.6,1
2026-02-26T17:00,11.6,83,8.8,0,100,6.13,218,34,1012.5,1
2026-02-26T18:00,11.7,81,8.5,0,100,5.52,218,4,1012.6,0
2026-02-26T19:00,11.6,81,8.5,0,100,5.54,220,0,1012.7,0
2026-02-26T20:00,11.4,81,8.3,0,100,6.04,219,0,1012.4,0
2026-02-26T21:00,11.4,81,8.2,0,100,5.64,215,0,1011.8,0
2026-02-26T22:00,11.3,81,8.2,0,100,5.13,215,0,1011.5,0
2026-02-26T23:00,11.2,83,8.5,0.2,100,4.9,212,0,1011,0
2026-02-27T00:00,11.3,85,8.8,0.7,100,5.37,212,0,1010.9,0
2026-02-27T01:00,11,87,9,0.8,100,5.46,208,0,1010.2,0
2026-02-27T02:00,10.6,90,9,0.5,100,5.06,210,0,1009.3,0
2026-02-27T03:00,10.7,90,9.1,0.9,100,5.51,209,0,1008.7,0
2026-02-27T04:00,10.5,91,9.2,0.5,100,5.53,204,0,1008.2,0
2026-02-27T05:00,10.4,91,9.1,0.4,100,5.37,201,0,1007.5,0
2026-02-27T06:00,10.4,91,9,0.2,100,5.07,202,0,1007.5,0
2026-02-27T07:00,10.5,90,9,0,100,4.97,205,0,1007.2,1
2026-02-27T08:00,10.8,89,9.1,0,100,4.59,204,13,1007.2,1
2026-02-27T09:00,11.1,89,9.4,0,100,4.62,203,25,1007.3,1
2026-02-27T10:00,11.5,88,9.6,0,100,4.55,203,51,1007.4,1
2026-02-27T11:00,11.8,90,10.2,0,100,4.64,204,70,1007.4,1
2026-02-27T12:00,12.4,89,10.6,0,100,4.9,203,116,1007.4,1
2026-02-27T13:00,12.6,88,10.6,0.2,98,4.94,214,113,1007.3,1
2026-02-27T14:00,13.3,83,10.5,0.1,96,5.28,213,203,1007,1
2026-02-27T15:00,13.1,85,10.6,0.1,87,4.79,205,220,1006.9,1
2026-02-27T16:00,12.8,85,10.3,0,98,3.85,203,167,1007.1,1
2026-02-27T17:00,12.2,85,9.8,0,99,3.74,208,73,1007.1,1
2026-02-27T18:00,12,81,8.9,0,67,3.87,216,8,1007.8,0
2026-02-27T19:00,11.4,77,7.6,0,95,3.51,216,0,1007.9,0
2026-02-27T20:00,10.9,79,7.4,0,100,3.48,198,0,1008.1,0
2026-02-27T21:00,10.1,84,7.5,0,78,2.9,183,0,1008,0
2026-02-27T22:00,9.5,85,7.1,0,87,3.2,182,0,1008,0
2026-02-27T23:00,8.9,85,6.5,0.3,75,2.55,183,0,1007.9,0
2026-02-28T00:00,9.2,89,7.6,0.1,55,2.29,170,0,1007.5,0
2026-02-28T01:00,8.7,91,7.3,0.4,27,2.1,181,0,1007.2,0
2026-02-28T02:00,7.9,92,6.6,0.1,48,1.6,148,0,1006.7,0
2026-02-28T03:00,7.9,94,7.1,0.8,100,1.5,143,0,1006.4,0
2026-02-28T04:00,8.1,93,7,1.1,100,1.04,305,0,1006.2,0
2026-02-28T05:00,7.6,96,7,0.5,100,1.78,328,0,1006.5,0
2026-02-28T06:00,8,96,7.3,0.2,92,3.45,280,0,1007,0
2026-02-28T07:00,7.6,95,6.8,0,100,5.11,286,0,1008.2,1
2026-02-28T08:00,7.3,88,5.4,0,100,5.61,296,10,1009.9,1
2026-02-28T09:00,7.1,86,4.9,0.1,100,5.24,291,48,1011.7,1
2026-02-28T10:00,7.7,83,4.9,0.2,98,4.51,287,101,1013.1,1
2026-02-28T11:00,9,74,4.6,0.1,99,5.66,284,229,1014.1,1
2026-02-28T12:00,9.2,72,4.4,0.1,51,4.77,285,269,1015.3,1
2026-02-28T13:00,9.6,71,4.7,0.2,32,4.32,280,386,1015.9,1
2026-02-28T14:00,10.1,67,4.2,0,24,3.75,268,389,1016.3,1
2026-02-28T15:00,9.7,66,3.8,0.2,35,3.81,260,304,1016.8,1
2026-02-28T16:00,9.8,58,1.9,0.1,23,3.93,263,226,1017,1
2026-02-28T17:00,9.4,58,1.5,0,13,3.35,253,110,1017.1,1
2026-02-28T18:00,8.3,59,0.6,0,9,3.04,243,13,1018.1,0
2026-02-28T19:00,7.6,61,0.5,0,0,3.08,238,0,1018.5,0
2026-02-28T20:00,6.7,68,1.2,0,0,2.34,214,0,1018.6,0
2026-02-28T21:00,6.2,76,2.3,0,7,2.93,207,0,1018.7,0
2026-02-28T22:00,6,81,3,0,84,2.8,204,0,1018.6,0
2026-02-28T23:00,6.4,83,3.6,0,71,2.75,199,0,1018.2,0
2026-03-01T00:00,7.2,82,4.2,0,5,3.31,200,0,1018,0
2026-03-01T01:00,7,83,4.3,0,22,3.23,196,0,1017.6,0
2026-03-01T02:00,6.9,85,4.6,0,98,3.29,189,0,1017,0
2026-03-01T03:00,7.2,86,5,0,100,3.4,180,0,1016.1,0
2026-03-01T04:00,7.4,87,5.3,0,100,3.68,187,0,1015.4,0
2026-03-01T05:00,8,85,5.7,0,100,4.16,190,0,1014.9,0
2026-03-01T06:00,8.3,88,6.4,0,100,4.58,187,0,1014.3,0
2026-03-01T07:00,8.4,88,6.6,0,100,4.51,190,0,1014,1
2026-03-01T08:00,8.8,88,6.9,0,100,4.28,194,13,1013.9,1
2026-03-01T09:00,9.4,88,7.5,0,100,3.95,198,43,1013.7,1
2026-03-01T10:00,10.6,83,7.8,0.1,100,6.09,204,165,1013.6,1
2026-03-01T11:00,9.9,87,7.8,0.2,100,5.13,186,57,1012.8,1
2026-03-01T12:00,10.4,91,9,0.1,100,5.36,194,105,1012.8,1
2026-03-01T13:00,11.9,86,9.6,0,100,4.11,206,164,1012.8,1
2026-03-01T14:00,11.5,86,9.2,0.1,45,4.66,211,157,1013,1
2026-03-01T15:00,12.5,78,8.7,0.1,43,4.99,215,304,1012.7,1
2026-03-01T16:00,12.1,82,9,0,93,4.54,205,173,1012.7,1
2026-03-01T17:00,11.4,83,8.7,0,75,4.92,207,72,1012.8,1
2026-03-01T18:00,10.8,88,8.9,0,99,4.3,198,9,1013.1,0
2026-03-01T19:00,10.8,88,8.9,0,100,4.49,199,0,1013.3,0
2026-03-01T20:00,10.9,85,8.5,0,100,4.78,196,0,1013.3,0
2026-03-01T21:00,10.8,83,8.1,0,100,4.99,196,0,1013.3,0
2026-03-01T22:00,10.7,81,7.6,0,100,4.95,194,0,1012.9,0
2026-03-01T23:00,10.5,79,7,0,100,4.78,196,0,1013,0
2026-03-02T00:00,10.2,81,7,0,98,4.64,191,0,1012.5,0
2026-03-02T01:00,9.8,82,6.9,0,100,4.55,192,0,1012.5,0
2026-03-02T02:00,9.6,81,6.5,0,100,4.45,188,0,1012.2,0
2026-03-02T03:00,9.4,80,6.2,0,100,4.17,186,0,1011.6,0
2026-03-02T04:00,9,81,5.9,0,95,3.95,181,0,1011.4,0
2026-03-02T05:00,8.9,80,5.5,0,90,3.81,177,0,1011.2,0
2026-03-02T06:00,9,80,5.7,0,95,3.85,181,0,1011,0
2026-03-02T07:00,8.8,81,5.7,0,98,3.55,182,1,1011.4,1
2026-03-02T08:00,9.3,80,6,0,100,3.35,180,61,1011.8,1
2026-03-02T09:00,10.3,78,6.7,0,95,2.52,173,193,1012.3,1
2026-03-02T10:00,11.6,74,7.2,0,100,3.2,178,323,1012.8,1
2026-03-02T11:00,12.7,70,7.5,0,84,3.35,179,430,1013,1
2026-03-02T12:00,14.1,66,7.9,0,48,2.91,168,491,1012.8,1
2026-03-02T13:00,14.7,64,7.9,0,44,3.2,170,508,1012.8,1
2026-03-02T14:00,14.7,63,7.7,0,91,3.4,180,468,1013,1
2026-03-02T15:00,14.4,64,7.7,0,95,3.25,177,381,1013.1,1
2026-03-02T16:00,13.9,66,7.6,0,47,3.06,175,264,1013.4,1
2026-03-02T17:00,12.9,70,7.5,0,4,2.75,179,126,1014,1
2026-03-02T18:00,11.9,71,6.7,0,0,2.7,181,16,1014.8,0
2026-03-02T19:00,11.3,73,6.7,0,1,2.71,185,0,1015.4,0
2026-03-02T20:00,10.9,75,6.7,0,42,2.34,196,0,1016,0
2026-03-02T21:00,10.5,77,6.6,0,71,1.86,243,0,1016.8,0
2026-03-02T22:00,9.8,81,6.7,0,4,1.8,267,0,1017.7,0
2026-03-02T23:00,9.2,84,6.7,0,3,1.45,268,0,1018.2,0
2026-03-03T00:00,7.7,89,6,0,2,1.07,233,0,1018.9,0
2026-03-03T01:00,7.4,91,6,0,4,0.92,257,0,1019.6,0
2026-03-03T02:00,7,93,5.9,0,3,0.4,300,0,1020.2,0
2026-03-03T03:00,6.5,95,5.8,0,1,0.47,328,0,1020.6,0
2026-03-03T04:00,6.3,95,5.6,0,2,0.47,18,0,1021.2,0
2026-03-03T05:00,6.1,96,5.4,0,1,0.89,52,0,1021.7,0
2026-03-03T06:00,6,95,5.3,0,2,1.25,61,0,1022.3,0
2026-03-03T07:00,6.4,95,5.7,0,23,1.54,54,1,1022.9,1
2026-03-03T08:00,6.9,95,6.1,0,48,1.66,46,70,1023.7,1
2026-03-03T09:00,8.2,92,6.9,0,33,1.31,50,192,1024.4,1
2026-03-03T10:00,9.8,86,7.7,0,88,1.44,56,327,1024.8,1
2026-03-03T11:00,11.3,82,8.3,0,16,1.69,56,431,1024.9,1
2026-03-03T12:00,12.7,77,8.8,0,33,2.15,59,492,1025.2,1
2026-03-03T13:00,13.6,72,8.6,0,51,2.35,63,375,1025,1
2026-03-03T14:00,14.1,69,8.6,0,64,2.33,67,375,1025,1
2026-03-03T15:00,14.2,69,8.7,0,74,2.17,67,297,1024.8,1
2026-03-03T16:00,13.7,71,8.5,0,72,2.18,74,169,1024.9,1
2026-03-03T17:00,12.6,75,8.3,0,29,2.66,94,84,1025.1,1
2026-03-03T18:00,10.7,76,6.6,0,95,2.93,99,15,1025.6,0
2026-03-03T19:00,9.3,78,5.7,0,60,3.05,89,0,1025.9,0
2026-03-03T20:00,8.5,80,5.3,0,72,3.01,85,0,1026.1,0
2026-03-03T21:00,7.9,82,5.1,0,16,2.8,80,0,1026.4,0
2026-03-03T22:00,7.3,85,5,0,14,2.67,73,0,1026.4,0
2026-03-03T23:00,6.8,87,4.8,0,7,2.72,70,0,1026.4,0
2026-03-04T00:00,6.4,89,4.7,0,0,2.58,68,0,1026.5,0
2026-03-04T01:00,6.2,91,4.8,0,2,2.6,67,0,1026.1,0
2026-03-04T02:00,5.9,93,4.8,0,12,2.46,63,0,1025.8,0
2026-03-04T03:00,5.6,94,4.8,0,21,2.37,65,0,1025.3,0
2026-03-04T04:00,5.4,95,4.7,0,20,2.24,66,0,1024.9,0
2026-03-04T05:00,5.3,96,4.7,0,30,2.28,67,0,1024.6,0
2026-03-04T06:00,5.2,100,5.2,0,100,2.2,73,0,1024.6,0
2026-03-04T07:00,5.4,99,5.3,0,100,2.06,76,2,1024.5,1
2026-03-04T08:00,5.7,100,5.6,0,100,2.21,84,42,1024.6,1
2026-03-04T09:00,6.3,99,6.2,0,100,2.16,85,108,1024.7,1
2026-03-04T10:00,7.5,95,6.7,0,100,2.17,82,188,1024.6,1
2026-03-04T11:00,9.4,89,7.6,0,95,2.11,83,318,1023.7,1
2026-03-04T12:00,10.4,83,7.6,0,7,1.79,67,470,1023.7,1
2026-03-04T13:00,11.7,80,8.3,0,0,1.71,69,512,1022.9,1
2026-03-04T14:00,12.8,77,8.9,0,0,2.01,71,476,1021.9,1
2026-03-04T15:00,13.3,77,9.3,0,0,2.18,74,394,1021.1,1
2026-03-04T16:00,13.3,78,9.5,0,0,2.44,75,274,1020.5,1
2026-03-04T17:00,12.4,82,9.4,0,0,2.7,79,134,1020.1,1
2026-03-04T18:00,10.4,85,8,0,0,2.96,86,20,1020,0
2026-03-04T19:00,9.3,87,7.3,0,0,2.95,88,0,1020.1,0
2026-03-04T20:00,8.9,87,6.8,0,0,3.06,94,0,1019.9,0
2026-03-04T21:00,8.9,85,6.6,0,0,2.98,98,0,1019.4,0
2026-03-04T22:00,9.3,82,6.4,0,0,2.91,106,0,1019,0
2026-03-04T23:00,9.6,79,6,0,0,2.95,118,0,1018.3,0
2026-03-05T00:00,9.7,74,5.3,0,0,3.06,128,0,1017.9,0
2026-03-05T01:00,9.1,75,4.9,0,0,2.84,129,0,1017.3,0
2026-03-05T02:00,8.7,77,4.8,0,0,2.66,130,0,1016.7,0
2026-03-05T03:00,8.4,79,4.9,0,0,2.43,127,0,1016.1,0
2026-03-05T04:00,8.1,80,4.9,0,0,2.29,126,0,1015.6,0
2026-03-05T05:00,7.8,81,4.8,0,0,2.32,123,0,1015,0
2026-03-05T06:00,7.1,82,4.3,0,0,1.75,114,0,1014.8,0
2026-03-05T07:00,6.9,83,4.2,0,0,1.9,113,3,1014.4,1
2026-03-05T08:00,7.7,82,4.7,0,0,1.73,112,85,1014.3,1
2026-03-05T09:00,9.5,79,6.1,0,0,1.58,79,226,1014.3,1
2026-03-05T10:00,11.5,75,7.3,0,0,1.24,104,360,1014.5,1
2026-03-05T11:00,13.3,71,8.3,0,0,1.5,120,462,1014.2,1
2026-03-05T12:00,15.5,66,9.2,0,0,1.59,114,522,1013.7,1
2026-03-05T13:00,16.6,63,9.5,0,0,2.2,131,532,1013.2,1
2026-03-05T14:00,17,61,9.4,0,0,2.71,142,490,1012.4,1
2026-03-05T15:00,16.9,60,9,0,0,2.69,145,402,1012,1
2026-03-05T16:00,16.3,62,9.1,0,0,2.38,141,279,1011.7,1
2026-03-05T17:00,15,68,9.2,0,4,2.09,136,138,1011.7,1
2026-03-05T18:00,13.8,72,8.9,0,22,1.98,124,22,1012.3,0
2026-03-05T19:00,12.8,76,8.6,0,99,1.97,153,0,1013.1,0
2026-03-05T20:00,12.3,77,8.4,0,100,1.38,161,0,1013.6,0
2026-03-05T21:00,12.1,77,8.2,0,100,1.41,117,0,1013.6,0
2026-03-05T22:00,11,82,8,0,100,1.1,129,0,1013.8,0
2026-03-05T23:00,10.8,82,7.9,0,100,1.17,149,0,1013.9,0
2026-03-06T00:00,10.2,85,7.8,0,100,1.27,169,0,1014.2,0
2026-03-06T01:00,10.1,87,8,0,43,0.85,159,0,1014.3,0
2026-03-06T02:00,10.1,87,8,0,45,1.22,215,0,1014.7,0
2026-03-06T03:00,9.7,89,7.9,0,100,1.11,252,0,1014.9,0
2026-03-06T04:00,9.6,90,8,0,100,1.03,223,0,1015.5,0
2026-03-06T05:00,9.7,90,8.1,0,99,1.26,214,0,1015.7,0
2026-03-06T06:00,9.2,92,8,0,100,1.75,294,0,1016.2,0
2026-03-06T07:00,8.6,93,7.6,0,92,1.13,311,3,1017.1,1
2026-03-06T08:00,8.7,93,7.6,0,88,1.8,326,76,1018,1
2026-03-06T09:00,9.2,90,7.6,0,89,1.9,337,185,1018.8,1
2026-03-06T10:00,10,87,8,0,100,1.79,333,272,1019.4,1
2026-03-06T11:00,11,84,8.4,0,100,1.66,344,290,1019.7,1
2026-03-06T12:00,10.2,82,7.4,0,100,1.71,345,197,1020.2,1
2026-03-06T13:00,10.2,83,7.4,0.1,100,1.7,358,157,1020.2,1
2026-03-06T14:00,10.3,82,7.5,1.4,100,2.41,354,153,1020,1
2026-03-06T15:00,9.2,92,7.9,1.6,100,2.76,5,44,1020.1,1
2026-03-06T16:00,8.4,92,7.3,1.2,100,2.67,17,30,1020.6,1
2026-03-06T17:00,8.3,94,7.4,0.5,100,2.06,26,18,1021.2,1
2026-03-06T18:00,8.1,94,7.2,0.4,100,2.07,20,2,1022.1,0
2026-03-06T19:00,7.9,95,7.1,0.2,100,2.34,16,0,1022.6,0
2026-03-06T20:00,7.7,94,6.8,0,100,2.44,15,0,1023.1,0
2026-03-06T21:00,7.5,94,6.6,0,100,2.39,11,0,1023.7,0
2026-03-06T22:00,7.5,94,6.6,0,100,2.37,25,0,1023.8,0
2026-03-06T23:00,7.6,93,6.6,0,100,2.32,33,0,1024,0
2026-03-07T00:00,7.5,93,6.5,0,100,2.51,29,0,1024.3,0
2026-03-07T01:00,7.3,92,6.2,0,100,2.65,43,0,1024.3,0
2026-03-07T02:00,7.2,93,6.1,0,100,2.37,46,0,1024,0
2026-03-07T03:00,7.1,93,6.1,0,100,2.29,36,0,1023.9,0
2026-03-07T04:00,7.1,94,6.1,0,100,2.53,38,0,1023.9,0
2026-03-07T05:00,7.1,94,6.2,0,100,2.19,47,0,1023.8,0
2026-03-07T06:00,6.9,94,6,0,100,2.13,49,0,1024.3,0
2026-03-07T07:00,7,94,6.1,0,100,2.48,47,1,1024.7,1
2026-03-07T08:00,7.2,93,6.2,0,100,2.5,53,19,1024.8,1
2026-03-07T09:00,7.7,91,6.4,0,100,2.44,64,57,1024.9,1
2026-03-07T10:00,8.4,89,6.7,0,100,2.53,65,114,1025.1,1
2026-03-07T11:00,9.1,87,7.1,0,100,2.47,69,160,1025.1,1
2026-03-07T12:00,8.6,87,6.5,0,100,2.42,66,174,1025.2,1
2026-03-07T13:00,9.1,85,6.7,0,100,2.3,63,158,1024.8,1
2026-03-07T14:00,9.5,84,7,0,100,2.28,61,153,1024.4,1
2026-03-07T15:00,9.8,84,7.2,0,100,2.26,65,129,1023.9,1
2026-03-07T16:00,10,84,7.3,0,100,2.28,81,91,1024,1
2026-03-07T17:00,9.7,85,7.3,0,100,2.05,93,42,1024,1
2026-03-07T18:00,8.9,88,7,0,100,2.07,98,8,1024.1,0
2026-03-07T19:00,8.5,90,7,0,100,2.15,89,0,1024.3,0
2026-03-07T20:00,8.3,92,7,0,100,2.05,87,0,1024.2,0
2026-03-07T21:00,8.3,93,7.2,0,100,1.73,80,0,1024.2,0
2026-03-07T22:00,8,95,7.3,0,100,1.71,75,0,1024.2,0
2026-03-07T23:00,7.6,97,7.2,0,100,1.68,73,0,1023.8,0
2026-03-08T00:00,8.1,100,8,0,100,2.17,71,0,1023.6,0
2026-03-08T01:00,7.9,100,7.8,0,100,2.11,76,0,1023.5,0
2026-03-08T02:00,7.7,100,7.6,0,100,2.37,83,0,1023.1,0
2026-03-08T03:00,7.5,99,7.4,0,100,2.33,80,0,1022.6,0
2026-03-08T04:00,7.4,100,7.3,0,100,2.19,79,0,1022.5,0
2026-03-08T05:00,7.3,100,7.2,0,100,2.35,86,0,1022.4,0
2026-03-08T06:00,7.3,99,7.2,0,100,2.1,93,0,1022.4,0
2026-03-08T07:00,7.2,99,7.1,0,100,2.01,86,2,1022.6,1
2026-03-08T08:00,7.2,100,7.2,0,100,2.3,91,30,1022.7,1
2026-03-08T09:00,7.6,97,7.1,0,100,2.27,104,73,1022.7,1
2026-03-08T10:00,8.3,94,7.4,0,100,2.36,103,148,1022.6,1
2026-03-08T11:00,9.2,90,7.6,0,100,2.2,107,210,1022.3,1
2026-03-08T12:00,9.5,87,7.4,0,100,2.37,108,293,1022,1
2026-03-08T13:00,10.2,84,7.6,0,100,1.98,111,266,1021.4,1
2026-03-08T14:00,11.3,80,7.9,0,100,1.72,126,312,1020.8,1
2026-03-08T15:00,12.2,76,8,0,85,1.38,136,296,1020.3,1
2026-03-08T16:00,12.6,73,7.8,0,43,1.24,137,220,1019.9,1
2026-03-08T17:00,12.5,75,8.2,0,4,0.7,69,128,1019.6,1
2026-03-08T18:00,10.5,84,7.9,0,83,1.55,57,29,1019.6,0
2026-03-08T19:00,8.8,92,7.6,0,99,2.39,74,0,1019.9,0
2026-03-08T20:00,7.8,97,7.3,0,100,2.31,84,0,1019.9,0
2026-03-08T21:00,7.7,97,7.3,0,100,2.07,98,0,1019.9,0
2026-03-08T22:00,7.7,97,7.2,0,100,1.87,98,0,1019.9,0
2026-03-08T23:00,7.8,96,7.2,0,100,1.82,99,0,1019.7,0
2026-03-09T00:00,8,97,7.6,0,100,1.57,81,0,1019.4,0
2026-03-09T01:00,7.9,96,7.3,0,100,1.66,111,0,1019.3,0
2026-03-09T02:00,7.5,97,7.1,0,100,1.61,120,0,1018.9,0
2026-03-09T03:00,7.1,99,7,0,100,1.37,123,0,1018.3,0
2026-03-09T04:00,7,100,7,0,100,0.93,126,0,1018.1,0
2026-03-09T05:00,7.1,99,7,0,100,0.74,110,0,1017.8,0
2026-03-09T06:00,6.7,99,6.6,0,100,1.03,119,0,1017.6,0
2026-03-09T07:00,6.9,100,6.9,0,100,0.68,107,3,1017.7,1
2026-03-09T08:00,7.4,99,7.3,0,100,0.74,110,46,1017.9,1
2026-03-09T09:00,8.2,97,7.7,0,100,0.92,135,105,1018,1
2026-03-09T10:00,9.2,93,8.2,0,100,1.15,146,157,1018.1,1
2026-03-09T11:00,10.6,89,8.8,0,100,1.05,175,221,1017.7,1
2026-03-09T12:00,11.7,82,8.8,0,98,1.14,232,357,1017.4,1
2026-03-09T13:00,13.2,76,9.2,0,99,1.82,217,367,1016.8,1
2026-03-09T14:00,14.2,74,9.6,0,100,1.96,238,341,1015.9,1
2026-03-09T15:00,14,76,9.8,0,91,1.92,219,273,1015.5,1
2026-03-09T16:00,14,76,9.9,0,7,1.13,193,215,1015.2,1
2026-03-09T17:00,13.6,74,9.1,0.2,33,1,180,150,1015.1,1
2026-03-09T18:00,11,99,10.9,0,41,0.75,53,27,1015.4,0
2026-03-09T19:00,10.5,99,10.3,0,49,0.62,194,0,1015.5,0
2026-03-09T20:00,10,97,9.6,0,40,1.86,194,0,1015.2,0
2026-03-09T21:00,9.6,98,9.3,0,94,2.21,208,0,1015.3,0
2026-03-09T22:00,9.4,98,9.1,0,100,2.28,218,0,1015.5,0
2026-03-09T23:00,9.4,97,8.9,0,100,2.45,219,0,1015.5,0
2026-03-10T00:00,9.2,95,8.5,0,100,2.3,224,0,1015.1,0
2026-03-10T01:00,9.1,96,8.4,0,100,2.05,225,0,1015,0
2026-03-10T02:00,9.1,96,8.4,0,100,2.02,228,0,1014.6,0
2026-03-10T03:00,9.1,95,8.4,0,100,2.13,231,0,1014.4,0
2026-03-10T04:00,9.1,95,8.3,0,100,1.98,225,0,1014.3,0
2026-03-10T05:00,9.1,94,8.3,0,100,1.79,207,0,1014.3,0
2026-03-10T06:00,9.1,94,8.2,0,100,1.68,197,0,1014.1,0
2026-03-10T07:00,9.1,94,8.1,0,100,1.79,207,4,1014.1,1
2026-03-10T08:00,9.3,91,7.9,0,100,2.16,220,22,1014.2,1
2026-03-10T09:00,9.7,87,7.7,0,99,2.45,229,79,1014.1,1
2026-03-10T10:00,10.5,80,7.2,0.1,100,2.76,238,201,1014,1
2026-03-10T11:00,11.1,75,6.8,0.1,100,2.82,237,269,1013.7,1
2026-03-10T12:00,11.2,73,6.6,0,100,2.65,226,301,1013.5,1
2026-03-10T13:00,11.9,66,5.7,0,100,2.85,218,399,1013.1,1
2026-03-10T14:00,12.3,62,5.2,0,84,3.65,222,442,1012.4,1
2026-03-10T15:00,12.2,61,4.9,0,45,4.08,221,368,1011.7,1
2026-03-10T16:00,11.5,64,4.8,0,75,4.68,221,226,1011.1,1
2026-03-10T17:00,10.8,70,5.5,0,23,4.42,211,109,1010.7,1
2026-03-10T18:00,10.1,76,6.1,0,77,4.3,203,28,1010.4,0
2026-03-10T19:00,9.6,79,6.1,0,3,4.59,208,0,1010.3,0
2026-03-10T20:00,9.4,81,6.2,0,100,4.67,206,0,1009.7,0
2026-03-10T21:00,9.7,82,6.7,0,100,4.88,203,0,1009.1,0
2026-03-10T22:00,10.1,82,7.1,0,100,5.13,204,0,1008.2,0
2026-03-10T23:00,10.2,82,7.3,0.2,100,5.59,204,0,1007.3,0
2026-03-11T00:00,10.4,84,7.8,0.2,100,5.88,202,0,1006.3,0
2026-03-11T01:00,10.1,86,7.8,0.2,100,6.03,200,0,1005.3,0
2026-03-11T02:00,10.1,87,8,0.2,100,6.01,203,0,1004.4,0
2026-03-11T03:00,10.1,89,8.3,0.5,100,5.97,206,0,1003.3,0
2026-03-11T04:00,10,93,9,0.6,100,5.19,212,0,1002.9,0
2026-03-11T05:00,10.4,93,9.3,0,100,4.7,226,0,1003,0
2026-03-11T06:00,10.1,89,8.5,0,78,4.65,253,0,1003.7,0
2026-03-11T07:00,9,83,6.2,0,100,4.67,254,10,1004.6,1
2026-03-11T08:00,9.1,78,5.6,0,86,4.51,257,82,1005.8,1
2026-03-11T09:00,9.8,75,5.5,0,20,4.44,258,188,1006.7,1
2026-03-11T10:00,10.7,66,4.6,0,18,5.06,267,381,1007.4,1
2026-03-11T11:00,11.3,63,4.6,0,14,4.85,269,465,1008,1
2026-03-11T12:00,11.4,56,2.9,0,19,5,272,528,1009.2,1
2026-03-11T13:00,11.9,52,2.4,0,19,5.05,271,531,1009.6,1
2026-03-11T14:00,12.1,51,2.3,0,16,4.7,269,487,1010.1,1
2026-03-11T15:00,12,51,2.1,0,23,4.95,272,406,1010.8,1
2026-03-11T16:00,11.8,51,1.9,0,28,4.97,275,279,1011.6,1
2026-03-11T17:00,11.1,56,2.7,0,7,3.95,261,146,1012.5,1
2026-03-11T18:00,10.1,62,3,0,5,3.65,245,37,1013.7,0
2026-03-11T19:00,9.3,66,3.3,0,13,3.8,245,0,1014.9,0
2026-03-11T20:00,8.3,70,3.1,0,6,3.78,241,0,1015.5,0
2026-03-11T21:00,7.6,70,2.6,0,50,3.71,243,0,1016,0
2026-03-11T22:00,7.4,74,3.1,0,86,3.78,242,0,1016.3,0
2026-03-11T23:00,7,78,3.4,0,70,3.5,233,0,1016.3,0
2026-03-12T00:00,6.5,79,3.1,0,34,3.68,228,0,1016.4,0
2026-03-12T01:00,6.5,80,3.2,0,10,3.85,226,0,1016.1,0
2026-03-12T02:00,6.5,81,3.4,0,13,4.21,222,0,1015.7,0
2026-03-12T03:00,6.7,83,3.9,0,52,4.51,220,0,1014.8,0
2026-03-12T04:00,7.1,83,4.4,0,59,4.81,224,0,1014.3,0
2026-03-12T05:00,7.4,82,4.6,0,91,4.71,222,0,1014.2,0
2026-03-12T06:00,8.2,80,5,0,100,5.01,219,0,1013.5,0
2026-03-12T07:00,8.6,76,4.6,0,100,5.34,218,11,1013,1
2026-03-12T08:00,9.4,76,5.3,0,100,5.9,211,104,1012.3,1
2026-03-12T09:00,10,79,6.4,0,100,7.85,213,196,1011.8,1
2026-03-12T10:00,10.9,74,6.5,0.1,100,7.06,213,260,1011.4,1
2026-03-12T11:00,11.2,72,6.4,0,100,7.97,213,217,1010.5,1
2026-03-12T12:00,11.6,73,6.8,0.1,100,9.18,213,161,1009.9,1
2026-03-12T13:00,11.4,75,7.1,0,100,8.23,205,260,1009.2,1
2026-03-12T14:00,11.1,77,7.3,0,100,7.07,205,115,1008.4,1
2026-03-12T15:00,11,80,7.6,0,100,7.71,207,64,1007.5,1
2026-03-12T16:00,11.4,79,7.9,0,100,8.71,210,68,1006.5,1
2026-03-12T17:00,11.6,79,8.1,0,100,8.19,208,35,1005.3,1
2026-03-12T18:00,11.5,81,8.4,0,100,8.07,208,9,1004.5,0
2026-03-12T19:00,11.4,83,8.5,0,100,8.19,208,0,1003.9,0
2026-03-12T20:00,11.4,83,8.7,0,100,7.95,210,0,1003,0
2026-03-12T21:00,11.4,84,8.8,0.1,100,7.95,210,0,1002.2,0
2026-03-12T22:00,11.2,86,9,0.3,100,8.14,207,0,1001,0
2026-03-12T23:00,11.3,87,9.3,0.1,100,8.06,203,0,999.3,0
2026-03-13T00:00,11.1,90,9.5,0.2,100,7.74,204,0,997.8,0
2026-03-13T01:00,11.1,92,9.8,0.3,100,7.6,207,0,996.7,0
2026-03-13T02:00,11,94,10,2.1,100,7.79,218,0,995.9,0
2026-03-13T03:00,10.5,92,9.3,2.5,100,6.82,250,0,996,0
2026-03-13T04:00,7.7,84,5.1,1,100,5.25,262,0,997.8,0
2026-03-13T05:00,7.4,81,4.3,0,100,4.37,254,0,998.3,0
2026-03-13T06:00,6.5,79,3,0,100,4.73,247,0,998.9,0
2026-03-13T07:00,6.5,76,2.5,0,100,4.87,248,8,999.5,1
2026-03-13T08:00,6.5,72,1.8,0.1,100,4.98,251,71,1000.1,1
2026-03-13T09:00,6.6,70,1.5,0,100,4.72,243,129,1000.4,1
2026-03-13T10:00,7.1,63,0.6,0,100,4.92,235,213,1000.5,1
2026-03-13T11:00,7.5,60,0.3,0,100,4.83,234,254,1000.3,1
2026-03-13T12:00,8.2,55,-0.4,0,100,5.14,245,302,1000.1,1
2026-03-13T13:00,8.7,55,0.2,0,100,5.01,238,408,999.4,1
2026-03-13T14:00,8.6,53,-0.5,0,100,4.99,235,314,998.7,1
2026-03-13T15:00,8.4,55,-0.2,0.1,100,4.82,247,297,998.3,1
2026-03-13T16:00,7.5,58,-0.3,0.1,100,4.61,241,174,998.2,1
2026-03-13T17:00,6.8,68,1.4,0,100,3.18,224,91,997.8,1
2026-03-13T18:00,6.4,70,1.3,0,100,2.76,235,30,997.6,1
2026-03-13T19:00,5.8,74,1.6,0,91,2.7,231,0,997.6,0
2026-03-13T20:00,5.2,78,1.6,0,33,2.59,242,0,997.8,0
2026-03-13T21:00,4.6,80,1.4,0,0,2.82,243,0,997.9,0
2026-03-13T22:00,4.1,82,1.3,0,0,2.79,255,0,997.8,0
2026-03-13T23:00,3.5,85,1.2,0,15,2.91,266,0,997.8,0
2026-03-14T00:00,3,85,0.7,0,7,2.58,255,0,998,0
2026-03-14T01:00,2.7,87,0.8,0,100,2.43,262,0,998,0
2026-03-14T02:00,2.4,89,0.8,0,90,2.64,260,0,998.2,0
2026-03-14T03:00,2.3,89,0.7,0,96,2.6,254,0,998.3,0
2026-03-14T04:00,2,90,0.6,0.3,95,2.42,263,0,998.8,0
2026-03-14T05:00,1.8,91,0.5,0.3,97,2.15,269,0,999.6,0
2026-03-14T06:00,1.8,89,0.2,0.1,51,2.11,266,0,1000,0
2026-03-14T07:00,2.3,85,0,0,1,2.61,274,14,1000.7,1
2026-03-14T08:00,3.7,83,1,0,0,2.94,302,132,1001.3,1
2026-03-14T09:00,5.3,80,2.2,0,0,2.08,294,280,1002,1
2026-03-14T10:00,6.9,75,2.8,0,10,2.23,304,424,1002.7,1
2026-03-14T11:00,8.2,64,1.8,0,28,2.72,317,528,1002.9,1
2026-03-14T12:00,9.5,51,-0.2,0,42,2.7,310,549,1003.4,1
2026-03-14T13:00,10.1,50,0.2,0,13,2.91,305,527,1003.7,1
2026-03-14T14:00,10.4,50,0.3,0,28,3.28,308,532,1004,1
2026-03-14T15:00,10.4,42,-2,0,14,3.3,311,444,1004.5,1
2026-03-14T16:00,10.2,41,-2.5,0,17,3.16,309,331,1004.9,1
2026-03-14T17:00,9.6,47,-1.2,0,23,2.55,317,181,1005.6,1
2026-03-14T18:00,7.8,61,0.8,0,0,1.15,326,43,1006.4,1
2026-03-14T19:00,7.8,64,1.5,0,0,0.87,336,0,1007.3,0
2026-03-14T20:00,7.2,66,1.3,0,0,0.78,315,0,1008.1,0
2026-03-14T21:00,6.5,69,1.2,0,0,0.55,270,0,1008.9,0
2026-03-14T22:00,5.5,74,1.3,0,0,0.5,217,0,1009.2,0
2026-03-14T23:00,5.2,73,0.7,0,6,1.29,234,0,1009.8,0
2026-03-15T00:00,4.4,71,-0.5,0,0,1.72,234,0,1010.5,0
2026-03-15T01:00,3.7,75,-0.3,0,4,1.74,231,0,1010.9,0
2026-03-15T02:00,3.2,79,-0.2,0,9,1.47,215,0,1011.1,0
2026-03-15T03:00,2.7,81,-0.2,0,72,2.05,225,0,1011.2,0
2026-03-15T04:00,2.5,84,0,0,99,2.14,233,0,1011.7,0
2026-03-15T05:00,2.4,85,0.2,0,100,1.89,233,0,1012,0
2026-03-15T06:00,2.5,84,0.1,0,82,2.02,224,0,1012.3,0
2026-03-15T07:00,3.1,81,0.1,0,8,2.49,218,16,1012.1,1
2026-03-15T08:00,4.7,78,1.2,0,0,3.2,207,137,1011.6,1
2026-03-15T09:00,6.8,76,2.8,0,1,2.65,202,290,1011.3,1
2026-03-15T10:00,9.1,72,4.3,0,56,5.28,215,426,1011.3,1
2026-03-15T11:00,10.3,61,3.2,0,24,6.15,216,425,1010.5,1
2026-03-15T12:00,11.2,55,2.5,0,100,7.25,219,502,1009.7,1
2026-03-15T13:00,11.6,56,3.1,0,100,7.01,223,401,1009.1,1
2026-03-15T14:00,11.1,63,4.2,0,100,7.05,221,174,1008.4,1
2026-03-15T15:00,10.5,71,5.5,0,100,6.27,210,98,1007.3,1
2026-03-15T16:00,10.1,79,6.6,0.1,100,6.11,208,67,1006,1
2026-03-15T17:00,9.4,86,7.2,1.1,100,6.27,216,27,1005.5,1
2026-03-15T18:00,9.2,93,8.1,1.1,100,5.41,242,4,1005.9,1
2026-03-15T19:00,8.2,84,5.6,0.2,94,5.5,272,0,1006.9,0
2026-03-15T20:00,7.7,87,5.6,0.1,15,4.11,252,0,1007.4,0
2026-03-15T21:00,7.1,84,4.6,0,0,4.51,255,0,1008.1,0
2026-03-15T22:00,6.8,82,3.9,0,7,4.41,252,0,1008.5,0
2026-03-15T23:00,6.6,79,3.3,0,9,4.43,254,0,1009.1,0
2026-03-16T00:00,6.7,80,3.6,0,13,4.26,267,0,1009.8,0
2026-03-16T01:00,6.4,79,3.1,0,2,4.04,262,0,1010.2,0
2026-03-16T02:00,6,79,2.6,0,15,3.76,256,0,1010.3,0
2026-03-16T03:00,5.6,78,2.2,0,53,3.79,252,0,1010.6,0
2026-03-16T04:00,5.3,80,2.2,0,85,3.9,247,0,1010.8,0
2026-03-16T05:00,5.3,80,2.2,0,71,3.91,251,0,1011.7,0
2026-03-16T06:00,5.4,82,2.6,0,77,3.56,250,0,1012.3,0
2026-03-16T07:00,5.6,82,2.9,0,99,3.64,243,20,1012.9,1
2026-03-16T08:00,6.4,83,3.7,0,100,3.02,236,93,1013.1,1
2026-03-16T09:00,7.3,82,4.5,0,100,3.1,232,134,1013.6,1
2026-03-16T10:00,8.7,75,4.6,0,100,4.33,239,263,1014.1,1
2026-03-16T11:00,9.4,72,4.7,0,95,4.46,240,305,1014.1,1
2026-03-16T12:00,10,70,4.7,0,97,4.92,253,454,1014.5,1
2026-03-16T13:00,11.3,64,4.8,0,100,5.62,258,478,1014.1,1
2026-03-16T14:00,11.4,65,4.9,0,100,5.22,253,250,1014.1,1
2026-03-16T15:00,11.7,64,5,0,100,5.43,257,302,1014.5,1
2026-03-16T16:00,11.1,69,5.6,0,100,3.7,251,103,1014.6,1
2026-03-16T17:00,10.9,72,6,0,98,3.24,243,51,1014.5,1
2026-03-16T18:00,10.1,82,7.2,0,98,2.82,205,32,1014.6,1
2026-03-16T19:00,9.9,82,7.1,0,45,3.33,213,0,1014.7,0
2026-03-16T20:00,9.5,87,7.4,0,90,3.7,218,0,1014.8,0
2026-03-16T21:00,9.3,90,7.8,0,95,3.51,216,0,1015.1,0
2026-03-16T22:00,9.5,90,7.9,0,100,3.86,217,0,1015.1,0
2026-03-16T23:00,9.8,89,8.1,0,100,3.96,217,0,1015.2,0
2026-03-17T00:00,10.2,88,8.3,0,100,3.75,211,0,1015,0
2026-03-17T01:00,10.1,89,8.3,0,100,3.91,212,0,1014.8,0
2026-03-17T02:00,10.1,89,8.3,0,100,4.06,218,0,1014.7,0
2026-03-17T03:00,10.1,88,8.2,0,100,3.82,217,0,1014.3,0
2026-03-17T04:00,10,88,8,0,100,3.61,214,0,1014.1,0
2026-03-17T05:00,9.9,87,7.8,0,100,3.33,213,0,1013.8,0
2026-03-17T06:00,9.3,89,7.7,0,83,3.25,203,0,1014.1,0
2026-03-17T07:00,9,90,7.4,0,94,3.4,204,19,1014.3,1
2026-03-17T08:00,9.5,87,7.4,0,95,3.07,202,107,1014.3,1
2026-03-17T09:00,10.4,80,7,0,100,5.51,211,158,1014.5,1
2026-03-17T10:00,10.8,78,7.2,0,100,4.88,208,207,1014.7,1
2026-03-17T11:00,11.2,76,7.2,0,100,4.81,204,261,1014.4,1
2026-03-17T12:00,12.9,68,7.1,0,88,3.92,199,357,1014.2,1
2026-03-17T13:00,13.5,68,7.7,0,23,3.67,191,588,1013.6,1
2026-03-17T14:00,13.6,67,7.6,0,49,3.77,191,559,1013.4,1
2026-03-17T15:00,13.4,65,7,0,9,3.83,187,470,1013,1
2026-03-17T16:00,13.1,65,6.7,0,5,3.56,185,348,1012.8,1
2026-03-17T17:00,12.7,68,7,0,0,2.97,187,199,1012.9,1
2026-03-17T18:00,12.2,68,6.5,0,0,2.25,181,56,1013.1,1
2026-03-17T19:00,11.5,73,6.8,0,0,2.44,161,0,1013.4,0
2026-03-17T20:00,11,76,6.9,0,0,2.35,151,0,1013.5,0
2026-03-17T21:00,10.8,76,6.8,0,17,2.26,152,0,1013.6,0
2026-03-17T22:00,10.8,76,6.7,0,0,2.39,154,0,1013.8,0
2026-03-17T23:00,10.7,76,6.7,0,0,2.41,159,0,1013.8,0
2026-03-18T00:00,10.1,78,6.4,0,0,1.83,163,0,1013.9,0
2026-03-18T01:00,9.9,79,6.3,0,0,1.88,158,0,1014.3,0
2026-03-18T02:00,9.4,80,6.2,0,0,1.61,150,0,1014.6,0
2026-03-18T03:00,9.1,81,6,0,0,1.59,134,0,1014.8,0
2026-03-18T04:00,8.9,82,5.9,0,0,1.86,121,0,1015.3,0
2026-03-18T05:00,8.5,83,5.8,0,0,2.02,113,0,1016,0
2026-03-18T06:00,8.1,83,5.4,0,0,1.66,123,0,1016.7,0
2026-03-18T07:00,8.5,83,5.8,0,0,1.99,118,27,1017.5,1
2026-03-18T08:00,9.8,81,6.8,0,0,1.83,101,154,1018.2,1
2026-03-18T09:00,11.4,79,7.8,0,0,1.95,87,305,1018.7,1
2026-03-18T10:00,12.9,74,8.4,0,0,2.42,108,440,1019.3,1
2026-03-18T11:00,14.2,68,8.4,0,0,2.69,119,541,1019.6,1
2026-03-18T12:00,16.4,58,8,0,0,2.45,110,598,1019.5,1
2026-03-18T13:00,17.1,53,7.4,0,0,2.6,113,608,1019.3,1
2026-03-18T14:00,17.3,51,7.2,0,0,2.55,106,566,1019.1,1
2026-03-18T15:00,17.2,53,7.5,0,0,2.76,95,476,1019.2,1
2026-03-18T16:00,16.5,57,8,0,0,3.14,81,349,1019.5,1
2026-03-18T17:00,14.6,63,7.6,0,0,3.68,72,202,1020.4,1
2026-03-18T18:00,12.5,58,4.4,0,0,3.29,73,61,1020.8,1
2026-03-18T19:00,11.2,61,4,0,0,3.34,77,0,1021.5,0
2026-03-18T20:00,10.2,64,3.6,0,0,3.17,74,0,1022.1,0
2026-03-18T21:00,9.4,66,3.3,0,0,2.93,73,0,1022.6,0
2026-03-18T22:00,8.9,67,3.2,0,0,2.69,72,0,1023.2,0
2026-03-18T23:00,8.5,70,3.3,0,0,2.51,67,0,1023.5,0
2026-03-19T00:00,7.7,75,3.6,0,0,2.38,60,0,1023.6,0
2026-03-19T01:00,7.5,78,3.9,0,0,2.27,57,0,1023.9,0
2026-03-19T02:00,7.1,80,3.9,0,0,2.29,54,0,1023.8,0
2026-03-19T03:00,6.7,81,3.8,0,0,2.26,59,0,1023.7,0
2026-03-19T04:00,6.4,83,3.7,0,0,2.12,63,0,1023.7,0
2026-03-19T05:00,6.1,84,3.6,0,0,2.15,62,0,1024.1,0
2026-03-19T06:00,5.4,84,2.9,0,0,1.93,53,0,1024.5,0
2026-03-19T07:00,5.7,85,3.3,0,0,2.21,52,32,1025.2,1
2026-03-19T08:00,7.1,83,4.4,0,0,2.11,54,168,1025.6,1
2026-03-19T09:00,9.1,77,5.3,0,0,1.7,62,326,1025.6,1
2026-03-19T10:00,11.2,70,5.9,0,0,1.77,61,466,1025.4,1
2026-03-19T11:00,13,63,6.1,0,0,1.97,60,570,1025.2,1
2026-03-19T12:00,15,49,4.4,0,0,2.86,71,627,1024.9,1
2026-03-19T13:00,15.5,45,3.8,0,0,2.91,78,633,1024.4,1
2026-03-19T14:00,15.6,43,3.1,0,0,2.87,77,589,1023.7,1
2026-03-19T15:00,15.4,44,3.2,0,0,2.97,73,498,1023.4,1
2026-03-19T16:00,14.9,45,3.1,0,0,3.11,71,368,1023.2,1
2026-03-19T17:00,14,50,3.8,0,2,2.48,81,214,1023.3,1
2026-03-19T18:00,12.7,52,3.1,0,34,2.05,77,65,1023.2,1
2026-03-19T19:00,11.7,56,3.3,0,19,2.31,84,0,1023.2,0
2026-03-19T20:00,10.4,61,3.2,0,6,2.06,86,0,1023.1,0
2026-03-19T21:00,9.4,64,2.9,0,87,2.08,80,0,1023.1,0
2026-03-19T22:00,8.5,67,2.8,0,100,1.86,63,0,1023.3,0
2026-03-19T23:00,7.7,71,2.8,0,98,1.9,55,0,1023.4,0
2026-03-20T00:00,6.7,74,2.4,0,14,1.7,50,0,1023,0
2026-03-20T01:00,6.3,77,2.5,0,0,1.88,48,0,1022.7,0
2026-03-20T02:00,5.7,79,2.4,0,0,1.91,45,0,1022.4,0
2026-03-20T03:00,5.3,81,2.3,0,0,1.77,45,0,1021.7,0
2026-03-20T04:00,4.9,82,2.1,0,0,1.9,35,0,1021.5,0
2026-03-20T05:00,4.5,83,1.9,0,8,2.08,35,0,1021.6,0
2026-03-20T06:00,3.6,85,1.3,0,88,1.81,39,0,1021.8,0
2026-03-20T07:00,3.9,85,1.6,0,95,1.83,35,33,1021.8,1
2026-03-20T08:00,5.1,84,2.5,0,100,1.53,38,159,1022,1
2026-03-20T09:00,7,78,3.4,0,100,1.42,48,310,1021.9,1
2026-03-20T10:00,9.2,71,4.1,0,99,1.61,54,445,1021.6,1
2026-03-20T11:00,10.7,66,4.7,0,100,1.86,54,510,1021.2,1
2026-03-20T12:00,11.5,65,5.1,0,100,1.94,44,466,1020.8,1
2026-03-20T13:00,12.2,62,5.2,0,100,1.84,47,418,1020.1,1
2026-03-20T14:00,12.9,58,4.9,0,99,2.05,45,451,1019.6,1
2026-03-20T15:00,13,59,5.2,0,99,2.34,48,379,1019.3,1
2026-03-20T16:00,12.9,61,5.6,0,100,2.4,59,282,1018.8,1
2026-03-20T17:00,12.4,65,6,0,100,2.17,64,158,1018.6,1
2026-03-20T18:00,11.5,66,5.4,0,98,2.08,80,49,1018.7,1
2026-03-20T19:00,10.2,72,5.3,0,100,2.6,88,1,1018.9,0
2026-03-20T20:00,8.9,75,4.7,0,96,2.52,76,0,1019.1,0
2026-03-20T21:00,7.9,77,4.2,0,98,2.36,69,0,1019.2,0
2026-03-20T22:00,7.1,78,3.5,0,98,2.28,67,0,1019.4,0
2026-03-20T23:00,6.4,80,3.2,0,100,2.17,64,0,1019.1,0
2026-03-21T00:00,5.7,85,3.5,0,100,1.86,54,0,1018.9,0
2026-03-21T01:00,5.3,87,3.4,0,100,1.88,48,0,1018.9,0
2026-03-21T02:00,4.8,88,3,0,100,1.94,46,0,1018.6,0
2026-03-21T03:00,4.2,88,2.5,0,100,1.95,42,0,1018.3,0
2026-03-21T04:00,3.7,89,2.1,0,100,1.95,42,0,1018.4,0
2026-03-21T05:00,3.4,90,1.9,0,98,1.92,39,0,1018.5,0
2026-03-21T06:00,2.7,93,1.7,0,97,1.72,36,0,1018.5,0
2026-03-21T07:00,3,93,2,0,98,1.79,27,36,1018.7,1
2026-03-21T08:00,4.1,91,2.7,0,82,1.4,35,171,1018.8,1
2026-03-21T09:00,5.8,86,3.7,0,98,1.48,45,306,1018.7,1
2026-03-21T10:00,7.6,78,4,0,45,1.52,41,452,1018.7,1
2026-03-21T11:00,9.3,66,3.3,0,88,1.87,46,573,1018.4,1
2026-03-21T12:00,10.7,56,2.3,0,84,2.02,50,634,1018,1
2026-03-21T13:00,11.7,51,1.9,0,8,1.87,56,640,1017.3,1
2026-03-21T14:00,12.2,47,1.3,0,0,1.66,57,598,1016.7,1
2026-03-21T15:00,12.4,48,1.5,0,0,1.63,45,506,1016.2,1
2026-03-21T16:00,12.3,49,1.7,0,0,1.82,32,375,1016.1,1
2026-03-21T17:00,11.8,51,2.1,0,0,1.84,33,220,1016.1,1
2026-03-21T18:00,10.4,59,2.7,0,0,1.2,45,70,1015.9,1
2026-03-21T19:00,10,59,2.3,0,0,1.53,58,1,1016,0
2026-03-21T20:00,8.6,70,3.3,0,0,1.66,74,0,1016.3,0
2026-03-21T21:00,7.2,78,3.6,0,0,2.08,100,0,1016.3,0
2026-03-21T22:00,6.2,83,3.5,0,0,2.25,102,0,1016.4,0
2026-03-21T23:00,5.6,86,3.5,0,0,1.61,83,0,1016.1,0
2026-03-22T00:00,4.4,91,3.1,0,0,0.88,47,0,1015.8,0
2026-03-22T01:00,4.4,91,3.1,0,0,1.27,26,0,1015.4,0
2026-03-22T02:00,3.9,92,2.8,0,0,1.25,16,0,1015,0
2026-03-22T03:00,3.5,93,2.4,0,0,1.53,19,0,1015,0
2026-03-22T04:00,3,94,2.1,0,0,1.64,31,0,1015.2,0
2026-03-22T05:00,2.6,94,1.8,0,0,1.43,36,0,1015,0
2026-03-22T06:00,1.2,98,0.9,0,3,0.92,29,0,1014.9,1
2026-03-22T07:00,1.9,97,1.4,0,65,1.17,31,39,1015.1,1
2026-03-22T08:00,3.4,94,2.5,0,100,1.1,39,131,1015.3,1
2026-03-22T09:00,4.9,92,3.7,0,100,1.21,52,206,1015.4,1
2026-03-22T10:00,6.1,89,4.5,0,100,1.46,68,289,1015.3,1
2026-03-22T11:00,7.8,79,4.3,0,100,1.75,88,392,1015.1,1
2026-03-22T12:00,9.9,68,4.3,0,94,0.81,68,415,1014.7,1
2026-03-22T13:00,10.7,66,4.6,0,100,0.49,24,559,1014.3,1
2026-03-22T14:00,11.4,62,4.4,0,100,0.86,353,533,1014.1,1
2026-03-22T15:00,11.4,62,4.3,0,100,1.01,9,327,1013.8,1
2026-03-22T16:00,11.5,62,4.6,0,100,1.1,3,208,1013.8,1
2026-03-22T17:00,11.4,65,5,0,100,1.12,10,120,1014.2,1
2026-03-22T18:00,10.9,67,5.1,0,100,0.91,9,39,1014.5,1
2026-03-22T19:00,10.6,68,4.9,0,100,1.52,17,1,1014.8,0
2026-03-22T20:00,10,72,5.1,0,100,1.62,9,0,1015.3,0
2026-03-22T21:00,9.2,76,5.1,0,100,1.63,11,0,1015.8,0
2026-03-22T22:00,8.5,79,5.2,0,100,1.4,35,0,1015.9,0
2026-03-22T23:00,8.1,82,5.2,0,100,1.37,10,0,1016.4,0
2026-03-23T00:00,6.9,89,5.2,0,98,0.96,28,0,1016.8,0
2026-03-23T01:00,6.9,88,5,0,9,1.26,342,0,1017.1,0
2026-03-23T02:00,6,91,4.6,0,0,0.3,360,0,1016.6,0
2026-03-23T03:00,5.8,91,4.4,0,0,1.17,301,0,1016.8,0
2026-03-23T04:00,4.8,93,3.8,0,98,0.5,307,0,1016.9,0
2026-03-23T05:00,4.4,93,3.3,0,100,0.6,312,0,1017.4,0
2026-03-23T06:00,3.7,91,2.4,0,100,0.36,286,0,1018,1
2026-03-23T07:00,4.6,89,2.9,0,100,0.67,283,37,1018.7,1
2026-03-23T08:00,5.8,88,3.9,0,100,0.14,225,147,1019.1,1
2026-03-23T09:00,7.4,85,5,0,100,0.1,180,259,1019.3,1
2026-03-23T10:00,9.2,80,5.9,0,100,0.16,198,380,1019.4,1
2026-03-23T11:00,10.8,71,5.8,0,100,0.29,211,484,1019.6,1
2026-03-23T12:00,12.1,67,6.1,0,100,0.68,197,524,1019.3,1
2026-03-23T13:00,13.2,62,6.2,0,100,1.21,240,579,1019.1,1
2026-03-23T14:00,13.8,59,5.9,0,100,1.72,240,550,1018.6,1
2026-03-23T15:00,14.4,53,5,0,100,2.37,242,460,1018.5,1
2026-03-23T16:00,14.9,52,5.2,0,100,2.55,242,272,1018.1,1
2026-03-23T17:00,14.5,57,6.2,0,100,1.76,250,149,1018.1,1
2026-03-23T18:00,13.2,64,6.5,0,100,2.23,200,40,1018,1
2026-03-23T19:00,11.6,74,7.1,0,100,3.25,194,1,1017.9,0
2026-03-23T20:00,10.6,79,7.1,0,100,3.22,213,0,1018,0
2026-03-23T21:00,10.2,80,6.9,0,100,2.98,221,0,1018.1,0
2026-03-23T22:00,9.6,80,6.4,0,100,2.9,224,0,1018,0
2026-03-23T23:00,9.1,81,6,0,100,3.11,222,0,1017.6,0
2026-03-24T00:00,9.2,82,6.2,0,100,3.29,228,0,1017.4,0
2026-03-24T01:00,9.2,82,6.3,0,100,3.54,227,0,1017,0
2026-03-24T02:00,9.1,84,6.6,0,100,3.68,227,0,1016.4,0
2026-03-24T03:00,8.8,90,7.3,0,100,3.76,229,0,1015.9,0
2026-03-24T04:00,8.7,93,7.6,0,100,3.76,229,0,1015.7,0
2026-03-24T05:00,8.7,92,7.5,0,100,3.64,233,0,1015.1,0
2026-03-24T06:00,8.8,91,7.4,0,96,3.6,232,0,1015,1
2026-03-24T07:00,9,90,7.5,0,100,3.68,223,42,1014.7,1
2026-03-24T08:00,9.9,88,8,0,100,4.84,225,153,1014.7,1
2026-03-24T09:00,10.9,83,8.1,0,100,5.4,230,247,1014.6,1
2026-03-24T10:00,11.9,79,8.3,0,100,5.5,230,254,1013.9,1
2026-03-24T11:00,12.8,76,8.6,0,100,5.71,230,289,1013.2,1
2026-03-24T12:00,13.1,75,8.7,0,100,5.98,226,309,1012.4,1
2026-03-24T13:00,12.6,78,8.9,0,100,5.69,219,261,1011.6,1
2026-03-24T14:00,12.6,78,8.8,0,100,6.75,220,245,1010.4,1
2026-03-24T15:00,12.1,80,8.8,0,100,5.96,213,151,1009.1,1
2026-03-24T16:00,11.9,81,8.8,0,100,6.82,220,106,1007.8,1
2026-03-24T17:00,11.3,84,8.7,0,100,6.67,220,43,1006.5,1
2026-03-24T18:00,11.2,85,8.8,0,100,6.76,218,19,1005.4,1
2026-03-24T19:00,10.9,85,8.5,0,100,7.07,219,1,1004,0
2026-03-24T20:00,10.8,85,8.3,0,100,7.15,219,0,1002.5,0
2026-03-24T21:00,10.8,85,8.4,0.2,100,7.4,222,0,1000.9,0
2026-03-24T22:00,10.2,93,9,1.5,100,7.6,248,0,1000.5,0
2026-03-24T23:00,9.3,80,6,0.2,6,7.74,257,0,1000.6,0
2026-03-25T00:00,8.7,70,3.5,0,2,6.82,259,0,1001.1,0
2026-03-25T01:00,8.1,68,2.5,0,3,6.32,259,0,1001.3,0
2026-03-25T02:00,7.6,67,1.9,0,13,5.66,261,0,1001.2,0
2026-03-25T03:00,7.1,70,1.9,0,28,5.52,261,0,1001.2,0
2026-03-25T04:00,6.5,74,2.2,0,19,5.11,266,0,1001.4,0
2026-03-25T05:00,6,77,2.3,0,95,4.5,271,0,1002,0
2026-03-25T06:00,6.1,73,1.7,0.1,100,3.77,275,0,1003,1
2026-03-25T07:00,6.2,76,2.2,0,99,4.38,291,41,1004,1
2026-03-25T08:00,6.4,76,2.5,0,99,4.44,287,140,1005,1
2026-03-25T09:00,6.7,70,1.7,0,99,6.37,297,269,1006,1
2026-03-25T10:00,6.9,67,1.3,0,100,5.95,296,308,1006.2,1
2026-03-25T11:00,7.7,60,0.4,0,88,6.04,299,398,1006.8,1
2026-03-25T12:00,8.4,44,-3.3,0.5,20,6.4,298,559,1007.9,1
2026-03-25T13:00,8.8,53,-0.2,0.5,60,6.51,295,611,1008,1
2026-03-25T14:00,8.7,48,-1.7,1.1,35,6.65,294,556,1008.5,1
2026-03-25T15:00,8.5,45,-2.8,0.2,58,6.6,302,471,1009.3,1
2026-03-25T16:00,7.9,47,-2.7,0.4,39,6.6,302,346,1009.8,1
2026-03-25T17:00,7.4,52,-1.9,0.3,25,5.79,301,198,1010.2,1
2026-03-25T18:00,6,64,-0.4,0,84,5.29,293,75,1011.6,1
2026-03-25T19:00,5.5,66,-0.5,0,9,4.63,290,3,1012.4,0
2026-03-25T20:00,5.2,66,-0.8,0,10,4.48,292,0,1013.3,0
2026-03-25T21:00,4.8,67,-0.9,0,2,4.48,292,0,1013.8,0
2026-03-25T22:00,4.4,69,-0.8,0,5,4.32,295,0,1014,0
2026-03-25T23:00,4.2,70,-0.8,0,36,4.12,299,0,1014.8,0
2026-03-26T00:00,3.9,75,-0.1,0,14,3.68,301,0,1015.8,0
2026-03-26T01:00,3.5,77,-0.2,0,53,3.31,299,0,1016.4,0
2026-03-26T02:00,3.2,78,-0.2,0,4,3.04,297,0,1016.9,0
2026-03-26T03:00,2.9,81,-0.1,0,0,2.84,294,0,1017.1,0
2026-03-26T04:00,2.7,83,0,0,2,2.8,294,0,1017.6,0
2026-03-26T05:00,2.3,84,-0.1,0,0,2.59,295,0,1018.1,0
2026-03-26T06:00,2.1,85,-0.3,0,0,2.53,308,0,1018.8,1
2026-03-26T07:00,2.6,84,0.2,0,1,2.27,310,58,1019.6,1
2026-03-26T08:00,3.8,81,0.8,0,0,2.16,314,206,1020.3,1
2026-03-26T09:00,5.3,74,0.9,0,0,2.02,320,363,1020.5,1
2026-03-26T10:00,6.6,61,-0.4,0,37,3.2,333,502,1020.7,1
2026-03-26T11:00,7.5,54,-1.4,0,6,3.05,325,542,1021.1,1
2026-03-26T12:00,8.3,47,-2.3,0,1,2.68,327,653,1021,1
2026-03-26T13:00,9,43,-3.1,0,5,2.66,326,663,1020.9,1
2026-03-26T14:00,9.3,41,-3.3,0,47,2.65,317,609,1020.8,1
2026-03-26T15:00,9.6,38,-4.1,0,60,3.25,316,518,1020.5,1
2026-03-26T16:00,9.4,38,-4.1,0,64,3.65,318,360,1020.4,1
2026-03-26T17:00,8.9,41,-3.6,0,84,2.94,317,192,1020.6,1
2026-03-26T18:00,8.2,49,-2,0,42,1.39,300,77,1020.9,1
2026-03-26T19:00,7.8,52,-1.4,0,80,1.24,256,3,1021.1,0
2026-03-26T20:00,7.2,59,-0.3,0,50,1.44,236,0,1021.2,0
2026-03-26T21:00,6.3,63,-0.3,0,100,1.9,235,0,1021.2,0
2026-03-26T22:00,6,67,0.3,0,91,2.02,237,0,1021.1,0
2026-03-26T23:00,5.7,70,0.7,0,27,2.11,248,0,1020.9,0
2026-03-27T00:00,5.7,69,0.5,0,100,2.23,220,0,1020.6,0
2026-03-27T01:00,6.2,74,2,0,100,2.16,224,0,1020.5,0
2026-03-27T02:00,6.1,81,3,0,97,2.34,228,0,1020.1,0
2026-03-27T03:00,5.9,83,3.3,0,100,2.59,230,0,1019.6,0
2026-03-27T04:00,5.7,85,3.4,0,100,2.59,229,0,1019.4,0
2026-03-27T05:00,5.7,88,3.8,0,100,2.69,222,0,1019.2,0
2026-03-27T06:00,5.8,88,3.9,0,100,2.91,219,0,1019,1
2026-03-27T07:00,6.7,86,4.5,0,100,3,213,37,1019.1,1
2026-03-27T08:00,8.2,83,5.5,0,99,2.76,215,124,1019,1
2026-03-27T09:00,9.5,79,6.1,0,100,4.36,233,224,1018.8,1
2026-03-27T10:00,9.8,80,6.5,0,100,4.07,226,115,1018.3,1
2026-03-27T11:00,10.5,80,7.1,0.1,100,3.89,223,134,1017.8,1
2026-03-27T12:00,11.3,81,8.1,0,100,4.14,217,164,1017.4,1
2026-03-27T13:00,11.9,78,8.2,0.1,100,4.42,227,159,1016.8,1
2026-03-27T14:00,11.6,82,8.7,0.2,100,4.28,223,122,1016.2,1
2026-03-27T15:00,11.5,85,9.1,0.2,100,4.24,226,102,1015.8,1
2026-03-27T16:00,11.2,89,9.5,0.2,100,3.79,229,65,1015.4,1
2026-03-27T17:00,11.1,91,9.6,0,100,3.64,233,33,1014.9,1
2026-03-27T18:00,11.3,92,10,0.1,100,3.56,241,10,1015,1
2026-03-27T19:00,11,94,10.1,0.2,100,4.08,281,1,1015.5,0
2026-03-27T20:00,10.6,83,7.8,0,100,3.69,303,0,1016.2,0
2026-03-27T21:00,9.6,76,5.6,0,99,3.39,301,0,1016.6,0
2026-03-27T22:00,8.4,78,4.7,0,100,2.82,297,0,1017,0
2026-03-27T23:00,7.2,79,3.9,0,84,2.87,293,0,1017.4,0
2026-03-28T00:00,6.9,77,3.2,0,97,3.29,300,0,1018.1,0
2026-03-28T01:00,6.7,78,3.1,0,88,3.14,301,0,1018.6,0
2026-03-28T02:00,6.7,79,3.2,0,5,3.13,299,0,1019,0
2026-03-28T03:00,5.9,80,2.8,0,0,3.36,298,0,1019.4,0
2026-03-28T04:00,5.1,80,2,0,0,3.25,293,0,1019.9,0
2026-03-28T05:00,4.3,81,1.3,0,0,3.14,284,0,1020.1,0
2026-03-28T06:00,3.9,78,0.3,0,0,3.08,283,1,1020.9,1
2026-03-28T07:00,4.3,75,0.4,0,0,3.11,274,69,1021.6,1
2026-03-28T08:00,5.2,74,1,0,0,2.8,259,220,1021.8,1
2026-03-28T09:00,6.5,68,1.1,0,0,3.46,274,379,1022.2,1
2026-03-28T10:00,7.7,61,0.6,0,9,3.87,290,517,1022.4,1
2026-03-28T11:00,8.6,55,0,0,22,4.32,295,597,1022.3,1
2026-03-28T12:00,9.6,49,-0.7,0.1,54,4.56,302,617,1022.7,1
2026-03-28T13:00,10.3,43,-1.7,0,46,4.92,303,613,1022.6,1
2026-03-28T14:00,9.3,41,-3.3,0.2,88,5.59,312,550,1023.1,1
2026-03-28T15:00,9.4,46,-1.6,0,4,4.41,296,424,1023.1,1
2026-03-28T16:00,9.3,43,-2.7,0.1,53,5.44,309,387,1023.6,1
2026-03-28T17:00,8.5,51,-1.2,0.1,18,4.81,314,206,1024.3,1
2026-03-28T18:00,8.1,56,-0.3,0,3,3.91,310,91,1025.6,1
2026-03-28T19:00,7.2,59,-0.4,0,1,3.75,307,5,1026.6,0
2026-03-28T20:00,6.5,60,-0.8,0,1,4,312,0,1027.4,0
2026-03-28T21:00,5.9,62,-0.8,0,6,3.89,314,0,1028.1,0
2026-03-28T22:00,5.4,66,-0.5,0,15,3.45,309,0,1028.2,0
2026-03-28T23:00,5,69,-0.2,0,0,3.31,304,0,1028.6,0
2026-03-29T00:00,4.6,72,0.1,0,7,2.87,299,0,1029.3,0
2026-03-29T01:00,4.2,75,0.2,0,15,2.6,293,0,1029.3,0
2026-03-29T02:00,3.8,77,0.1,0,2,2.82,293,0,1029.3,0
2026-03-29T03:00,3.5,78,0,0,26,2.59,289,0,1029.3,0
2026-03-29T04:00,3.2,80,-0.1,0,38,2.3,274,0,1029.8,0
2026-03-29T05:00,2.7,82,-0.1,0,73,2.18,254,0,1029.6,0
2026-03-29T06:00,2.3,84,-0.2,0,97,1.89,233,1,1029.5,1
2026-03-29T07:00,3,84,0.5,0,98,2.15,234,68,1029.5,1
2026-03-29T08:00,4.6,79,1.3,0,100,1.88,228,222,1029.3,1
2026-03-29T09:00,6.6,74,2.2,0,100,2.41,228,332,1028.5,1
2026-03-29T10:00,8.4,68,2.7,0,100,3.33,242,370,1028.5,1
2026-03-29T11:00,9.5,58,1.6,0,100,4.81,246,412,1027.2,1
2026-03-29T12:00,10,54,1,0,100,6.16,247,372,1026.8,1
2026-03-29T13:00,10,59,2.3,0,100,5.25,239,253,1025.6,1
2026-03-29T14:00,9.9,65,3.7,0.1,100,5.81,242,215,1024.6,1
2026-03-29T15:00,9.2,73,4.6,0.4,100,5.55,234,110,1023.3,1
2026-03-29T16:00,9.1,76,5.1,0,100,5.09,226,118,1021.6,1
2026-03-29T17:00,9.1,79,5.6,0,100,5.2,225,80,1020.8,1
2026-03-29T18:00,9.1,78,5.5,0,100,5.7,235,11,1019.9,1
2026-03-29T19:00,9.2,81,6.1,0,100,5.55,242,1,1019.4,0
2026-03-29T20:00,9.5,82,6.5,0,99,5.46,245,0,1018.8,0
2026-03-29T21:00,9.5,84,6.9,0,86,5.3,252,0,1018.4,0
2026-03-29T22:00,9.3,85,6.9,0,68,4.68,260,0,1018.4,0
2026-03-29T23:00,9.1,83,6.3,0,97,4.06,266,0,1018.4,0
2026-03-30T00:00,8.8,81,5.6,0,64,3.7,272,0,1018.8,0
2026-03-30T01:00,8.4,80,5.2,0,0,3.67,275,0,1018.8,0
2026-03-30T02:00,8,78,4.5,0,3,3.74,282,0,1019,0
2026-03-30T03:00,7.6,78,4,0,8,3.7,283,0,1019,0
2026-03-30T04:00,7.2,76,3.2,0,11,3.71,284,0,1019.3,0
2026-03-30T05:00,6.8,75,2.7,0,5,3.62,281,0,1019.7,0
2026-03-30T06:00,6.5,77,2.7,0,2,3.39,278,2,1020.1,1
2026-03-30T07:00,6.9,77,3.1,0,4,3.4,270,75,1020.7,1
2026-03-30T08:00,8.2,73,3.7,0,42,3.35,269,222,1021,1
2026-03-30T09:00,9.2,67,3.4,0.1,53,6.07,300,351,1021.6,1
2026-03-30T10:00,10,60,2.6,0,36,6.48,304,360,1021.4,1
2026-03-30T11:00,10.7,55,2.1,0,100,6.02,312,412,1021.6,1
2026-03-30T12:00,10.7,54,1.8,0.1,100,6.41,312,330,1022.1,1
2026-03-30T13:00,11.1,53,1.8,0,100,5.59,314,299,1022.3,1
2026-03-30T14:00,11.2,53,1.9,0,69,6.05,317,339,1022.5,1
2026-03-30T15:00,11.2,54,2.3,0,78,5.45,316,325,1022.7,1
2026-03-30T16:00,11.1,54,2.2,0,92,4.92,318,236,1023.3,1
2026-03-30T17:00,10.7,56,2.3,0,48,4.37,320,129,1023.9,1
2026-03-30T18:00,10.4,57,2.3,0,14,3.75,323,73,1024.7,1
2026-03-30T19:00,9.4,61,2.3,0,4,3.32,323,6,1025.3,0
2026-03-30T20:00,8.7,65,2.5,0,1,2.78,322,0,1025.6,0
2026-03-30T21:00,8.2,68,2.5,0,24,2.94,312,0,1026.7,0
2026-03-30T22:00,7.7,70,2.7,0,35,2.72,306,0,1027,0
2026-03-30T23:00,7.1,75,2.9,0,9,2.39,290,0,1027.1,0
2026-03-31T00:00,7.2,74,3,0,34,2.13,294,0,1027.4,0
2026-03-31T01:00,7.3,76,3.4,0,100,2.32,289,0,1027.7,0
2026-03-31T02:00,7.7,77,3.9,0,20,2.33,280,0,1027.8,0
2026-03-31T03:00,7.4,80,4.2,0,100,2.24,280,0,1027.6,0
2026-03-31T04:00,7.8,81,4.7,0,100,2.05,269,0,1027.5,0
2026-03-31T05:00,7.9,82,5.1,0,100,2.18,261,0,1027.4,0
2026-03-31T06:00,8.1,83,5.3,0,100,2.1,258,1,1027.8,1
2026-03-31T07:00,8.4,83,5.7,0,96,2.09,259,29,1028,1
2026-03-31T08:00,9,83,6.3,0,100,1.74,252,91,1028.3,1
2026-03-31T09:00,10.2,81,7,0,100,1.87,250,166,1028.4,1
2026-03-31T10:00,11.7,79,8.2,0,100,2.9,302,218,1028.4,1
2026-03-31T11:00,13.5,73,8.9,0.1,96,3.23,325,349,1028.2,1
2026-03-31T12:00,13.8,72,8.8,0.1,52,2.45,343,327,1028.3,1
2026-03-31T13:00,15.5,63,8.6,0.1,98,2.44,341,493,1027.9,1
2026-03-31T14:00,15.8,64,9,0,35,2.42,330,402,1027.5,1
2026-03-31T15:00,16.1,63,9.1,0,29,1.61,330,338,1027,1
2026-03-31T16:00,16.4,59,8.5,0,72,2.73,325,348,1026.8,1
2026-03-31T17:00,16,63,9,0,56,1.57,323,172,1026.6,1
2026-03-31T18:00,15.1,74,10.4,0,38,0.54,146,73,1026.6,1
2026-03-31T19:00,14.5,73,9.7,0,38,1.43,144,6,1026.9,0
2026-03-31T20:00,13.5,78,9.8,0,48,1.04,163,0,1026.9,0
2026-03-31T21:00,12.9,80,9.5,0,73,1.86,216,0,1026.8,0
2026-03-31T22:00,12.1,85,9.6,0.1,38,1.8,214,0,1026.4,0
2026-03-31T23:00,11.2,88,9.4,0,4,2.12,262,0,1026.2,0
2026-04-01T00:00,10.7,85,8.3,0,6,1.97,279,0,1026.1,0
2026-04-01T01:00,10,89,8.2,0,5,2.29,306,0,1025.9,0
2026-04-01T02:00,9.5,90,8,0,13,2.28,331,0,1025.5,0
2026-04-01T03:00,9.1,88,7.2,0,99,2.04,343,0,1025,0
2026-04-01T04:00,8.8,86,6.6,0,100,1.78,349,0,1024.9,0
2026-04-01T05:00,8.8,84,6.3,0,100,1.59,347,0,1024.7,0
2026-04-01T06:00,8.8,84,6.3,0,100,1.43,348,2,1024.5,1
2026-04-01T07:00,9.3,84,6.7,0,100,1.3,328,33,1024.2,1
2026-04-01T08:00,10.2,79,6.7,0,100,0.67,13,115,1024.1,1
2026-04-01T09:00,11.3,74,6.9,0,29,0.81,317,228,1023.7,1
2026-04-01T10:00,12.6,66,6.4,0,88,1.45,314,407,1023.2,1
2026-04-01T11:00,13.3,60,5.7,0,100,1.9,305,456,1022.6,1
2026-04-01T12:00,13.4,54,4.3,0.1,98,2.39,307,388,1022.4,1
2026-04-01T13:00,13.6,52,3.9,0,100,2.15,295,382,1021.8,1
2026-04-01T14:00,13.7,51,3.7,0,100,2.03,286,376,1021,1
2026-04-01T15:00,13.5,52,4,0,100,2,283,229,1020.3,1
2026-04-01T16:00,13.2,56,4.7,0,100,2.12,285,153,1019.8,1
2026-04-01T17:00,12.7,62,5.7,0,100,2.31,288,120,1019.3,1
2026-04-01T18:00,12.3,65,5.9,0,100,2.07,278,48,1019.3,1
2026-04-01T19:00,11.8,68,6,0,99,2.19,281,4,1019.4,0
2026-04-01T20:00,11.2,70,5.9,0,67,1.95,269,0,1019.2,0
2026-04-01T21:00,10.5,73,5.9,0,32,1.96,255,0,1018.8,0
2026-04-01T22:00,9.5,77,5.7,0,99,2.26,252,0,1018.3,0
2026-04-01T23:00,9.3,80,6,0,100,2.15,248,0,1018.1,0
2026-04-02T00:00,9.5,84,6.9,0,100,1.99,252,0,1017.9,0
2026-04-02T01:00,9.4,87,7.3,0,100,2,248,0,1017.5,0
2026-04-02T02:00,9.4,89,7.6,0,100,2.31,276,0,1017.3,0
2026-04-02T03:00,9,74,4.6,0,100,3.79,326,0,1017.4,0
2026-04-02T04:00,7.6,67,1.8,0,52,3.26,333,0,1017.7,0
2026-04-02T05:00,6.5,74,2.3,0,9,2.83,328,0,1018,0
2026-04-02T06:00,5.5,80,2.4,0,13,2.64,335,4,1018.7,1
2026-04-02T07:00,5.9,80,2.7,0,47,3.06,345,73,1019.2,1
2026-04-02T08:00,6.7,72,2,0,98,3.88,348,176,1019.8,1
2026-04-02T09:00,7.2,68,1.7,0,100,4.1,359,214,1020.2,1
2026-04-02T10:00,7.5,66,1.6,0,100,3.14,9,227,1020,1
2026-04-02T11:00,8.2,62,1.3,0,100,2.95,360,339,1020.3,1
2026-04-02T12:00,8.4,60,1,0,98,2.44,11,321,1020.2,1
2026-04-02T13:00,9.4,53,0.2,0,98,1.9,357,459,1020.2,1
2026-04-02T14:00,10.1,50,0.1,0,23,1.28,329,565,1019.8,1
2026-04-02T15:00,10.4,49,0,0,30,0.99,330,454,1019.3,1
2026-04-02T16:00,10.6,48,0,0,22,0.67,312,422,1018.7,1
2026-04-02T17:00,10.3,49,0.2,0,24,0.65,203,259,1018.4,1
2026-04-02T18:00,10.2,53,0.9,0,25,1.54,205,112,1018.1,1
2026-04-02T19:00,9.5,58,1.7,0,49,1.75,167,10,1018.1,0
2026-04-02T20:00,8.7,63,2,0,93,3.06,169,0,1017.7,0
2026-04-02T21:00,7.6,75,3.4,0,100,3.27,203,0,1017.2,0
2026-04-02T22:00,7.5,78,3.9,0,100,3.42,205,0,1016.5,0
2026-04-02T23:00,7.6,79,4.2,0,100,3.32,211,0,1015.8,0
2026-04-03T00:00,7.9,82,5,0,100,3.26,207,0,1015.2,0
2026-04-03T01:00,8.1,82,5.2,0,100,3.52,210,0,1014.6,0
2026-04-03T02:00,8.3,81,5.3,0,100,3.73,212,0,1013.6,0
2026-04-03T03:00,8.3,82,5.4,0.1,100,3.88,215,0,1012.7,0
2026-04-03T04:00,8.3,82,5.4,0.1,100,4.09,213,0,1012.2,0
2026-04-03T05:00,8.4,83,5.7,0.2,100,4.26,211,0,1011.5,0
2026-04-03T06:00,9.1,84,6.6,0.2,100,4.91,211,0,1010.9,1
2026-04-03T07:00,9.6,84,7.1,0,100,5.1,208,20,1010.3,1
2026-04-03T08:00,10,86,7.8,0,100,4.12,203,53,1010,1
2026-04-03T09:00,10.5,88,8.5,0.1,100,4.49,206,38,1009.6,1
2026-04-03T10:00,11.2,88,9.2,0,100,4.51,214,53,1009.1,1
2026-04-03T11:00,12.6,83,9.7,0,100,6.13,221,179,1008.6,1
2026-04-03T12:00,13.4,82,10.4,0,100,6.08,227,193,1008.5,1
2026-04-03T13:00,14.6,74,9.9,0.2,99,6.3,234,234,1008,1
2026-04-03T14:00,15.4,71,10.2,0.1,100,6.73,242,359,1007.6,1
2026-04-03T15:00,16,68,10,0,100,7.32,246,348,1007.3,1
2026-04-03T16:00,15.5,72,10.6,0,100,6.11,245,187,1007.4,1
2026-04-03T17:00,14.9,76,10.8,0.1,100,6.16,247,161,1007.9,1
2026-04-03T18:00,14.1,81,10.9,0.3,100,5.57,244,21,1008.3,1
2026-04-03T19:00,13.8,81,10.6,0.1,100,5.29,248,4,1009,0
2026-04-03T20:00,13.3,78,9.6,0,89,5.47,258,0,1010.3,0
2026-04-03T21:00,12,74,7.6,0,90,5.43,260,0,1011.2,0
2026-04-03T22:00,10.9,77,7.1,0,53,4.51,257,0,1012.2,0
2026-04-03T23:00,10.3,79,6.8,0,71,4.09,255,0,1013.1,0
2026-04-04T00:00,10.2,80,6.9,0,52,3.63,247,0,1013.9,0
2026-04-04T01:00,9.8,82,6.9,0,5,3.36,245,0,1014.4,0
2026-04-04T02:00,9.2,84,6.7,0,4,3.07,246,0,1014.7,0
2026-04-04T03:00,8.8,85,6.4,0,13,3.11,242,0,1015.1,0
2026-04-04T04:00,8.2,87,6.2,0,34,2.69,239,0,1015.2,0
2026-04-04T05:00,7.9,89,6.2,0,25,2.31,231,0,1015.1,0
2026-04-04T06:00,8,87,6,0,59,2.51,223,6,1015.8,1
2026-04-04T07:00,8.6,85,6.3,0,100,1.89,212,90,1016.1,1
2026-04-04T08:00,9.9,80,6.7,0,100,1.87,200,141,1015.9,1
2026-04-04T09:00,10.5,82,7.6,0.1,100,2.05,181,101,1015.7,1
2026-04-04T10:00,11.5,85,9.1,0.1,100,3.82,194,104,1015.1,1
2026-04-04T11:00,12.5,83,9.8,0.1,100,5.71,217,158,1014.6,1
2026-04-04T12:00,14.2,70,8.8,0.1,100,5.88,207,196,1014,1
2026-04-04T13:00,13.4,70,8,0,98,6.04,207,301,1013.6,1
2026-04-04T14:00,13.7,63,6.8,0,94,6.75,211,483,1012.5,1
2026-04-04T15:00,14,61,6.6,0,74,7.77,216,458,1011.3,1
2026-04-04T16:00,14.3,62,7,0,63,7.66,215,332,1010,1
2026-04-04T17:00,13.5,72,8.6,0,32,4.87,199,187,1008.7,1
2026-04-04T18:00,13.6,73,8.9,0,69,5.86,207,96,1007.6,1
2026-04-04T19:00,13,71,8,0,59,6.43,220,12,1006.8,0
2026-04-04T20:00,11.9,74,7.5,0,62,7.02,220,0,1006.4,0
2026-04-04T21:00,11.5,71,6.4,0,57,6.94,223,0,1005.7,0
2026-04-04T22:00,11.2,72,6.4,0,100,7.29,217,0,1005,0
2026-04-04T23:00,11.8,73,7.2,0,100,7.64,219,0,1004.4,0
2026-04-05T00:00,12.2,73,7.6,0.1,91,7.55,232,0,1004.5,0
2026-04-05T01:00,11.4,71,6.4,0,100,6.51,242,0,1005.3,0
2026-04-05T02:00,10.4,67,4.5,0,100,5.93,241,0,1006.1,0
2026-04-05T03:00,9.7,69,4.2,0,100,5.15,247,0,1007.3,0
2026-04-05T04:00,9.2,70,4.1,0,77,4.85,251,0,1008.4,0
2026-04-05T05:00,8.5,74,4.1,0,100,4.03,253,0,1009.3,0
2026-04-05T06:00,8.3,73,3.7,0,100,3.85,244,6,1010.3,1
2026-04-05T07:00,8.6,74,4.2,0,100,4.48,246,62,1011.3,1
2026-04-05T08:00,9,72,4.3,0,98,4.35,240,112,1012.2,1
2026-04-05T09:00,9.9,67,4,0.1,33,5.47,252,292,1013.1,1
2026-04-05T10:00,10.9,60,3.4,0.1,13,5.52,258,466,1013.7,1
2026-04-05T11:00,11.8,49,1.5,0.1,74,6.03,265,599,1014.7,1
2026-04-05T12:00,12.5,40,-0.9,0,100,5.69,260,637,1015.9,1
2026-04-05T13:00,13,35,-2.2,0,77,6.08,264,683,1016.5,1
2026-04-05T14:00,13.2,33,-2.7,0,66,6.3,268,648,1017.4,1
2026-04-05T15:00,13,34,-2.6,0,48,5.67,275,528,1018.1,1
2026-04-05T16:00,12.4,35,-2.6,0,87,5.06,273,327,1018.5,1
2026-04-05T17:00,11.8,37,-2.6,0,100,4.72,275,223,1019.2,1
2026-04-05T18:00,11.4,39,-2.2,0,84,3.1,268,108,1019.7,1
2026-04-05T19:00,10.2,46,-0.9,0,67,2.98,256,14,1020.9,0
2026-04-05T20:00,9,54,0.1,0,63,3.41,248,0,1022.3,0
2026-04-05T21:00,8.1,58,0.4,0,0,3.04,261,0,1022.9,0
2026-04-05T22:00,7.3,63,0.8,0,9,2.45,250,0,1023.2,0
2026-04-05T23:00,6.6,69,1.2,0,93,2.18,250,0,1023.7,0
2026-04-06T00:00,5.7,70,0.6,0,100,1.77,254,0,1024.3,0
2026-04-06T01:00,5.4,72,0.8,0,92,1.59,246,0,1024.6,0
2026-04-06T02:00,5,75,0.9,0,100,1.7,242,0,1024.6,0
2026-04-06T03:00,4.7,77,1,0,100,1.54,245,0,1024.7,0
2026-04-06T04:00,4.1,84,1.7,0,99,0.71,225,0,1024.6,0
2026-04-06T05:00,3.7,86,1.6,0,100,0.67,207,0,1024.7,0
2026-04-06T06:00,3.1,91,1.7,0,100,0.7,159,9,1025.4,1
2026-04-06T07:00,4.2,83,1.6,0,100,0.83,123,82,1025.8,1
2026-04-06T08:00,6.4,70,1.3,0,43,0.75,94,230,1026,1
2026-04-06T09:00,9.2,56,0.9,0,9,1.32,127,422,1025.8,1
2026-04-06T10:00,11.2,47,0.2,0,0,1.92,152,563,1025.4,1
2026-04-06T11:00,12.3,44,0.3,0,6,2.12,161,652,1025.2,1
2026-04-06T12:00,13.9,37,-0.5,0,65,2.33,157,701,1024.9,1
2026-04-06T13:00,14.6,35,-0.7,0,79,2.53,158,695,1024.5,1
2026-04-06T14:00,14.9,37,0.1,0,80,2.55,157,639,1024,1
2026-04-06T15:00,14.9,38,0.7,0,55,2.75,153,550,1023.5,1
2026-04-06T16:00,14.6,40,1.1,0,0,3.14,149,434,1023.2,1
2026-04-06T17:00,13.9,40,0.6,0,0,3.19,148,287,1023.1,1
2026-04-06T18:00,13.5,31,-3.1,0,0,2.75,143,130,1022.8,1
2026-04-06T19:00,12.5,33,-3.2,0,0,2.38,129,16,1022.7,0
2026-04-06T20:00,11.4,38,-2.6,0,0,2.46,117,0,1022.9,0
2026-04-06T21:00,10.4,46,-0.7,0,0,2.58,105,0,1022.9,0
2026-04-06T22:00,9.5,57,1.3,0,0,2.65,91,0,1022.7,0
2026-04-06T23:00,8.8,64,2.4,0,0,2.66,86,0,1022.5,0
2026-04-07T00:00,7.8,72,3,0,0,2.5,89,0,1022.7,0
2026-04-07T01:00,7.6,74,3.2,0,9,2.71,86,0,1022.4,0
2026-04-07T02:00,7.4,74,3.2,0,28,2.6,88,0,1022.1,0
2026-04-07T03:00,7.2,75,3,0,30,2.7,88,0,1021.8,0
2026-04-07T04:00,6.9,75,2.8,0,16,2.81,86,0,1021.6,0
2026-04-07T05:00,6.6,75,2.5,0,6,2.82,84,0,1021.5,0
2026-04-07T06:00,6.7,73,2.3,0,0,2.61,78,12,1021.6,1
2026-04-07T07:00,7.9,68,2.4,0,0,2.55,70,122,1021.8,1
2026-04-07T08:00,10,59,2.4,0,0,2.29,74,284,1021.7,1
2026-04-07T09:00,12.6,52,2.9,0,0,2.62,83,444,1021.6,1
2026-04-07T10:00,14.9,48,4.1,0,0,3,89,580,1021.4,1
2026-04-07T11:00,16.9,45,4.9,0,0,3.58,97,677,1020.9,1
2026-04-07T12:00,18.9,35,3.2,0,0,3.4,100,728,1020.7,1
2026-04-07T13:00,19.9,34,3.7,0,0,3.55,100,731,1020.4,1
2026-04-07T14:00,20.3,35,4.2,0,0,3.74,98,680,1020,1
2026-04-07T15:00,20,36,4.4,0,1,3.93,97,584,1019.6,1
2026-04-07T16:00,19.5,38,4.8,0,2,3.73,98,453,1019.7,1
2026-04-07T17:00,18.4,43,5.7,0,0,3.86,94,296,1019.8,1
2026-04-07T18:00,17.2,43,4.4,0,0,3.38,82,135,1019.8,1
2026-04-07T19:00,15.6,47,4.4,0,0,3.34,81,17,1020.2,0
2026-04-07T20:00,14.4,51,4.3,0,1,3.12,78,0,1020.6,0
2026-04-07T21:00,13.7,54,4.6,0,0,2.9,79,0,1020.8,0
2026-04-07T22:00,13.2,57,4.9,0,0,2.66,78,0,1020.8,0
2026-04-07T23:00,12.9,59,5,0,0,2.48,81,0,1021,0
2026-04-08T00:00,12,63,5.1,0,3,2.25,89,0,1020.8,0
2026-04-08T01:00,11.6,65,5.2,0,0,2.31,84,0,1020.8,0
2026-04-08T02:00,11.1,67,5.3,0,2,2.21,85,0,1020.6,0
2026-04-08T03:00,10.7,70,5.4,0,21,2.1,91,0,1020.3,0
2026-04-08T04:00,10.3,72,5.5,0,13,1.86,84,0,1020.3,0
2026-04-08T05:00,9.8,75,5.6,0,0,1.7,66,0,1020.5,0
2026-04-08T06:00,9.8,71,4.8,0,2,1.36,62,13,1020.9,1
2026-04-08T07:00,10.7,67,4.9,0,2,1.49,50,119,1021.1,1
2026-04-08T08:00,13,58,4.9,0,0,0.93,54,273,1021.3,1
2026-04-08T09:00,15.8,49,5,0,2,0.56,63,427,1021.4,1
2026-04-08T10:00,18.6,41,5.1,0,21,0.27,68,558,1021.5,1
2026-04-08T11:00,21.1,36,5.5,0,11,0.5,143,653,1021.1,1
2026-04-08T12:00,24.4,28,4.8,0,5,1.44,160,704,1020.4,1
2026-04-08T13:00,25.5,31,7.1,0,0,2.05,177,708,1019.7,1
2026-04-08T14:00,25.9,33,8.3,0,5,2.52,201,659,1019.2,1
2026-04-08T15:00,25.8,35,9.2,0,31,2.7,220,565,1019,1
2026-04-08T16:00,25.4,37,9.6,0,46,2.62,227,436,1018.7,1
2026-04-08T17:00,24.8,39,10.1,0,47,2.41,222,280,1018.7,1
2026-04-08T18:00,24.2,36,8.2,0,40,2.39,209,127,1018.6,1
2026-04-08T19:00,22.7,40,8.5,0,7,2.23,214,17,1018.8,0
2026-04-08T20:00,21.3,46,9.1,0,0,1.81,219,0,1019,0
2026-04-08T21:00,20,52,9.8,0,0,1.56,220,0,1018.9,0
2026-04-08T22:00,18.8,59,10.6,0,0,1.86,216,0,1018.5,0
2026-04-08T23:00,17.6,67,11.5,0,0,2.02,230,0,1018.5,0
2026-04-09T00:00,16.4,75,12,0,0,1.97,240,0,1018.4,0
2026-04-09T01:00,15.7,80,12.2,0,0,2.02,240,0,1018.2,0
2026-04-09T02:00,14.8,84,12.1,0,0,1.97,246,0,1017.6,0
2026-04-09T03:00,14,85,11.6,0,10,2.25,249,0,1017.4,0
2026-04-09T04:00,13.3,84,10.7,0,16,2.12,251,0,1017.1,0
2026-04-09T05:00,12.8,84,10.2,0,50,1.76,235,0,1016.7,0
2026-04-09T06:00,12.7,82,9.7,0,14,1.74,231,14,1016.4,1
2026-04-09T07:00,13.6,76,9.5,0,100,1.64,239,121,1016.3,1
2026-04-09T08:00,15.6,67,9.6,0,100,1.6,238,269,1016,1
2026-04-09T09:00,17.7,59,9.7,0,100,1.91,250,391,1015.9,1
2026-04-09T10:00,19,55,9.7,0,98,2.5,250,437,1015.7,1
2026-04-09T11:00,20.3,52,10.1,0,100,3.13,250,565,1015.2,1
2026-04-09T12:00,21.1,48,9.7,0.2,100,3.48,254,509,1014.7,1
2026-04-09T13:00,20.9,48,9.6,0,100,4.08,253,457,1014.2,1
2026-04-09T14:00,19.5,53,9.6,0,100,4.67,265,384,1014,1
2026-04-09T15:00,16.8,46,5.1,0,100,5.05,259,282,1014,1
2026-04-09T16:00,15.8,56,7,0,100,5.94,263,147,1013.9,1
2026-04-09T17:00,14.3,49,3.6,0,82,5.61,267,84,1014.5,1
2026-04-09T18:00,13.1,56,4.4,0,22,5.4,271,88,1014.9,1
2026-04-09T19:00,12.6,56,3.9,0,88,5.35,286,20,1016,0
2026-04-09T20:00,10.9,52,1.4,0,75,5.38,300,0,1017.5,0
2026-04-09T21:00,9.9,50,-0.2,0,95,4.28,300,0,1017.8,0
2026-04-09T22:00,9.1,53,0.1,0,63,3.83,285,0,1018.7,0
2026-04-09T23:00,8.5,57,0.4,0,82,3.9,268,0,1019.7,0
2026-04-10T00:00,7.8,56,-0.4,0,97,3.96,266,0,1020.6,0
2026-04-10T01:00,7.4,57,-0.6,0,100,4.11,275,0,1021,0
2026-04-10T02:00,7.2,58,-0.6,0,100,3.59,289,0,1020.9,0
2026-04-10T03:00,7,60,-0.3,0,100,3.47,313,0,1019.8,0
2026-04-10T04:00,6.7,63,0.1,0,100,2.84,319,0,1019.2,0
2026-04-10T05:00,6.5,64,0.1,0,100,2.09,316,0,1018.7,0
2026-04-10T06:00,6.6,64,0.2,0,100,1.13,315,9,1018.7,1
2026-04-10T07:00,7,61,0.1,0,100,0.92,299,83,1019,1
2026-04-10T08:00,7.6,59,0,0,100,1.01,243,150,1019.1,1
2026-04-10T09:00,8.7,53,-0.4,0,100,1.42,228,295,1019.3,1
2026-04-10T10:00,9.7,48,-0.9,0,100,1.72,234,399,1019.2,1
2026-04-10T11:00,10.6,43,-1.6,0,100,1.95,220,458,1018.3,1
2026-04-10T12:00,11.6,37,-2.7,0,100,2.23,214,582,1017.7,1
2026-04-10T13:00,12.7,33,-3.1,0,100,2.63,201,651,1016.8,1
2026-04-10T14:00,12.9,34,-2.7,0,100,3.41,194,620,1016,1
2026-04-10T15:00,12.8,35,-2.4,0,100,3.65,197,516,1015.4,1
2026-04-10T16:00,12.2,38,-1.9,0,100,3.4,194,340,1014.5,1
2026-04-10T17:00,11.7,39,-1.9,0,100,3,180,185,1013,1
2026-04-10T18:00,11,43,-1.1,0,100,3.29,160,83,1012,1
2026-04-10T19:00,10.4,46,-0.9,0,100,3.7,157,12,1011.4,0
2026-04-10T20:00,9.8,51,0.1,0,100,3.2,160,0,1011.4,0
2026-04-10T21:00,9.4,54,0.6,0,100,2.55,145,0,1010.9,0
2026-04-10T22:00,9.3,57,1.2,0,100,2.02,113,0,1009.9,0
2026-04-10T23:00,9.6,58,1.8,0,100,3.19,130,0,1008.9,0
2026-04-11T00:00,9.7,62,2.7,0,100,4.03,137,0,1007.8,0
2026-04-11T01:00,10.2,63,3.4,0,100,4.44,140,0,1006.2,0
2026-04-11T02:00,10.2,64,3.8,0,100,4.39,143,0,1004.7,0
2026-04-11T03:00,10.3,64,3.8,0,100,4.32,152,0,1003.6,0
2026-04-11T04:00,10.5,65,4.2,0,100,4.01,157,0,1002.7,0
2026-04-11T05:00,10.9,65,4.6,0,100,3.76,166,0,1001.9,0
2026-04-11T06:00,11.6,66,5.4,0,100,3.4,182,4,1001.2,1
2026-04-11T07:00,11.6,72,6.8,0,100,3.22,208,26,1001,1
2026-04-11T08:00,11.5,76,7.5,0,100,4.21,227,39,1001.3,1
2026-04-11T09:00,10.6,74,6.2,0.1,100,5.6,268,71,1002.1,1
2026-04-11T10:00,9.2,61,2.1,0,100,4,273,107,1002.9,1
2026-04-11T11:00,9.8,55,1.3,0,100,4.83,257,164,1003.9,1
2026-04-11T12:00,10.6,47,-0.2,0,99,4.7,246,223,1004.4,1
2026-04-11T13:00,12.2,33,-3.7,0,76,5.22,241,411,1004.4,1
2026-04-11T14:00,12.8,30,-4.3,0,36,6.14,240,593,1004.9,1
2026-04-11T15:00,12.8,26,-6.1,0,46,6.35,230,516,1005,1
2026-04-11T16:00,11.9,31,-4.7,0.2,8,6.82,230,409,1005.5,1
2026-04-11T17:00,11.3,35,-3.5,0,8,5.73,228,294,1005.7,1
2026-04-11T18:00,10,49,-0.3,0,4,5.01,205,153,1006.4,1
2026-04-11T19:00,9.7,50,-0.2,0,4,5.19,206,25,1006.7,0
2026-04-11T20:00,9.1,56,0.9,0,27,5.55,208,0,1007.3,0
2026-04-11T21:00,9,59,1.4,0,7,5.32,208,0,1007.2,0
2026-04-11T22:00,8.6,60,1.3,0,15,5.94,211,0,1007.2,0
2026-04-11T23:00,8.3,69,3,0,21,5.75,211,0,1007.3,0
2026-04-12T00:00,8.9,71,4,0,23,6.05,211,0,1006.9,0
2026-04-12T01:00,8.5,74,4.1,0,12,5.69,214,0,1007.2,0
2026-04-12T02:00,8.1,76,4.1,0,12,5.13,215,0,1007.1,0
2026-04-12T03:00,8.2,74,3.8,0,2,4.9,216,0,1007.1,0
2026-04-12T04:00,8.1,74,3.7,0,5,4.55,216,0,1007.3,0
2026-04-12T05:00,7.9,73,3.5,0,19,4.38,212,0,1007.5,0
2026-04-12T06:00,8.4,74,4.1,0,11,4.57,210,19,1007.9,1
2026-04-12T07:00,9.2,70,3.9,0,1,3.98,207,140,1008.2,1
2026-04-12T08:00,10.5,60,3.1,0,5,4.45,213,305,1008.5,1
2026-04-12T09:00,11.8,48,1,0,26,5.27,224,453,1008.6,1
2026-04-12T10:00,12.8,42,0.2,0.1,29,5.34,223,541,1008.7,1
2026-04-12T11:00,14,39,0.2,0,10,5.34,222,621,1008.5,1
2026-04-12T12:00,14.2,38,0,0,7,5.2,223,705,1008.5,1
2026-04-12T13:00,15.1,32,-1.5,0,28,5.43,220,708,1008.1,1
2026-04-12T14:00,14.8,35,-0.6,0,28,6.1,215,644,1008.3,1
2026-04-12T15:00,14,40,0.5,0.1,31,5.7,223,547,1008.7,1
2026-04-12T16:00,13.5,41,0.4,0.1,28,5.3,224,412,1008.8,1
2026-04-12T17:00,13.1,42,0.4,0,21,4.49,223,266,1009,1
2026-04-12T18:00,11,57,2.8,0,33,4.29,251,130,1010.1,1
2026-04-12T19:00,10.3,62,3.4,0,10,1.8,257,22,1010.4,0
2026-04-12T20:00,10,65,3.8,0,9,1.48,237,0,1010.8,0
2026-04-12T21:00,9.7,68,4,0,5,1.68,207,0,1010.8,0
2026-04-12T22:00,9,70,3.8,0,1,2.21,193,0,1011,0
2026-04-12T23:00,8.2,73,3.7,0,0,2.33,205,0,1011.3,0
2026-04-13T00:00,7.1,79,3.7,0,5,1.66,226,0,1011.2,0
2026-04-13T01:00,6.9,80,3.7,0,8,1.56,220,0,1011,0
2026-04-13T02:00,6.4,83,3.7,0,5,1.31,223,0,1011,0
2026-04-13T03:00,6.1,85,3.7,0,0,1.03,223,0,1011.1,0
2026-04-13T04:00,5.5,88,3.7,0,0,0.65,203,0,1011.2,0
2026-04-13T05:00,5.1,91,3.7,0,2,0.35,188,0,1011.4,0
2026-04-13T06:00,4.7,94,3.8,0,2,0.22,297,23,1011.7,1
2026-04-13T07:00,5.8,87,3.8,0,1,0.16,342,143,1011.9,1
2026-04-13T08:00,7.9,75,3.7,0,1,0.05,180,302,1011.8,1
2026-04-13T09:00,10,62,3.1,0,18,0.57,218,459,1011.7,1
2026-04-13T10:00,11.4,50,1.4,0,41,1.39,218,540,1011.8,1
2026-04-13T11:00,12.2,47,1.3,0.1,25,1.71,212,572,1011.4,1
2026-04-13T12:00,13.1,41,0.1,0,92,1.52,221,647,1011.3,1
2026-04-13T13:00,11,57,2.7,0.5,73,3.04,213,487,1012.1,1
2026-04-13T14:00,12.8,44,1,0.1,35,1.81,228,588,1011.6,1
2026-04-13T15:00,13.2,42,0.4,0.1,38,2.3,228,550,1011.4,1
2026-04-13T16:00,13.3,46,1.9,0.1,27,1.98,229,402,1011.2,1
2026-04-13T17:00,13.3,45,1.5,0,44,2.44,226,272,1011.2,1
2026-04-13T18:00,10.6,56,2.2,0.1,0,1.51,236,140,1011.9,1
2026-04-13T19:00,10.5,55,1.9,0,2,0.84,197,27,1012.4,0
2026-04-13T20:00,10.5,56,2.2,0,2,1.33,167,0,1013,0
2026-04-13T21:00,10,63,3.2,0,1,2.31,185,0,1013.2,0
2026-04-13T22:00,8.8,71,3.8,0,0,2.43,212,0,1013.8,0
2026-04-13T23:00,8,75,3.8,0,0,2.09,213,0,1014,0
2026-04-14T00:00,6.9,81,3.9,0,0,1.96,218,0,1014.3,0
2026-04-14T01:00,6.5,83,3.8,0,0,1.95,230,0,1014.6,0
2026-04-14T02:00,6,85,3.7,0,0,1.65,215,0,1014.6,0
2026-04-14T03:00,5.7,85,3.5,0,0,1.43,209,0,1014.7,0
2026-04-14T04:00,5.5,86,3.4,0,0,1.17,190,0,1015.1,0
2026-04-14T05:00,5.4,87,3.4,0,0,1.46,164,0,1015.3,0
2026-04-14T06:00,5.7,85,3.4,0,1,1.73,147,26,1015.7,1
2026-04-14T07:00,7.2,79,3.8,0,0,2.08,117,151,1016,1
2026-04-14T08:00,9.9,69,4.5,0,11,1.9,145,311,1016.2,1
2026-04-14T09:00,12.2,59,4.4,0,99,2.86,164,462,1016.4,1
2026-04-14T10:00,14,48,3.2,0,98,4.76,184,573,1016.3,1
2026-04-14T11:00,15.1,43,2.6,0,100,4.96,183,567,1016,1
2026-04-14T12:00,16.1,38,2,0,100,4.75,182,568,1015.9,1
2026-04-14T13:00,16,42,3.2,0,100,4.72,185,585,1016.3,1
2026-04-14T14:00,16.5,41,3.3,0,99,4.71,189,615,1016.2,1
2026-04-14T15:00,16.1,47,4.8,0,100,4.72,190,457,1015.9,1
2026-04-14T16:00,15.5,54,6.2,0,100,4.76,189,257,1015.8,1
2026-04-14T17:00,14.8,54,5.7,0,100,4.05,171,75,1015.9,1
2026-04-14T18:00,14.5,54,5.3,0,100,3.75,171,33,1015.9,1
2026-04-14T19:00,14.4,55,5.5,0,100,3.4,170,6,1016,0
2026-04-14T20:00,14.2,57,5.8,0,100,3.27,169,0,1016.2,0
2026-04-14T21:00,14.2,60,6.6,0,100,3.49,172,0,1016.2,0
2026-04-14T22:00,13.9,69,8.3,0,100,3.7,179,0,1015.9,0
2026-04-14T23:00,13.7,74,9.2,0,100,3.61,185,0,1015.9,0
2026-04-15T00:00,13.4,77,9.5,0,100,3.35,183,0,1015.6,0
2026-04-15T01:00,13,80,9.6,0,100,3.22,186,0,1015.3,0
2026-04-15T02:00,12.9,82,9.9,0,100,3.16,184,0,1014.9,0
2026-04-15T03:00,12.8,84,10.1,0,100,3.3,182,0,1014.6,0
2026-04-15T04:00,12.7,86,10.4,0,100,3.16,184,0,1014.3,0
2026-04-15T05:00,12.6,88,10.6,0,100,3.15,179,0,1014.1,0
2026-04-15T06:00,12.9,88,10.9,0,100,3.25,180,4,1013.8,1
2026-04-15T07:00,13.3,86,11,0,100,3.66,184,58,1014.1,1
2026-04-15T08:00,13.5,86,11.2,0,100,3.55,182,92,1014,1
2026-04-15T09:00,14.4,82,11.4,0,100,4.2,195,169,1014,1
2026-04-15T10:00,16.1,73,11.2,0.1,100,4.41,200,332,1013.4,1
2026-04-15T11:00,17,65,10.3,0.1,99,5.28,205,399,1013,1
2026-04-15T12:00,16.2,71,10.9,0.3,86,5.12,202,352,1013.2,1
2026-04-15T13:00,16.7,58,8.4,0.1,96,5.5,205,475,1012.9,1
2026-04-15T14:00,16.8,57,8.3,0,20,6.06,208,372,1012.8,1
2026-04-15T15:00,17,55,7.9,0.1,100,7.47,217,526,1012.4,1
2026-04-15T16:00,15.3,67,9.3,0.2,51,6.56,214,126,1012.5,1
2026-04-15T17:00,15.1,71,9.9,0.1,19,6.19,216,236,1012.4,1
2026-04-15T18:00,14.5,66,8.2,0,5,5.23,214,148,1012.8,1
2026-04-15T19:00,13.5,69,8,0,2,4.88,223,31,1013.5,0
2026-04-15T20:00,12.7,72,7.9,0,0,4.56,223,0,1014.3,0
2026-04-15T21:00,12,76,7.9,0,0,4.15,221,0,1014.8,0
2026-04-15T22:00,11.4,79,7.9,0,0,3.8,219,0,1015,0
2026-04-15T23:00,10.8,84,8.2,0,5,3.68,217,0,1015,0
2026-04-16T00:00,10.3,88,8.4,0,77,3.86,217,0,1015.4,0
2026-04-16T01:00,10.2,88,8.3,0,97,3.81,218,0,1015.4,0
2026-04-16T02:00,10.3,87,8.3,0,97,3.9,216,0,1015.2,0
2026-04-16T03:00,10.2,87,8.2,0,34,3.98,215,0,1015.4,0
2026-04-16T04:00,10.2,88,8.3,0,100,3.91,215,0,1015.4,0
2026-04-16T05:00,10.6,87,8.4,0,100,3.75,217,0,1015.7,0
2026-04-16T06:00,11.3,85,8.8,0,81,3.7,212,14,1015.9,1
2026-04-16T07:00,12,80,8.7,0,100,3.8,213,127,1016.3,1
2026-04-16T08:00,13,72,8.1,0.1,84,4.95,232,260,1016.6,1
2026-04-16T09:00,14.5,60,6.8,0,73,4.55,239,378,1016.7,1
2026-04-16T10:00,15.7,54,6.3,0,87,4.66,239,488,1017,1
2026-04-16T11:00,16.5,50,6.1,0.1,98,4.73,239,520,1017,1
2026-04-16T12:00,16.2,50,5.9,0,99,4.41,241,476,1017.5,1
2026-04-16T13:00,16.9,47,5.6,0.1,99,4.34,241,410,1017.5,1
2026-04-16T14:00,17.4,46,5.7,0,100,4.52,235,497,1017.4,1
2026-04-16T15:00,16.6,51,6.5,0,98,4.53,228,281,1017.3,1
2026-04-16T16:00,16.3,54,7,0,95,4.56,224,285,1017.4,1
2026-04-16T17:00,16.2,54,7,0,51,3.96,217,229,1017.5,1
2026-04-16T18:00,15.5,56,6.7,0,100,4.25,210,126,1017.5,1
2026-04-16T19:00,14.2,64,7.4,0,98,3.69,205,30,1017.8,0
2026-04-16T20:00,13.1,74,8.6,0.1,99,3.4,206,0,1018.5,0
2026-04-16T21:00,12.3,81,9,0.1,100,3.22,204,0,1018.5,0
2026-04-16T22:00,11.5,85,9,0,100,2.8,202,0,1018.4,0
2026-04-16T23:00,11.2,85,8.7,0,100,2.63,194,0,1018.4,0
2026-04-17T00:00,11,85,8.6,0,100,2.53,202,0,1018.5,0
2026-04-17T01:00,11.1,84,8.5,0,100,2.62,198,0,1018.4,0
2026-04-17T02:00,11.4,83,8.6,0,100,2.2,180,0,1017.7,0
2026-04-17T03:00,11.5,83,8.8,0.1,100,2.45,182,0,1017.6,0
2026-04-17T04:00,11.4,85,9,0.5,100,2.29,196,0,1017.6,0
2026-04-17T05:00,10.9,88,9,0,100,2.17,188,0,1017.6,0
2026-04-17T06:00,11.1,88,9.1,0,100,2.33,195,26,1017.7,1
2026-04-17T07:00,12,84,9.3,0,100,1.92,195,121,1017.9,1
2026-04-17T08:00,13.3,74,8.9,0,100,3.29,210,258,1017.9,1
2026-04-17T09:00,14.2,67,8.1,0.1,100,3.72,211,293,1017.9,1
2026-04-17T10:00,14,69,8.4,0,100,3.47,205,183,1018.1,1
2026-04-17T11:00,15,63,8,0,100,4.25,210,275,1017.9,1
2026-04-17T12:00,16.7,49,5.9,0,100,5.34,218,366,1017.6,1
2026-04-17T13:00,16.9,50,6.3,0,100,5.42,218,365,1017.3,1
2026-04-17T14:00,17,51,6.9,0,92,5.53,221,358,1017.3,1
2026-04-17T15:00,17.7,48,6.5,0,100,5.63,222,389,1016.8,1
2026-04-17T16:00,17.4,49,6.6,0,14,5.11,220,233,1016.7,1
2026-04-17T17:00,17.1,51,6.9,0,13,4.69,216,269,1016.9,1
2026-04-17T18:00,16.1,54,6.7,0,9,4.59,215,156,1017,1
2026-04-17T19:00,15,62,7.7,0,5,3.6,209,35,1017.3,1
2026-04-17T20:00,13.9,69,8.3,0,16,3.26,207,0,1017.7,0
2026-04-17T21:00,13.1,74,8.6,0,98,3.39,211,0,1017.9,0
2026-04-17T22:00,12.5,80,9.1,0,100,2.94,215,0,1017.9,0
2026-04-17T23:00,12.2,83,9.4,0.1,100,2.57,237,0,1017.9,0
2026-04-18T00:00,11.8,86,9.5,0,100,2.38,240,0,1018.4,0
2026-04-18T01:00,11.8,87,9.7,0,100,1.94,235,0,1018.4,0
2026-04-18T02:00,12,86,9.7,0,99,2.21,274,0,1018.4,0
2026-04-18T03:00,11.7,78,8,0,98,2.15,282,0,1018.6,0
2026-04-18T04:00,11.2,73,6.5,0,89,2.34,281,0,1018.7,0
2026-04-18T05:00,10.4,75,6.2,0,9,2.25,271,0,1019,1
2026-04-18T06:00,9.6,78,5.9,0,1,2.16,265,39,1019.7,1
2026-04-18T07:00,9.9,75,5.8,0,7,2.26,265,177,1020.1,1
2026-04-18T08:00,10.9,70,5.6,0,11,2.15,267,335,1019.9,1
2026-04-18T09:00,12.2,63,5.4,0,10,2.45,271,495,1020.2,1
2026-04-18T10:00,13.9,49,3.4,0,9,2.78,278,611,1020.4,1
2026-04-18T11:00,15.5,38,1.2,0,38,2.87,276,688,1020,1
2026-04-18T12:00,16.1,38,1.9,0,82,3.06,281,687,1019.8,1
2026-04-18T13:00,16.5,36,1.4,0,66,3.26,285,504,1019.8,1
2026-04-18T14:00,16.7,35,1.2,0,54,3.31,285,421,1019.7,1
2026-04-18T15:00,16.8,34,0.8,0,73,3.42,291,403,1019.6,1
2026-04-18T16:00,16.5,35,1,0,53,3.52,302,381,1019.7,1
2026-04-18T17:00,15.6,39,1.6,0,24,3.19,310,265,1019.9,1
2026-04-18T18:00,15.2,36,0.3,0,29,2.77,311,165,1020.1,1
2026-04-18T19:00,14.8,37,0.2,0,18,2.9,312,35,1020.7,1
2026-04-18T20:00,13.1,52,3.6,0,8,3.44,334,0,1021.5,0
2026-04-18T21:00,12.2,58,4.3,0,1,2.68,333,0,1021.8,0
2026-04-18T22:00,11.2,63,4.5,0,0,2.74,329,0,1022.2,0
2026-04-18T23:00,10.5,67,4.6,0,0,2.58,324,0,1022.4,0
2026-04-19T00:00,9.5,72,4.7,0,0,2.82,327,0,1022.6,0
2026-04-19T01:00,8.8,71,3.9,0,0,2.75,335,0,1022.7,0
2026-04-19T02:00,8.2,71,3.2,0,0,2.5,334,0,1022.9,0
2026-04-19T03:00,7.6,72,2.9,0,0,2.41,326,0,1023.2,0
2026-04-19T04:00,7,73,2.5,0,0,2.4,324,0,1023.3,0
2026-04-19T05:00,6.5,73,2,0,0,2.42,330,0,1023.6,1
2026-04-19T06:00,6.6,70,1.6,0,0,2.15,342,42,1023.9,1
2026-04-19T07:00,7.8,63,1.2,0,0,1.72,343,180,1024.1,1
2026-04-19T08:00,9.4,56,1.1,0,2,1.63,342,345,1024.1,1
2026-04-19T09:00,11.2,48,0.5,0,0,1.87,344,504,1024.1,1
2026-04-19T10:00,12.7,38,-1.4,0,6,2.42,342,638,1024.1,1
2026-04-19T11:00,13.6,34,-2.2,0,17,2.89,342,734,1024,1
2026-04-19T12:00,14.2,33,-2,0,15,2.91,348,784,1023.9,1
2026-04-19T13:00,15.2,27,-3.6,0,67,2.6,349,745,1023.5,1
2026-04-19T14:00,15.7,28,-3,0,84,2.95,349,676,1023,1
2026-04-19T15:00,15.5,29,-2.6,0,91,2.95,1,475,1022.7,1
2026-04-19T16:00,15.2,31,-2.1,0,99,3.31,11,370,1022.5,1
2026-04-19T17:00,14.6,32,-1.8,0,80,3.07,22,227,1022.5,1
2026-04-19T18:00,13.9,35,-1.4,0,65,3.01,21,127,1022.6,1
2026-04-19T19:00,13.3,37,-1.1,0,100,3.02,27,27,1022.6,1
2026-04-19T20:00,13,38,-1.1,0,89,2.92,38,0,1022.9,0
2026-04-19T21:00,11.4,54,2.5,0,95,3.37,78,0,1023,0
2026-04-19T22:00,9.8,71,4.9,0,2,2.65,90,0,1023.3,0
2026-04-19T23:00,9.3,74,4.9,0,6,2.01,84,0,1023.3,0
2026-04-20T00:00,8.6,78,4.9,0,33,1.33,70,0,1023.3,0
2026-04-20T01:00,8.3,79,4.8,0,48,1.2,73,0,1022.9,0
2026-04-20T02:00,7.9,81,4.8,0,100,1.24,47,0,1022.7,0
2026-04-20T03:00,7.3,84,4.8,0,100,1.27,45,0,1022.7,0
2026-04-20T04:00,6.7,87,4.7,0,100,1.29,36,0,1022.5,0
2026-04-20T05:00,5.9,90,4.5,0,95,1.63,40,0,1022.5,1
2026-04-20T06:00,5.8,89,4,0,6,1.65,35,44,1022.8,1
2026-04-20T07:00,6.8,81,3.7,0,5,1.13,45,183,1023,1
2026-04-20T08:00,8.6,65,2.5,0,1,1.34,45,350,1023,1
2026-04-20T09:00,10.4,45,-1.1,0,5,2.37,48,507,1022.8,1
2026-04-20T10:00,12.2,40,-1,0,54,3.56,56,635,1022.4,1
2026-04-20T11:00,12.8,40,-0.6,0,56,3.99,56,598,1021.9,1
2026-04-20T12:00,12.6,41,-0.3,0,100,3.8,57,392,1021.9,1
2026-04-20T13:00,13.4,40,-0.1,0,84,3.82,53,445,1021.6,1
2026-04-20T14:00,13.4,41,0.5,0,63,3.73,50,408,1021.4,1
2026-04-20T15:00,13.3,42,0.6,0,92,3.58,49,309,1021.1,1
2026-04-20T16:00,13.3,41,0.4,0,100,3.43,47,229,1021.2,1
2026-04-20T17:00,13.1,42,0.4,0,99,3.44,49,112,1021,1
2026-04-20T18:00,12.6,42,-0.1,0,100,4,41,91,1021,1
2026-04-20T19:00,12,45,0.5,0,38,4.29,42,21,1021.3,1
2026-04-20T20:00,10.7,56,2.2,0,5,3.86,53,0,1022,0
2026-04-20T21:00,9.5,66,3.4,0,10,3.63,60,0,1022.4,0
2026-04-20T22:00,8.5,70,3.4,0,11,3.51,62,0,1022.8,0
2026-04-20T23:00,7.7,72,2.9,0,0,3.24,52,0,1023.1,0
2026-04-21T00:00,6.7,74,2.4,0,5,2.8,43,0,1023.5,0
2026-04-21T01:00,6.3,79,2.9,0,25,2.83,36,0,1023.3,0
2026-04-21T02:00,6,83,3.4,0,76,2.95,34,0,1023.2,0
2026-04-21T03:00,6.1,86,4,0,64,3.12,35,0,1023.1,0
2026-04-21T04:00,5.9,89,4.3,0,60,3.4,36,0,1022.9,0
2026-04-21T05:00,6.1,89,4.5,0,78,3.27,39,0,1022.9,1
2026-04-21T06:00,7.3,84,4.7,0,55,3.72,48,30,1023.2,1
2026-04-21T07:00,8,77,4.2,0,20,3.47,41,139,1023.5,1
2026-04-21T08:00,9.3,65,3.1,0,5,3.75,45,325,1023.5,1
2026-04-21T09:00,11.1,53,1.8,0,11,4.4,56,494,1023.4,1
2026-04-21T10:00,12.8,44,0.9,0,56,4.91,60,581,1023.2,1
2026-04-21T11:00,13.5,44,1.4,0,52,5.21,66,591,1023,1
2026-04-21T12:00,13.6,46,2.2,0,100,5.39,68,603,1023,1
2026-04-21T13:00,14,47,2.8,0,49,6.22,69,395,1023.1,1
2026-04-21T14:00,13.9,50,3.6,0,45,6.17,72,462,1022.9,1
2026-04-21T15:00,14,48,3.3,0,20,5.62,74,467,1022.6,1
2026-04-21T16:00,14.1,45,2.3,0,15,5.44,70,484,1022.4,1
2026-04-21T17:00,13,40,-0.4,0,8,5.41,69,336,1022.5,1
2026-04-21T18:00,11.9,37,-2.5,0,2,4.85,68,188,1022.6,1
2026-04-21T19:00,10.6,47,-0.4,0,0,4.23,66,49,1023.1,1
2026-04-21T20:00,9.6,55,1,0,0,4.29,62,0,1023.7,0
2026-04-21T21:00,8.9,60,1.6,0,0,4.05,57,0,1023.8,0
2026-04-21T22:00,8.4,65,2.1,0,0,4.04,56,0,1023.8,0
2026-04-21T23:00,8,67,2.3,0,0,3.87,57,0,1023.6,0
2026-04-22T00:00,7.2,75,3.1,0,0,3.51,57,0,1023.7,0
2026-04-22T01:00,7.1,78,3.5,0,0,3.51,57,0,1023.3,0
2026-04-22T02:00,7,80,3.9,0,0,3.52,55,0,1023,0
2026-04-22T03:00,6.9,83,4.2,0,0,3.57,53,0,1023,0
2026-04-22T04:00,6.8,85,4.5,0,0,3.76,54,0,1022.9,0
2026-04-22T05:00,6.7,87,4.7,0,0,3.58,57,0,1023.3,1
2026-04-22T06:00,7.6,85,5.3,0,0,3.28,59,52,1023.8,1
2026-04-22T07:00,9,78,5.4,0,0,2.55,45,194,1024,1
2026-04-22T08:00,11.2,68,5.5,0,0,3.4,62,360,1024.1,1
2026-04-22T09:00,13.1,57,4.7,0,0,4.1,72,518,1024.2,1
2026-04-22T10:00,14.5,43,2.2,0,0,5.32,81,648,1024,1
2026-04-22T11:00,15.2,37,0.7,0,0,5.9,82,745,1023.6,1
2026-04-22T12:00,16.2,31,-1,0,0,5.66,81,798,1023.3,1
2026-04-22T13:00,16.5,29,-1.5,0,0,5.55,82,801,1023.6,1
2026-04-22T14:00,16.5,29,-1.8,0,0,5.63,84,753,1023.7,1
2026-04-22T15:00,16.1,30,-1.6,0,0,5.45,83,658,1023.8,1
2026-04-22T16:00,15.5,31,-1.8,0,0,5.38,80,526,1024.1,1
2026-04-22T17:00,14.7,31,-2.1,0,0,5.44,79,367,1024.4,1
2026-04-22T18:00,13.8,32,-2.7,0,0,4.97,77,200,1024.3,1
2026-04-22T19:00,12.9,38,-1.2,0,0,4.11,72,54,1024.7,1
2026-04-22T20:00,11.9,46,0.7,0,9,4.06,68,0,1025.3,0
2026-04-22T21:00,11,52,1.6,0,47,4.16,66,0,1025.6,0
2026-04-22T22:00,10.2,58,2.3,0,2,4.25,66,0,1025.9,0
2026-04-22T23:00,9.8,62,2.9,0,0,4.12,66,0,1026.1,0
2026-04-23T00:00,8.9,72,4.1,0,0,3.56,64,0,1026.4,0
2026-04-23T01:00,8.7,77,4.9,0,0,3.2,61,0,1026.7,0
2026-04-23T02:00,8.4,81,5.4,0,0,2.89,53,0,1027,0
2026-04-23T03:00,8,85,5.6,0,0,2.86,44,0,1027.1,0
2026-04-23T04:00,7.6,87,5.6,0,0,2.97,44,0,1027.2,0
2026-04-23T05:00,7.2,89,5.5,0,0,3.18,46,0,1027.5,1
2026-04-23T06:00,7.4,90,5.8,0,1,3.08,48,57,1028.2,1
2026-04-23T07:00,9,80,5.7,0,4,3.08,54,199,1028.5,1
2026-04-23T08:00,10.9,71,5.8,0,7,3.28,59,356,1028.7,1
2026-04-23T09:00,13,62,5.8,0,2,3.33,62,522,1028.8,1
2026-04-23T10:00,14.8,54,5.5,0,0,3.68,68,658,1028.5,1
2026-04-23T11:00,16.2,45,4.1,0,0,4.06,76,754,1028.5,1
2026-04-23T12:00,17.1,38,2.7,0,0,3.92,76,804,1028.3,1
2026-04-23T13:00,17.8,34,1.7,0,0,3.99,78,805,1028.1,1
2026-04-23T14:00,18.1,32,1,0,0,3.95,81,757,1027.5,1
2026-04-23T15:00,18.1,30,0,0,0,3.84,82,663,1026.8,1
2026-04-23T16:00,17.6,29,-0.5,0,0,3.87,79,531,1026.4,1
2026-04-23T17:00,16.5,33,0.3,0,0,3.92,79,373,1026.3,1
2026-04-23T18:00,15,38,0.7,0,0,3.81,79,205,1026,1
2026-04-23T19:00,12.7,54,3.7,0,0,3.58,78,58,1026,1
2026-04-23T20:00,10.8,61,3.6,0,0,3.74,74,0,1026.4,0
2026-04-23T21:00,9.6,65,3.4,0,0,3.45,71,0,1026.4,0
2026-04-23T22:00,8.9,65,2.6,0,0,3.36,65,0,1026.4,0
2026-04-23T23:00,8.3,62,1.4,0,0,3.29,62,0,1026.4,0
2026-04-24T00:00,6.9,74,2.5,0,0,3.18,62,0,1026.4,0
2026-04-24T01:00,6.4,77,2.7,0,0,2.91,61,0,1026,0
2026-04-24T02:00,6,80,2.8,0,0,2.79,57,0,1025.5,0
2026-04-24T03:00,5.5,82,2.7,0,0,2.83,54,0,1025.3,0
2026-04-24T04:00,5.1,82,2.2,0,0,2.84,51,0,1025.1,0
2026-04-24T05:00,4.7,80,1.5,0,0,2.85,52,1,1025.1,1
2026-04-24T06:00,4.8,83,2.1,0,2,2.41,50,64,1025.3,1
2026-04-24T07:00,6.2,74,1.8,0,8,1.99,51,211,1025.3,1
2026-04-24T08:00,8.3,66,2.3,0,6,2.14,57,372,1025.3,1
2026-04-24T09:00,10.8,55,2,0,2,2.19,63,538,1025.1,1
2026-04-24T10:00,13.4,41,0.5,0,0,2.17,67,677,1024.7,1
2026-04-24T11:00,15.7,32,-1.1,0,0,2.36,73,775,1024.4,1
2026-04-24T12:00,17.4,23,-3.9,0,0,2.55,70,824,1023.8,1
2026-04-24T13:00,18.6,22,-3.7,0,0,2.89,76,827,1023.1,1
2026-04-24T14:00,19.2,21,-3.9,0,0,3.21,79,776,1022.3,1
2026-04-24T15:00,19.1,21,-3.7,0,0,3.46,86,679,1021.7,1
2026-04-24T16:00,18.3,21,-4.4,0,15,3.5,91,544,1021.2,1
2026-04-24T17:00,17.3,21,-5.5,0,10,3.26,94,383,1021.1,1
2026-04-24T18:00,16.2,21,-6.1,0,48,3.05,93,212,1021,1
2026-04-24T19:00,14.5,25,-5.1,0,59,2.75,88,60,1021.2,1
2026-04-24T20:00,12.8,30,-4.6,0,0,2.72,84,0,1021.6,0
2026-04-24T21:00,11.3,39,-2,0,0,2.48,81,0,1021.8,0
2026-04-24T22:00,10.1,52,0.6,0,0,2.33,81,0,1021.6,0
2026-04-24T23:00,9.1,65,2.8,0,0,2.15,78,0,1021.3,0
2026-04-25T00:00,7.4,74,3,0,0,1.79,72,0,1021.1,0
2026-04-25T01:00,6.8,81,3.7,0,0,1.63,67,0,1020.7,0
2026-04-25T02:00,6.3,86,4.1,0,5,1.51,56,0,1020.3,0
2026-04-25T03:00,5.8,91,4.4,0,22,1.42,51,0,1020,0
2026-04-25T04:00,5.3,94,4.5,0,45,1.31,50,0,1019.9,0
2026-04-25T05:00,4.8,97,4.3,0,64,1.37,57,1,1020,1
2026-04-25T06:00,4.7,97,4.2,0,100,1.36,73,60,1020.3,1
2026-04-25T07:00,5.3,96,4.7,0,100,1.47,80,165,1020.4,1
2026-04-25T08:00,7.4,81,4.4,0,100,0.67,77,311,1020.4,1
2026-04-25T09:00,10.2,63,3.5,0,100,0.76,67,490,1020.2,1
2026-04-25T10:00,13.3,44,1.2,0,99,0.65,67,604,1020.2,1
2026-04-25T11:00,16.3,23,-4.8,0,72,0.61,81,721,1020,1
2026-04-25T12:00,18.3,16,-8.3,0,10,0.45,96,808,1019.6,1
2026-04-25T13:00,20.1,12,-10.3,0,1,0.29,121,825,1019.1,1
2026-04-25T14:00,20.9,10,-11.4,0,5,0.27,22,776,1018.7,1
2026-04-25T15:00,21.5,10,-11.8,0,0,0.6,360,680,1018.4,1
2026-04-25T16:00,21.6,9,-12,0,0,1.02,11,544,1018.2,1
2026-04-25T17:00,21.3,11,-10.6,0,0,1.7,24,382,1018.4,1
2026-04-25T18:00,20.5,13,-8.8,0,0,2.37,44,213,1018.7,1
2026-04-25T19:00,19.1,17,-6.4,0,0,2.47,82,63,1019,1
2026-04-25T20:00,17.6,20,-5.7,0,0,2.36,96,1,1019.9,0
2026-04-25T21:00,16.1,26,-3.6,0,0,2.42,156,0,1020.3,0
2026-04-25T22:00,14.7,38,0.5,0,0,1.46,188,0,1020.6,0
2026-04-25T23:00,14,44,1.9,0,0,1.5,217,0,1020.9,0
2026-04-26T00:00,12.1,55,3.2,0,1,0.61,35,0,1021.6,0
2026-04-26T01:00,12,49,1.6,0,82,1.15,92,0,1021.8,0
2026-04-26T02:00,10.5,48,0.1,0,100,1.81,66,0,1022.1,0
2026-04-26T03:00,8.9,59,1.2,0,100,2.22,67,0,1022.2,0
2026-04-26T04:00,7.9,80,4.8,0,95,2.41,69,0,1022.5,0
2026-04-26T05:00,7.5,91,6.1,0,73,2.52,69,1,1023,1
2026-04-26T06:00,7.8,93,6.8,0,94,2.39,74,65,1023.5,1
2026-04-26T07:00,8.6,91,7.2,0,100,2.77,83,151,1023.9,1
2026-04-26T08:00,10.6,78,7,0,82,2.31,85,296,1024,1
2026-04-26T09:00,13.1,64,6.4,0,100,1.96,84,509,1023.9,1
2026-04-26T10:00,15.4,50,5.1,0,100,1.85,90,647,1023.7,1
2026-04-26T11:00,17.2,42,4,0,100,1.71,97,731,1023.6,1
2026-04-26T12:00,18.2,37,3.2,0,100,1.8,90,753,1023.1,1
2026-04-26T13:00,19.2,33,2.5,0,100,1.9,88,723,1022.8,1
2026-04-26T14:00,19.5,32,2.2,0,100,2.16,83,608,1022.4,1
2026-04-26T15:00,19.4,31,1.9,0,100,2.45,78,486,1022,1
2026-04-26T16:00,18.8,32,1.7,0,100,2.77,77,370,1021.8,1
2026-04-26T17:00,17.9,34,1.6,0,100,3.02,83,284,1022,1
2026-04-26T18:00,16.1,41,2.8,0,100,3.21,86,134,1021.9,1
2026-04-26T19:00,14.3,52,4.7,0,98,3.16,79,43,1022.4,1
2026-04-26T20:00,12.5,64,5.8,0,99,2.84,76,1,1022.9,0
2026-04-26T21:00,11.4,71,6.3,0,100,2.36,84,0,1023.1,0
2026-04-26T22:00,10.8,74,6.3,0,100,2.02,81,0,1023,0
2026-04-26T23:00,10.3,76,6.2,0,100,1.87,81,0,1023.2,0
2026-04-27T00:00,9.6,81,6.4,0,100,1.34,63,0,1023.3,0
2026-04-27T01:00,9.4,81,6.3,0,100,1.42,72,0,1023.4,0
2026-04-27T02:00,9.1,82,6.2,0,100,1.41,67,0,1023.1,0
2026-04-27T03:00,8.8,84,6.3,0,43,1.27,64,0,1022.8,0
2026-04-27T04:00,8.4,87,6.3,0,36,1.36,54,0,1022.7,0
2026-04-27T05:00,8,89,6.2,0,0,1.32,37,2,1022.9,1
2026-04-27T06:00,8.4,87,6.4,0,0,1.22,35,70,1023.3,1
2026-04-27T07:00,9.7,79,6.2,0,0,0.99,41,215,1023.4,1
2026-04-27T08:00,11.7,67,5.8,0,0,0.78,40,379,1023.4,1
2026-04-27T09:00,14.3,49,3.9,0,0,0.89,52,532,1023.3,1
2026-04-27T10:00,16.9,38,2.4,0,0,1.25,61,660,1022.8,1
2026-04-27T11:00,18.5,35,2.6,0,0,1.7,47,750,1022.3,1
2026-04-27T12:00,19.7,31,2,0,0,1.81,39,796,1022,1
2026-04-27T13:00,20.6,28,1.7,0,0,1.9,23,794,1021.6,1
2026-04-27T14:00,21.6,25,0.8,0,84,2.52,7,729,1020.9,1
2026-04-27T15:00,21.6,26,1.2,0,100,2.35,360,463,1020.1,1
2026-04-27T16:00,21,28,1.8,0,100,2.65,359,275,1019.7,1
2026-04-27T17:00,19.7,34,3.3,0,53,3.4,357,107,1019.9,1
2026-04-27T18:00,19.3,35,3.4,0,23,2.54,10,101,1019.6,1
2026-04-27T19:00,18.2,40,4.4,0.1,78,3.7,13,58,1020,1
2026-04-27T20:00,15.4,56,6.6,0.3,63,3.72,17,1,1021.2,0
2026-04-27T21:00,14,66,7.7,0.1,48,3.2,27,0,1021.4,0
2026-04-27T22:00,13.3,70,8,0.1,30,3.35,14,0,1021.4,0
2026-04-27T23:00,12.1,72,7.2,0,29,3.7,13,0,1021.7,0
2026-04-28T00:00,10.7,80,7.3,0.1,12,3.51,11,0,1021.8,0
2026-04-28T01:00,9.8,86,7.5,0,38,3.54,9,0,1021.7,0
2026-04-28T02:00,9.2,88,7.3,0,100,3.46,18,0,1021.7,0
2026-04-28T03:00,9.5,85,7,0,100,4.52,29,0,1021.6,0
2026-04-28T04:00,10,82,7.1,0.2,100,4.14,45,0,1021.5,0
2026-04-28T05:00,10.1,78,6.4,0,100,3.47,44,1,1021.6,1
2026-04-28T06:00,9.8,80,6.6,0,100,4.32,42,37,1022.2,1
2026-04-28T07:00,10.2,76,6.2,0,100,4.71,43,90,1022.6,1
2026-04-28T08:00,11.4,66,5.4,0,98,5.5,50,244,1022.7,1
2026-04-28T09:00,12.2,62,5.2,0,100,5.07,49,323,1022.8,1
2026-04-28T10:00,12.4,61,5,0,100,5.21,49,314,1022.8,1
2026-04-28T11:00,12.4,62,5.3,0.1,85,4.9,51,324,1023.1,1
2026-04-28T12:00,13.5,48,2.7,0,63,5.19,50,470,1022.7,1
2026-04-28T13:00,16.5,33,0.2,0,61,5.89,55,580,1021.8,1
2026-04-28T14:00,17.4,34,1.3,0,63,6.49,60,606,1021.3,1
2026-04-28T15:00,16.3,39,2.4,0,77,5.55,44,507,1021.3,1
2026-04-28T16:00,16.4,37,1.8,0,13,5.66,47,460,1021,1
2026-04-28T17:00,15.6,43,2.9,0,0,5.66,46,315,1021.3,1
2026-04-28T18:00,14.4,41,1.2,0,0,5.41,44,210,1021.5,1
2026-04-28T19:00,13,36,-1.6,0,0,5.2,42,68,1021.8,1
2026-04-28T20:00,11.8,42,-0.7,0,0,5.24,43,1,1022.4,0
2026-04-28T21:00,10.7,52,1.3,0,0,4.88,38,0,1022.4,0
2026-04-28T22:00,10.1,57,2,0,0,4.87,39,0,1022.3,0
2026-04-28T23:00,9.8,58,2,0,0,4.72,40,0,1022.3,0
2026-04-29T00:00,8.4,69,3.1,0,0,4.47,40,0,1022.5,0
2026-04-29T01:00,8.4,73,3.9,0,0,4.46,43,0,1022.3,0
2026-04-29T02:00,8.5,75,4.4,0,0,4.35,46,0,1022,0
2026-04-29T03:00,8.8,74,4.5,0,0,4.4,50,0,1021.6,0
2026-04-29T04:00,9.2,72,4.4,0,0,4.45,55,0,1021.6,0
2026-04-29T05:00,9.5,69,4.1,0,0,4.61,58,3,1021.6,1
2026-04-29T06:00,10.7,65,4.4,0,0,4.37,60,77,1021.7,1
2026-04-29T07:00,12.1,58,4.2,0,0,4.44,56,225,1021.8,1
2026-04-29T08:00,13.4,51,3.6,0,0,5.23,63,391,1022.1,1
2026-04-29T09:00,14.7,42,2,0,0,5.97,68,549,1022.2,1
2026-04-29T10:00,15.8,34,-0.1,0,0,6.8,73,681,1022.3,1
2026-04-29T11:00,16.4,31,-0.9,0,0,7.12,73,777,1022.2,1
2026-04-29T12:00,17.4,28,-1.4,0,0,6.67,71,827,1022,1
2026-04-29T13:00,17.9,26,-2.1,0,91,6.66,70,827,1021.7,1
2026-04-29T14:00,17.7,26,-2,0,100,6.32,72,761,1021.8,1
2026-04-29T15:00,17,29,-1.1,0,100,6.67,71,655,1021.5,1
2026-04-29T16:00,16.4,32,-0.3,0,70,6.82,69,534,1021.2,1
2026-04-29T17:00,15.8,36,0.6,0,2,6.68,67,378,1021,1
2026-04-29T18:00,15.1,39,1.4,0,0,6.28,64,219,1020.7,1
2026-04-29T19:00,14.1,45,2.4,0,0,5.3,61,73,1020.9,1
2026-04-29T20:00,13.6,47,2.5,0,0,5.29,67,2,1021.4,0
2026-04-29T21:00,13.3,49,2.9,0,0,5,67,0,1021.6,0
2026-04-29T22:00,13.1,51,3.3,0,0,4.65,69,0,1021.8,0
2026-04-29T23:00,13.2,51,3.3,0,0,4.57,72,0,1021.7,0
2026-04-30T00:00,11.9,59,4.1,0,0,4.41,72,0,1021.8,0
2026-04-30T01:00,11.8,60,4.3,0,0,4.16,72,0,1021.4,0
2026-04-30T02:00,11.6,61,4.3,0,0,3.93,75,0,1021.2,0
2026-04-30T03:00,11.3,62,4.3,0,0,3.74,78,0,1021.1,0
2026-04-30T04:00,11,62,3.9,0,0,3.64,81,0,1021,0
2026-04-30T05:00,10.8,60,3.4,0,0,3.62,84,3,1021.1,1
2026-04-30T06:00,11.2,58,3.2,0,0,3.39,81,84,1021.3,1
2026-04-30T07:00,12.5,52,3,0,0,3.58,75,236,1021.2,1
2026-04-30T08:00,14.2,46,2.7,0,0,3.92,84,403,1021.3,1
2026-04-30T09:00,15.9,40,2.1,0,0,4.11,86,560,1021.1,1
2026-04-30T10:00,17.3,37,2.5,0,0,4.21,85,690,1020.7,1
2026-04-30T11:00,18.6,34,2.5,0,0,4.41,87,783,1020.6,1
2026-04-30T12:00,19.8,29,1.1,0,0,4.4,87,830,1020.1,1
2026-04-30T13:00,20.5,28,1.3,0,0,4.35,89,830,1019.6,1
2026-04-30T14:00,20.9,27,1.4,0,0,4.5,89,779,1019.2,1
2026-04-30T15:00,20.5,28,1.1,0,0,4.92,85,683,1018.7,1
2026-04-30T16:00,19.9,29,1.1,0,0,4.81,86,551,1018.6,1
2026-04-30T17:00,19.4,28,0.7,0,0,4.3,87,394,1018.9,1
2026-04-30T18:00,18.5,26,-1.4,0,0,4.21,87,226,1018.8,1
2026-04-30T19:00,17.5,32,0.5,0,0,3.15,80,77,1018.9,1
2026-04-30T20:00,16.6,37,1.8,0,0,3.13,82,2,1019.2,0
2026-04-30T21:00,16,41,2.7,0,0,3.31,87,0,1019.1,0
2026-04-30T22:00,15.9,41,2.6,0,0,3.08,97,0,1019.2,0
2026-04-30T23:00,15.6,39,1.7,0,0,2.82,107,0,1019.3,0
2026-05-01T00:00,14,45,2.4,0,0,2.72,107,0,1019.3,0
2026-05-01T01:00,13.2,46,1.9,0,0,2.85,112,0,1019.2,0
2026-05-01T02:00,12.6,47,1.5,0,0,2.51,103,0,1018.8,0
2026-05-01T03:00,12,48,1.3,0,0,2.15,89,0,1018.6,0
2026-05-01T04:00,11.3,50,1.3,0,0,2.24,80,0,1018.6,0
2026-05-01T05:00,10.8,53,1.5,0,0,2.18,81,4,1018.8,1
2026-05-01T06:00,11.7,49,1.4,0,0,1.72,64,85,1019,1
2026-05-01T07:00,13.5,43,1.3,0,0,1.06,71,235,1019,1
2026-05-01T08:00,15.8,37,1.3,0,0,1.26,83,397,1019.1,1
2026-05-01T09:00,18.2,33,1.7,0,0,1.8,103,547,1018.9,1
2026-05-01T10:00,20.6,31,2.9,0,5,2.28,116,669,1018.7,1
2026-05-01T11:00,22.4,30,4.2,0,0,2.53,128,756,1018.1,1
2026-05-01T12:00,23.6,28,4.2,0,8,2.91,145,801,1017.7,1
2026-05-01T13:00,24.2,32,6.4,0,9,3.25,170,792,1017.4,1
2026-05-01T14:00,24.1,37,8.5,0,3,3.56,191,743,1017.1,1
2026-05-01T15:00,23.1,47,11.1,0,4,3.86,201,631,1017,1
2026-05-01T16:00,22.5,49,11.3,0,8,3.73,198,498,1016.8,1
2026-05-01T17:00,21.6,53,11.7,0,16,3.61,197,359,1016.8,1
2026-05-01T18:00,20.9,54,11.2,0,91,3.24,205,202,1016.6,1
2026-05-01T19:00,19.7,57,11,0,40,3.51,206,67,1017,1
2026-05-01T20:00,18.4,60,10.6,0,30,3.58,207,3,1017.6,0
2026-05-01T21:00,17.1,63,10,0,31,3.09,203,0,1017.8,0
2026-05-01T22:00,15.9,66,9.5,0,100,2.91,209,0,1017.8,0
2026-05-01T23:00,14.6,64,7.8,0,74,3,217,0,1017.8,0
2026-05-02T00:00,13.3,70,7.9,0,26,2.44,223,0,1017.8,0
2026-05-02T01:00,12.6,75,8.3,0,88,2.2,229,0,1017.3,0
2026-05-02T02:00,12.1,80,8.8,0,17,2.09,230,0,1016.8,0
2026-05-02T03:00,11.6,84,9,0,8,2.13,231,0,1016.4,0
2026-05-02T04:00,11.1,87,8.9,0,45,2.15,234,0,1016.4,0
2026-05-02T05:00,10.7,87,8.6,0,100,1.9,235,5,1016.3,1
2026-05-02T06:00,11,85,8.6,0,100,1.58,235,73,1016.5,1
2026-05-02T07:00,12.1,77,8.1,0,100,1.19,248,186,1016.6,1
2026-05-02T08:00,13.9,66,7.6,0,70,1.22,235,332,1016.6,1
2026-05-02T09:00,15.9,55,6.8,0,1,0.88,227,524,1016.1,1
2026-05-02T10:00,17.7,46,6.1,0,0,0.96,208,666,1015.5,1
2026-05-02T11:00,19.3,40,5.4,0,6,0.95,198,755,1014.8,1
2026-05-02T12:00,20.4,35,4.6,0,11,1.02,169,799,1014.1,1
2026-05-02T13:00,21.9,35,5.7,0,99,1.6,178,745,1013.2,1
2026-05-02T14:00,22.5,36,6.6,0,100,2.5,179,630,1012.3,1
2026-05-02T15:00,22.5,36,6.8,0,100,2.96,161,486,1011.2,1
2026-05-02T16:00,22.2,36,6.5,0,100,3.58,155,266,1010.3,1
2026-05-02T17:00,19.8,44,7.3,0.1,100,3.73,148,96,1009.8,1
2026-05-02T18:00,17.6,61,10.1,0.5,100,3.19,138,43,1009.8,1
2026-05-02T19:00,15.5,81,12.3,6.7,80,2.94,162,17,1010,1
2026-05-02T20:00,15.3,83,12.4,0.5,97,2.05,146,2,1010,0
2026-05-02T21:00,15.1,84,12.5,0,70,2.33,155,0,1009.6,0
2026-05-02T22:00,14.7,86,12.4,0,98,2.26,167,0,1009.2,0
2026-05-02T23:00,14.2,88,12.2,0,100,2.2,192,0,1009.1,0
2026-05-03T00:00,13.9,90,12.4,0,100,1.8,193,0,1008.7,0
2026-05-03T01:00,13.6,92,12.4,0,100,1.53,199,0,1008.4,0
2026-05-03T02:00,13.6,92,12.3,0,100,1.94,226,0,1007.9,0
2026-05-03T03:00,13.2,94,12.2,0,100,2.03,232,0,1007.5,0
2026-05-03T04:00,12.9,92,11.7,0,100,2.13,229,0,1007.5,0
2026-05-03T05:00,12.6,92,11.3,0,100,1.97,240,3,1007.3,1
2026-05-03T06:00,12.9,87,10.8,0,100,2.22,239,51,1007.7,1
2026-05-03T07:00,13.4,82,10.4,0,100,2.12,243,137,1007.8,1
2026-05-03T08:00,14.1,77,10,0,86,2.24,241,219,1008.1,1
2026-05-03T09:00,15.4,68,9.6,0,73,2.59,242,409,1007.8,1
2026-05-03T10:00,16.7,62,9.3,0,100,2.71,242,541,1007.6,1
2026-05-03T11:00,17.9,55,8.8,0,100,2.77,242,597,1007.5,1
2026-05-03T12:00,18.2,55,8.9,0,52,3.13,253,612,1007.4,1
2026-05-03T13:00,19,53,9.2,0,97,2.58,248,599,1007.2,1
2026-05-03T14:00,19.2,52,9.2,0,100,2.33,260,500,1007,1
2026-05-03T15:00,18.7,53,9,0,100,2.38,248,261,1006.9,1
2026-05-03T16:00,17.2,68,11.3,1.3,95,1.93,190,196,1006.9,1
2026-05-03T17:00,16.3,73,11.4,0.1,63,3.04,207,227,1007,1
2026-05-03T18:00,16.2,72,11.2,0,45,1.81,194,125,1007.2,1
2026-05-03T19:00,16,73,11.1,0,26,1.31,230,72,1007.7,1
2026-05-03T20:00,15.6,76,11.3,0,99,1.5,240,3,1008.3,0
2026-05-03T21:00,14.9,81,11.6,0.1,43,1.6,219,0,1008.9,0
2026-05-03T22:00,14.5,84,11.7,0.1,48,1.46,202,0,1009.3,0
2026-05-03T23:00,13.9,87,11.7,0,26,1.59,226,0,1009.4,0
2026-05-04T00:00,12.9,91,11.5,0,78,1.04,325,0,1009.9,0
2026-05-04T01:00,12.8,90,11.2,0.1,58,2.15,239,0,1010,0
2026-05-04T02:00,12.6,91,11.3,0,12,1.2,270,0,1009.9,0
2026-05-04T03:00,12.2,94,11.3,0,30,1.22,251,0,1009.9,0
2026-05-04T04:00,11.7,97,11.3,0,100,1.2,318,0,1010.2,0
2026-05-04T05:00,11.6,96,11,0,100,1.77,16,5,1010.5,1
2026-05-04T06:00,11.8,92,10.5,0,100,2.22,31,37,1011.1,1
2026-05-04T07:00,12.1,88,10.2,0,100,2.09,33,88,1011.7,1
2026-05-04T08:00,12.6,84,10,0,100,2.14,37,120,1012.3,1
2026-05-04T09:00,13.3,80,9.9,0,100,1.98,43,186,1012.6,1
2026-05-04T10:00,14,76,9.8,0,100,1.84,49,199,1012.5,1
2026-05-04T11:00,14.8,72,9.9,0.1,100,1.62,56,252,1012.6,1
2026-05-04T12:00,15.1,69,9.4,0.1,100,1.66,46,321,1012.7,1
2026-05-04T13:00,15.8,67,9.7,0,100,1.79,54,355,1012.4,1
2026-05-04T14:00,16.3,65,9.6,0.1,100,1.91,47,357,1012.3,1
2026-05-04T15:00,16.3,65,9.8,0,73,1.9,30,324,1012.1,1
2026-05-04T16:00,16.3,65,9.7,0,66,2.8,31,245,1011.9,1
2026-05-04T17:00,15.9,66,9.6,0,100,2.88,34,188,1011.7,1
2026-05-04T18:00,15.1,68,9.3,0,33,2.59,41,145,1012,1
2026-05-04T19:00,14.7,70,9.3,0,38,2.19,43,63,1012.3,1
2026-05-04T20:00,14.2,74,9.6,0,52,1.94,35,4,1012.7,0
2026-05-04T21:00,13.8,77,9.8,0,99,1.79,30,0,1012.9,0
2026-05-04T22:00,13.3,80,10,0,100,1.95,40,0,1012.9,0
2026-05-04T23:00,12.7,84,10,0,100,1.87,46,0,1012.8,0
2026-05-05T00:00,12.6,82,9.6,0,100,1.97,36,0,1012.7,0
2026-05-05T01:00,12.4,83,9.6,0,100,1.72,36,0,1012.3,0
2026-05-05T02:00,12.1,85,9.6,0,100,1.67,49,0,1011.9,0
2026-05-05T03:00,11.8,86,9.5,0,91,1.39,52,0,1011.6,0
2026-05-05T04:00,11.4,88,9.5,0,78,1.43,36,0,1011.4,0
2026-05-05T05:00,11.3,85,8.9,0,99,1.53,19,5,1011.6,1
2026-05-05T06:00,11.6,83,8.8,0,98,1.92,7,42,1011.6,1
2026-05-05T07:00,12,76,7.9,0,100,2.55,11,95,1011.4,1
2026-05-05T08:00,12.7,68,7,0,100,2.77,20,242,1011.2,1
2026-05-05T09:00,13.2,66,6.9,0.1,100,3.01,32,291,1011.1,1
2026-05-05T10:00,14.2,60,6.5,0,100,2.69,45,427,1010.8,1
2026-05-05T11:00,15.6,51,5.6,0,100,2.65,58,578,1010.4,1
2026-05-05T12:00,16.3,48,5.2,0,100,2.79,54,451,1010.1,1
2026-05-05T13:00,16.5,47,5.1,0,100,2.66,49,462,1010.1,1
2026-05-05T14:00,16,50,5.5,0,100,2.83,48,256,1010,1
2026-05-05T15:00,16,51,5.8,0,100,2.83,44,223,1009.8,1
2026-05-05T16:00,15.7,53,6.1,0,100,3.01,47,214,1009.7,1
2026-05-05T17:00,15.1,57,6.6,0,99,3.05,50,155,1009.5,1
2026-05-05T18:00,15.1,56,6.4,0,100,2.58,44,82,1009.6,1
2026-05-05T19:00,14.3,60,6.7,0,100,3.36,33,30,1009.7,1
2026-05-05T20:00,12.6,76,8.4,0.1,85,3.09,23,3,1010.3,0
2026-05-05T21:00,11.9,79,8.3,0.3,99,3.68,43,0,1010.8,0
2026-05-05T22:00,11.4,81,8.3,0.2,100,3.54,43,0,1010.8,0
2026-05-05T23:00,10.9,82,7.9,0.4,100,3.48,39,0,1011.1,0
2026-05-06T00:00,10.7,76,6.5,0,98,3.36,30,0,1011.2,0
2026-05-06T01:00,10,75,5.7,0,63,3.54,29,0,1011,0
2026-05-06T02:00,9.3,78,5.7,0,85,3.31,27,0,1010.8,0
2026-05-06T03:00,9.1,79,5.6,0,100,2.68,14,0,1010.7,0
2026-05-06T04:00,8.8,77,5.1,0,70,2.71,12,0,1010.6,0
2026-05-06T05:00,8.4,77,4.6,0,15,2.81,12,6,1010.6,1
2026-05-06T06:00,8.5,73,3.9,0,50,2.9,359,91,1010.8,1
2026-05-06T07:00,8.8,71,3.9,0,35,3.05,359,186,1011,1
2026-05-06T08:00,9.8,66,3.7,0,20,3.55,358,348,1011.2,1
2026-05-06T09:00,11.1,54,2.3,0,41,3.91,4,518,1011.3,1
2026-05-06T10:00,12.4,46,0.9,0,66,4.03,7,607,1011.1,1
2026-05-06T11:00,12.2,53,3,0,100,4.11,21,488,1011.2,1
2026-05-06T12:00,12.3,54,3.3,0.1,100,3.78,15,467,1011.3,1
2026-05-06T13:00,12.9,51,2.9,0,80,3.13,13,369,1011.3,1
2026-05-06T14:00,13.3,48,2.6,0,100,3,15,388,1011.1,1
2026-05-06T15:00,13.1,53,3.6,0.1,99,3.01,15,322,1011.2,1
2026-05-06T16:00,13.1,51,3.2,0,100,2.6,11,176,1011.1,1
2026-05-06T17:00,12.9,51,3,0,100,2.91,12,176,1011.2,1
2026-05-06T18:00,12,58,4.1,0,98,2.88,20,59,1011.5,1
2026-05-06T19:00,11.9,58,3.9,0,100,2.8,11,22,1011.9,1
2026-05-06T20:00,11.2,62,4.1,0,100,2.61,17,4,1012.5,0
2026-05-06T21:00,10.2,69,4.8,0,100,2.44,19,0,1013,0
2026-05-06T22:00,9.5,75,5.4,0,100,2.31,18,0,1013.2,0
2026-05-06T23:00,9.2,79,5.7,0,100,1.64,12,0,1013.4,0
2026-05-07T00:00,8.8,81,5.8,0,17,1.5,360,0,1013.4,0
2026-05-07T01:00,8.2,85,5.9,0,8,1.55,360,0,1013.4,0
2026-05-07T02:00,7.8,88,6,0,36,1.17,10,0,1013.5,0
2026-05-07T03:00,7.5,91,6.1,0,41,1.39,38,0,1013.5,0
2026-05-07T04:00,7.5,92,6.3,0.1,38,1.32,53,0,1013.7,0
2026-05-07T05:00,7.7,92,6.6,0,39,1.23,78,7,1014,1
2026-05-07T06:00,8.2,90,6.6,0,43,1.05,95,80,1014.3,1
2026-05-07T07:00,9.5,83,6.8,0,58,1.02,101,234,1014.5,1
2026-05-07T08:00,10.9,74,6.5,0,42,1.22,125,363,1014.6,1
2026-05-07T09:00,11.8,64,5.3,0.1,97,0.96,133,393,1014.7,1
2026-05-07T10:00,12.9,55,4.1,0.1,91,1.36,163,471,1014.8,1
2026-05-07T11:00,13.6,52,4,0.1,100,1.42,162,498,1014.5,1
2026-05-07T12:00,14,53,4.5,0,97,1.71,142,336,1014.4,1
2026-05-07T13:00,14.3,51,4.2,0,66,1.49,140,336,1014.2,1
2026-05-07T14:00,14.9,46,3.5,0,98,1.23,159,383,1014,1
2026-05-07T15:00,15,45,3.2,0,100,1.21,150,311,1013.6,1
2026-05-07T16:00,14.9,46,3.5,0,75,1.38,131,256,1013.6,1
2026-05-07T17:00,14.7,48,3.9,0,89,1.88,115,220,1013.4,1
2026-05-07T18:00,13.4,59,5.6,0,98,3,114,118,1013.6,1
2026-05-07T19:00,12.5,66,6.4,0,97,3.42,117,49,1014.1,1
2026-05-07T20:00,12,70,6.7,0,79,2.65,133,3,1014.5,0
2026-05-07T21:00,11.9,71,6.9,0,93,1.94,125,0,1014.9,0
2026-05-07T22:00,11.5,74,7.1,0,83,1.3,90,0,1015,0
2026-05-07T23:00,11.1,77,7.2,0,16,1.59,77,0,1014.9,0
2026-05-08T00:00,10.3,81,7.1,0,4,1.77,74,0,1014.6,0
2026-05-08T01:00,9.8,84,7.2,0,7,1.47,80,0,1014.5,0
2026-05-08T02:00,9.2,87,7.2,0,4,1.58,72,0,1014.4,0
2026-05-08T03:00,8.7,90,7.2,0,37,1.48,62,0,1014.4,0
2026-05-08T04:00,8.3,93,7.3,0,98,1.97,66,0,1014.3,0
2026-05-08T05:00,8.3,95,7.5,0,100,1.96,75,8,1014.6,1
2026-05-08T06:00,9.3,91,7.9,0,100,1.89,78,66,1014.8,1
2026-05-08T07:00,10.6,86,8.3,0,100,1.59,77,157,1015,1
2026-05-08T08:00,11.3,83,8.5,0,100,1.68,80,132,1015.2,1
2026-05-08T09:00,12.9,73,8.2,0,92,1.86,95,240,1015.3,1
2026-05-08T10:00,14.7,60,6.9,0,87,2.21,108,380,1015.4,1
2026-05-08T11:00,16,50,5.6,0,84,2.36,111,460,1015.2,1
2026-05-08T12:00,16.8,43,4.3,0,100,1.82,122,510,1015.1,1
2026-05-08T13:00,16.4,45,4.3,0,99,1.93,127,149,1015.1,1
2026-05-08T14:00,16.8,44,4.4,0,60,1.71,111,227,1014.9,1
2026-05-08T15:00,17.9,40,4,0,47,2.11,104,442,1014.5,1
2026-05-08T16:00,18.5,39,4.2,0,63,1.99,102,452,1014.3,1
2026-05-08T17:00,18.1,41,4.5,0,100,2.3,90,295,1014.4,1
2026-05-08T18:00,17.3,44,4.8,0,84,2.9,89,183,1014.8,1
2026-05-08T19:00,16.2,49,5.6,0,47,3.01,95,82,1015.3,1
2026-05-08T20:00,15.2,51,5.3,0,13,2.67,84,7,1016,0
2026-05-08T21:00,14.4,52,4.6,0,100,2.52,83,0,1016.4,0
2026-05-08T22:00,13.7,55,4.8,0,98,2.31,85,0,1016.6,0
2026-05-08T23:00,12.8,63,6,0,100,2.45,78,0,1017,0
2026-05-09T00:00,11.5,74,7,0,99,2.33,75,0,1016.7,0
2026-05-09T01:00,10.9,78,7.2,0,2,2.39,70,0,1016.6,0
2026-05-09T02:00,10.3,82,7.3,0,92,2.35,66,0,1016.5,0
2026-05-09T03:00,9.9,84,7.4,0,100,2.37,55,0,1016.4,0
2026-05-09T04:00,9.6,84,7,0,97,2.32,53,0,1016.3,0
2026-05-09T05:00,9.5,82,6.5,0,35,2.35,52,12,1016.3,1
2026-05-09T06:00,10.6,77,6.7,0,99,2.09,48,109,1016.5,1
2026-05-09T07:00,12.3,68,6.6,0,100,1.87,56,255,1016.6,1
2026-05-09T08:00,14.5,60,6.7,0,100,1.97,66,406,1016.7,1
2026-05-09T09:00,16.7,52,6.7,0,97,2.3,63,565,1016.5,1
2026-05-09T10:00,18.4,43,5.5,0,97,2.78,72,688,1016.3,1
2026-05-09T11:00,19.2,39,5,0,100,3.03,77,710,1016,1
2026-05-09T12:00,20,34,3.8,0,70,2.96,78,714,1015.3,1
2026-05-09T13:00,20.8,33,3.8,0,34,3.34,71,706,1014.8,1
2026-05-09T14:00,21.1,32,3.7,0,14,3.57,79,722,1014.4,1
2026-05-09T15:00,20.9,32,3.7,0,37,3.56,86,637,1014.4,1
2026-05-09T16:00,20.1,33,3.5,0,13,3.6,91,488,1014.5,1
2026-05-09T17:00,19.3,35,3.5,0,70,4.11,72,364,1014.1,1
2026-05-09T18:00,18.3,36,3,0,91,4.08,67,247,1014.5,1
2026-05-09T19:00,17,36,2,0,99,3.73,83,90,1015.1,1
2026-05-09T20:00,16.1,33,-0.1,0,100,3.59,74,7,1015.4,0
2026-05-09T21:00,15.2,36,0.4,0,75,3.58,67,0,1015.8,0
2026-05-09T22:00,14.4,39,0.8,0,99,3.46,59,0,1016.1,0
2026-05-09T23:00,13.5,46,2,0,100,3.57,44,0,1016.4,0
2026-05-10T00:00,11.8,65,5.3,0,100,3.84,39,0,1016.3,0
2026-05-10T01:00,11,72,6.2,0,91,3.83,33,0,1016.1,0
2026-05-10T02:00,10.2,81,7.1,0,100,3.98,28,0,1016.1,0
2026-05-10T03:00,9.7,86,7.5,0,100,3.94,27,0,1016.1,0
2026-05-10T04:00,9.3,86,7.1,0,100,4.05,29,0,1015.9,0
2026-05-10T05:00,9.2,83,6.4,0,100,3.56,29,8,1015.7,1
2026-05-10T06:00,9.8,82,6.9,0,100,4.31,35,78,1015.7,1
2026-05-10T07:00,10.6,75,6.4,0,100,5.24,38,120,1016,1
2026-05-10T08:00,11.4,68,5.7,0,100,5.32,41,154,1015.9,1
2026-05-10T09:00,12.4,59,4.6,0,100,5.52,44,245,1015.8,1
2026-05-10T10:00,13.6,51,3.8,0,100,5.48,45,357,1015.4,1
2026-05-10T11:00,13.6,54,4.5,0,100,5.54,40,340,1015.2,1
2026-05-10T12:00,12.2,65,5.8,0,100,4.76,40,350,1015.1,1
2026-05-10T13:00,12.2,63,5.3,0.3,100,4.67,44,149,1014.8,1
2026-05-10T14:00,12.8,58,4.7,0,100,4.63,44,255,1014.3,1
2026-05-10T15:00,13.1,53,3.7,0,100,4.53,47,253,1013.8,1
2026-05-10T16:00,13.5,49,2.9,0,100,4.62,50,258,1013.1,1
2026-05-10T17:00,13.1,49,2.6,0,100,4.63,45,222,1012.4,1
2026-05-10T18:00,12.5,50,2.5,0,100,4.36,37,147,1012.2,1
2026-05-10T19:00,11.7,51,2,0,98,4.51,36,59,1012,1
2026-05-10T20:00,10.8,53,1.5,0,80,4.44,34,7,1012,0
2026-05-10T21:00,9.8,54,0.9,0,66,4.36,32,0,1012.2,0
2026-05-10T22:00,8.7,57,0.7,0,0,3.72,33,0,1012,0
2026-05-10T23:00,7.8,60,0.5,0,0,3.09,27,0,1011.7,0
2026-05-11T00:00,6.4,62,-0.3,0,0,1.82,37,0,1011.2,0
2026-05-11T01:00,5.9,67,0.2,0,0,1.69,348,0,1010.6,0
2026-05-11T02:00,5.5,69,0.3,0,0,1.44,326,0,1009.9,0
2026-05-11T03:00,5,71,0.2,0,0,1.78,302,0,1009.6,0
2026-05-11T04:00,4.7,71,-0.1,0,0,2.03,280,0,1009.1,0
2026-05-11T05:00,4.9,69,-0.5,0,1,2.4,272,15,1008.8,1
2026-05-11T06:00,6.4,69,1.1,0,5,2.86,303,117,1008.6,1
2026-05-11T07:00,8.4,71,3.3,0,34,2.62,312,261,1008.6,1
2026-05-11T08:00,9.8,69,4.4,0,100,4.14,335,316,1008.6,1
2026-05-11T09:00,10,70,4.7,0.1,100,3.93,345,220,1008.7,1
2026-05-11T10:00,10.5,68,4.8,0.1,100,3.06,345,227,1008.9,1
2026-05-11T11:00,10.3,66,4.2,0,100,2.96,5,202,1009.3,1
2026-05-11T12:00,9.9,65,3.7,0.3,100,3.41,11,176,1009.8,1
2026-05-11T13:00,9.2,69,3.8,0.2,100,3.09,14,134,1010.3,1
2026-05-11T14:00,10.2,61,3,0,40,2.97,6,230,1010.3,1
2026-05-11T15:00,11.7,50,1.6,0,48,3.32,353,476,1010.4,1
2026-05-11T16:00,12,46,0.6,0,38,3.62,354,389,1010.7,1
2026-05-11T17:00,11.7,46,0.6,0,73,3.25,3,273,1011.2,1
2026-05-11T18:00,11.6,44,-0.2,0,94,2.73,8,192,1011.7,1
2026-05-11T19:00,10.8,46,-0.4,0,73,2.62,18,100,1012.2,1
2026-05-11T20:00,10.1,50,0.1,0,42,2.08,27,9,1012.7,0
2026-05-11T21:00,9.4,55,0.8,0,3,1.7,28,0,1013.3,0
2026-05-11T22:00,8.5,61,1.5,0,5,1.73,44,0,1013.8,0
2026-05-11T23:00,7.7,66,1.8,0,1,1.52,63,0,1014.2,0
2026-05-12T00:00,6.2,67,0.6,0,0,0.98,156,0,1014.3,0
2026-05-12T01:00,5.8,71,0.9,0,2,0.85,177,0,1014.3,0
2026-05-12T02:00,5.3,75,1.1,0,0,0.81,210,0,1014.4,0
2026-05-12T03:00,4.9,75,0.9,0,5,1.14,232,0,1014.6,0
2026-05-12T04:00,4.3,78,0.8,0,4,1.64,239,0,1014.6,0
2026-05-12T05:00,4.2,77,0.6,0,4,1.84,237,16,1014.6,1
2026-05-12T06:00,5.7,75,1.5,0,14,1.74,252,119,1014.4,1
2026-05-12T07:00,7.7,70,2.7,0,15,1.61,254,271,1014.3,1
2026-05-12T08:00,9.8,62,3,0,38,2.43,256,443,1014,1
2026-05-12T09:00,11.4,50,1.3,0,71,3.06,264,600,1013.8,1
2026-05-12T10:00,12.6,45,1.1,0,5,3,267,691,1013.3,1
2026-05-12T11:00,14.1,45,2.4,0,82,3.34,261,807,1012.7,1
2026-05-12T12:00,15.4,43,2.8,0,98,4.2,269,692,1011.7,1
2026-05-12T13:00,15,46,3.3,0,100,4.47,275,466,1011.4,1
2026-05-12T14:00,15.3,46,3.8,0,100,4.45,269,405,1010.8,1
2026-05-12T15:00,15.5,49,4.8,0,76,4.46,273,347,1010.1,1
2026-05-12T16:00,15.1,53,5.6,0,84,4.66,274,285,1009.9,1
2026-05-12T17:00,14.6,56,5.8,0.1,41,4.65,287,292,1009.6,1
2026-05-12T18:00,14.7,54,5.5,0,34,4.2,297,208,1009.3,1
2026-05-12T19:00,13.9,53,4.5,0,64,3.44,303,101,1009.2,1
2026-05-12T20:00,12.9,55,4,0,43,2.85,292,11,1009.2,0
2026-05-12T21:00,12.1,59,4.4,0,94,2.72,263,0,1009,0
2026-05-12T22:00,11.6,60,4.2,0,65,3.2,273,0,1008.9,0
2026-05-12T23:00,10.8,60,3.3,0,1,3.05,271,0,1008.3,0
2026-05-13T00:00,9.5,63,2.8,0,5,2.62,257,0,1007.7,0
2026-05-13T01:00,8.7,67,3,0,73,3.03,248,0,1006.7,0
2026-05-13T02:00,8.6,70,3.4,0,96,3.09,241,0,1005.6,0
2026-05-13T03:00,8.9,76,4.9,0,98,3.45,236,0,1004.6,0
2026-05-13T04:00,9,80,5.7,0.1,89,4.01,247,0,1003.7,0
2026-05-13T05:00,9,81,6,0.1,37,3.8,257,11,1003.4,1
2026-05-13T06:00,9.4,74,5.1,0.1,30,3.22,258,98,1002.9,1
2026-05-13T07:00,10.4,66,4.3,0.1,32,4.31,261,240,1002.1,1
2026-05-13T08:00,11.6,60,4.1,0,47,4.7,269,439,1001.6,1
2026-05-13T09:00,11.7,58,3.6,0.2,13,4.66,261,521,1001,1
2026-05-13T10:00,13,52,3.4,0,100,5.06,273,598,1000.4,1
2026-05-13T11:00,11.6,56,3.2,0.6,28,5.11,286,416,1000.3,1
2026-05-13T12:00,11.9,61,4.6,0.1,63,5.37,279,738,999.7,1
2026-05-13T13:00,11.1,57,3,0.9,88,5.59,292,616,999.6,1
2026-05-13T14:00,13,53,3.6,0,50,4.87,297,595,999.1,1
2026-05-13T15:00,10.7,60,3.3,1.3,93,6.8,295,668,999.4,1
2026-05-13T16:00,12.8,53,3.4,0.1,86,4.8,292,388,998.8,1
2026-05-13T17:00,9.6,74,5.1,2,34,3.2,268,252,999.5,1
2026-05-13T18:00,10.5,66,4.4,0.5,41,4.48,294,233,999.8,1
2026-05-13T19:00,10.1,70,4.9,0,23,3.57,292,100,999.8,1
2026-05-13T20:00,9.4,72,4.7,0,27,3.42,297,13,1000.1,0
2026-05-13T21:00,9,72,4.2,0,6,3.46,290,0,1000.1,0
2026-05-13T22:00,8.4,73,3.8,0,4,3.62,290,0,999.9,0
2026-05-13T23:00,8,74,3.6,0,2,3.29,294,0,999.9,0
2026-05-14T00:00,7.7,79,4.2,0,36,2.97,290,0,999.8,0
2026-05-14T01:00,7.3,80,4,0.1,59,3.02,297,0,999.6,0
2026-05-14T02:00,6.9,83,4.2,0,60,2.95,294,0,999.3,0
2026-05-14T03:00,6.4,86,4.2,0.1,66,2.65,302,0,999.3,0
2026-05-14T04:00,6.1,86,3.9,0.1,83,2.82,303,0,999.5,0
2026-05-14T05:00,6.1,86,4,0.2,66,2.68,297,14,999.5,1
2026-05-14T06:00,7.6,79,4.2,0,8,3.02,320,102,999.7,1
2026-05-14T07:00,8.3,75,4,0,25,3.91,328,284,999.7,1
2026-05-14T08:00,9.1,69,3.6,0.1,20,3.83,336,387,999.9,1
2026-05-14T09:00,9.8,63,3.1,0.1,38,4.04,352,492,999.9,1
2026-05-14T10:00,10.7,64,4.1,0,39,3.51,355,619,999.9,1
2026-05-14T11:00,11.8,58,3.8,0.1,98,3.15,359,760,999.7,1
2026-05-14T12:00,10,67,4.1,0.1,93,2.86,36,564,1000,1
2026-05-14T13:00,11.5,62,4.4,0.4,97,2.35,308,677,999.5,1
2026-05-14T14:00,10.2,62,3.4,1.2,96,2.96,30,578,999.9,1
2026-05-14T15:00,10.1,64,3.7,0.2,54,1.5,94,459,999.8,1
2026-05-14T16:00,11.1,63,4.3,0.1,63,1.85,357,440,999.9,1
2026-05-14T17:00,9.7,66,3.7,1.2,27,2.02,351,257,999.9,1
2026-05-14T18:00,10.2,61,3,0,60,0.49,66,213,1000.4,1
2026-05-14T19:00,10,65,3.7,0,9,0.7,274,114,1000.5,1
2026-05-14T20:00,8.8,74,4.4,0,16,1.81,276,15,1001,0
2026-05-14T21:00,8.1,81,4.9,0,2,2.06,288,0,1001.6,0
2026-05-14T22:00,7.6,84,5,0,2,1.92,298,0,1001.9,0
2026-05-14T23:00,7.2,84,4.7,0,54,2.15,332,0,1002.1,0
2026-05-15T00:00,6.6,86,4.4,0,98,1.23,302,0,1002.4,0
2026-05-15T01:00,6.4,85,4,0,98,1.97,330,0,1002.7,0
2026-05-15T02:00,6.2,87,4.3,0,99,2.42,342,0,1002.8,0
2026-05-15T03:00,6.1,87,4.2,0,95,2.47,342,0,1003.1,0
2026-05-15T04:00,5.9,89,4.2,0,97,2.49,338,0,1003.6,0
2026-05-15T05:00,6.1,88,4.2,0,99,2.44,334,16,1004.2,1
2026-05-15T06:00,7,84,4.4,0,90,1.58,325,97,1004.6,1
2026-05-15T07:00,8.4,76,4.3,0,80,1.84,327,242,1004.9,1
2026-05-15T08:00,9.7,66,3.6,0,90,2.44,329,409,1005.3,1
2026-05-15T09:00,10.7,60,3.2,0,77,2.99,322,517,1005.5,1
2026-05-15T10:00,11.2,59,3.4,0.2,94,3.08,302,496,1005.6,1
2026-05-15T11:00,12.1,56,3.6,0.1,100,3.18,303,549,1005.3,1
2026-05-15T12:00,12.3,50,2.3,0.3,20,3.69,303,560,1005.5,1
2026-05-15T13:00,13.3,44,1.2,0.1,35,3.71,313,784,1005.3,1
2026-05-15T14:00,13.8,39,0.2,0.1,33,3.68,307,718,1005.2,1
2026-05-15T15:00,14.3,37,-0.3,0,53,3.45,304,581,1005,1
2026-05-15T16:00,14.5,35,-1,0,97,3.53,308,522,1004.7,1
2026-05-15T17:00,13.9,36,-0.8,0,93,3.11,315,312,1004.9,1
2026-05-15T18:00,13.4,36,-1.3,0,25,2.76,348,173,1005,1
2026-05-15T19:00,12.7,42,0,0,94,1.82,9,101,1005.2,1
2026-05-15T20:00,11.5,52,1.9,0,74,1.3,23,13,1005.7,0
2026-05-15T21:00,11,56,2.5,0,74,0.87,31,0,1006.2,0
2026-05-15T22:00,10.7,60,3.3,0,68,0.07,315,0,1006.3,0
2026-05-15T23:00,9.4,62,2.5,0,44,1.68,307,0,1006.3,0
2026-05-16T00:00,8.9,62,2,0,95,2.39,323,0,1006.2,0
2026-05-16T01:00,8.3,60,1.1,0,81,2.11,324,0,1006.3,0
2026-05-16T02:00,7.5,64,1.2,0,88,2.12,297,0,1006.3,0
2026-05-16T03:00,6.9,66,1,0,20,1.98,286,0,1006.2,0
2026-05-16T04:00,6.2,68,0.8,0,2,2.21,283,0,1006.3,0
2026-05-16T05:00,6,70,1,0,10,2.01,276,24,1006.5,1
2026-05-16T06:00,7.3,70,2.1,0,4,1.19,255,136,1006.5,1
2026-05-16T07:00,8.8,66,2.8,0,9,1.41,247,291,1006.6,1
2026-05-16T08:00,10.6,60,3.1,0,69,2.14,254,460,1006.6,1
2026-05-16T09:00,11.6,55,2.9,0.2,70,3,270,527,1006.7,1
2026-05-16T10:00,12.4,53,3,0,51,3.4,267,515,1006.5,1
2026-05-16T11:00,12.8,55,3.9,0.1,91,3.7,270,554,1006.6,1
2026-05-16T12:00,14.7,45,2.8,0,91,3.47,264,451,1006.3,1
2026-05-16T13:00,14.7,45,3,0.1,96,3.76,256,522,1006.3,1
2026-05-16T14:00,14.8,47,3.6,0,100,3.58,242,395,1006.1,1
2026-05-16T15:00,15,47,3.8,0,100,4.12,246,295,1005.9,1
2026-05-16T16:00,14,56,5.3,0,100,4.18,244,122,1005.9,1
2026-05-16T17:00,13.3,63,6.5,0,100,3.91,231,103,1005.9,1
2026-05-16T18:00,12.5,71,7.4,0.3,100,3.36,227,84,1006,1
2026-05-16T19:00,11.9,78,8.1,0.6,100,2.62,225,17,1005.9,1
2026-05-16T20:00,11.6,84,8.9,0.2,99,2.55,227,5,1006.3,0
2026-05-16T21:00,11.4,85,9,0,96,2.77,221,0,1006.6,0
2026-05-16T22:00,11.3,87,9.2,0,48,2.87,220,0,1006.4,0
2026-05-16T23:00,11.1,88,9.2,0,33,2.86,224,0,1006.2,0
2026-05-17T00:00,10.4,93,9.3,0.1,79,2.41,222,0,1006.2,0
2026-05-17T01:00,10.2,94,9.3,0.6,84,2.5,237,0,1005.9,0
2026-05-17T02:00,10.2,94,9.3,0.2,89,2.58,238,0,1006,0
2026-05-17T03:00,9.6,96,9,0,87,2.44,239,0,1006,0
2026-05-17T04:00,9.1,96,8.5,0,98,2.42,243,0,1006.3,0
2026-05-17T05:00,8.9,96,8.3,0,99,2.38,240,19,1006.6,1
2026-05-17T06:00,9.7,94,8.8,0,100,2.06,241,104,1007.3,1
2026-05-17T07:00,10.8,86,8.6,0,100,2.47,256,214,1007.7,1
2026-05-17T08:00,12.1,77,8.2,0,99,2.28,261,359,1008,1
2026-05-17T09:00,13.4,63,6.6,0,100,2.43,262,451,1008.2,1
2026-05-17T10:00,14.3,54,5,0,100,2.96,258,531,1008.3,1
2026-05-17T11:00,15,49,4.4,0,100,3.3,256,655,1008.5,1
2026-05-17T12:00,16,42,3.1,0,100,3.32,252,686,1008.3,1
2026-05-17T13:00,16.1,40,2.6,0,98,3.29,250,641,1008.1,1
2026-05-17T14:00,16.2,39,2.3,0,86,3.11,251,622,1008.1,1
2026-05-17T15:00,16.5,38,2,0,99,3.48,258,624,1007.9,1
2026-05-17T16:00,15.5,42,2.5,0,99,4.1,261,410,1008.1,1
2026-05-17T17:00,13.2,56,4.5,0,96,4.51,253,224,1008.6,1
2026-05-17T18:00,13.4,54,4.2,0.7,96,3.35,256,148,1008.8,1
2026-05-17T19:00,12.4,60,5,0,66,2.9,255,98,1008.8,1
2026-05-17T20:00,11.6,68,5.8,0,20,2.69,239,15,1009.1,0
2026-05-17T21:00,10.8,75,6.5,0,69,2.43,238,0,1009.5,0
2026-05-17T22:00,10.1,78,6.5,0,43,2.49,232,0,1009.5,0
2026-05-17T23:00,9.4,79,6,0,15,2.49,240,0,1009.6,0
2026-05-18T00:00,8.8,85,6.4,0,16,2.15,245,0,1009.5,0
2026-05-18T01:00,8.1,89,6.4,0,87,1.85,232,0,1009.3,0
2026-05-18T02:00,7.7,91,6.4,0,100,2.09,213,0,1009.1,0
2026-05-18T03:00,7.8,91,6.4,0,98,2.25,217,0,1009.1,0
2026-05-18T04:00,7.7,91,6.4,0.1,97,2.44,224,0,1009.1,0
2026-05-18T05:00,8,90,6.4,0.1,98,2.37,222,15,1009.4,1
2026-05-18T06:00,9.1,84,6.6,0.1,77,2.32,217,80,1009.5,1
2026-05-18T07:00,10.4,76,6.4,0.1,25,3.01,228,246,1009.8,1
2026-05-18T08:00,11.8,64,5.3,0,21,3.29,240,422,1009.9,1
2026-05-18T09:00,12.7,58,4.5,0.1,52,4.01,239,534,1010.1,1
2026-05-18T10:00,13.2,59,5.4,0.1,16,3.98,231,479,1010.2,1
2026-05-18T11:00,14.2,56,5.5,0,100,4.08,237,631,1010.4,1
2026-05-18T12:00,14.2,51,4.2,1.3,38,5.14,229,360,1010.5,1
2026-05-18T13:00,15,49,4.5,0.1,87,4.43,229,737,1010,1
2026-05-18T14:00,13.2,65,6.8,0.6,69,4.26,219,525,1010.5,1
2026-05-18T15:00,13.6,63,6.6,0,75,4.44,219,387,1010.4,1
2026-05-18T16:00,13.3,63,6.4,0.4,80,5.06,222,393,1010.5,1
2026-05-18T17:00,12.9,66,6.6,0,91,4.9,220,202,1010.8,1
2026-05-18T18:00,12.9,66,6.6,0,99,4.12,209,172,1010.8,1
2026-05-18T19:00,12.3,66,6.2,0,99,3.42,205,42,1010.8,1
2026-05-18T20:00,12.2,65,5.8,0,94,3.05,201,9,1010.9,0
2026-05-18T21:00,11.8,66,5.8,0,100,3.19,197,0,1010.8,0
2026-05-18T22:00,11.2,73,6.6,0,100,3.05,177,0,1010.8,0
2026-05-18T23:00,11.2,78,7.5,0,100,3.07,173,0,1010.4,0
2026-05-19T00:00,11.3,82,8.4,0.1,100,3.22,168,0,1009.9,0
2026-05-19T01:00,11.4,85,8.9,0.1,100,3.52,169,0,1009.2,0
2026-05-19T02:00,11.4,87,9.3,0.3,100,3.77,169,0,1008.4,0
2026-05-19T03:00,11.5,89,9.7,0.5,100,4.12,174,0,1007.8,0
2026-05-19T04:00,11.4,91,10,1,100,4.71,176,0,1007.3,0
2026-05-19T05:00,11.4,92,10.1,0.6,100,4.89,172,6,1007.1,1
2026-05-19T06:00,12.2,88,10.4,0.2,100,4.83,173,14,1006.4,1
2026-05-19T07:00,12.7,89,10.8,0.1,100,4,171,91,1006.1,1
2026-05-19T08:00,13.7,83,10.8,0.1,100,6.77,184,195,1005.8,1
2026-05-19T09:00,14,83,11.1,0,100,5.9,187,191,1005.9,1
2026-05-19T10:00,15.4,76,11.1,0.1,56,5.85,197,258,1005.7,1
2026-05-19T11:00,17.2,65,10.5,0,73,5.77,208,622,1005.6,1
2026-05-19T12:00,17.8,62,10.5,0.1,84,5.74,218,700,1005.6,1
2026-05-19T13:00,17.5,65,10.8,0.1,79,5.6,217,690,1005.8,1
2026-05-19T14:00,17,66,10.6,0.4,69,5.96,213,494,1006.1,1
2026-05-19T15:00,16.5,73,11.6,0,99,6.08,206,390,1006.1,1
2026-05-19T16:00,16,75,11.5,0,86,6.24,208,301,1006.2,1
2026-05-19T17:00,15.8,71,10.5,0.2,39,5.49,218,221,1006.5,1
2026-05-19T18:00,15.6,70,10.1,0.1,53,5.62,216,229,1006.8,1
2026-05-19T19:00,14.7,75,10.4,0.1,17,5.28,215,104,1007.1,1
2026-05-19T20:00,13.8,80,10.4,0,20,5.12,214,18,1007.7,0
2026-05-19T21:00,13.3,81,10.1,0,22,5.06,215,0,1008.3,0
2026-05-19T22:00,12.9,82,9.9,0,44,5,221,0,1008.6,0
2026-05-19T23:00,12.7,83,9.8,0,98,5,221,0,1009,0
2026-05-20T00:00,12.9,82,9.9,0,41,4.99,225,0,1009,0
2026-05-20T01:00,12.3,86,9.9,0.4,66,4.74,228,0,1009.4,0
2026-05-20T02:00,12.3,87,10.2,0.1,49,4.63,225,0,1009.8,0
2026-05-20T03:00,12,88,10,0.2,84,4.45,232,0,1010.3,0
2026-05-20T04:00,11.9,87,9.7,0.2,31,4.06,232,0,1011,0
2026-05-20T05:00,11.8,86,9.5,0,27,4.24,236,25,1011.9,1
2026-05-20T06:00,12.7,81,9.6,0,22,4.09,235,135,1012.8,1
2026-05-20T07:00,13.7,75,9.3,0,51,5.48,243,266,1013.8,1
2026-05-20T08:00,14.6,69,8.9,0,35,5.18,248,378,1014.5,1
2026-05-20T09:00,15.8,61,8.3,0,98,5.44,251,509,1015.2,1
2026-05-20T10:00,16,62,8.7,0,97,4.53,248,324,1015.8,1
2026-05-20T11:00,17.1,57,8.4,0,98,5.46,244,393,1016,1
2026-05-20T12:00,18.4,51,7.9,0,65,6.01,250,545,1016.5,1
2026-05-20T13:00,18.8,53,8.9,0,83,5.84,249,614,1016.9,1
2026-05-20T14:00,19.2,51,8.8,0,76,6.13,254,466,1017.3,1
2026-05-20T15:00,18.9,58,10.4,0,76,5.73,246,523,1018.2,1
2026-05-20T16:00,18.3,62,11,0.1,62,4.83,244,289,1018.6,1
2026-05-20T17:00,18.5,63,11.3,0,42,5.19,251,313,1018.8,1
2026-05-20T18:00,18,63,10.8,0,25,4.36,261,236,1019.9,1
2026-05-20T19:00,16.9,70,11.3,0,55,3.2,256,115,1020.6,1
2026-05-20T20:00,15.9,77,11.9,0,88,3.03,239,19,1021.4,0
2026-05-20T21:00,15.1,83,12.2,0,76,3.04,237,0,1022.4,0
2026-05-20T22:00,14.3,86,12,0,60,2.95,231,0,1022.8,0
2026-05-20T23:00,13.4,88,11.4,0,27,2.74,232,0,1023.1,0
2026-05-21T00:00,12.6,89,10.9,0,22,2.23,220,0,1023.2,0
2026-05-21T01:00,12,90,10.4,0,69,2.38,219,0,1023.5,0
2026-05-21T02:00,11.5,91,10,0,74,2.56,219,0,1023.7,0
2026-05-21T03:00,11.1,91,9.8,0,92,2.61,212,0,1023.8,0
2026-05-21T04:00,11,91,9.7,0,100,2.84,214,0,1024,0
2026-05-21T05:00,11.5,91,10.1,0,98,2.96,217,25,1024.1,1
2026-05-21T06:00,13.6,85,11,0,100,3.15,226,112,1024.2,1
2026-05-21T07:00,14.9,80,11.5,0,99,3.64,217,216,1024.8,1
2026-05-21T08:00,16,73,11.2,0,100,4.25,217,302,1025.2,1
2026-05-21T09:00,16.4,72,11.4,0,100,3.51,206,275,1025,1
2026-05-21T10:00,17.1,69,11.4,0,88,3.44,208,362,1025,1
2026-05-21T11:00,19.8,59,11.4,0,62,3.52,215,713,1024.6,1
2026-05-21T12:00,21.7,54,12,0,76,2.96,217,794,1024.2,1
2026-05-21T13:00,22.4,52,12,0,80,2.71,218,685,1023.7,1
2026-05-21T14:00,23,49,11.8,0,77,2.52,219,591,1023.5,1
2026-05-21T15:00,23.2,49,11.9,0,100,2.63,213,537,1023.5,1
2026-05-21T16:00,22.5,54,12.6,0,80,3.34,199,404,1023.5,1
2026-05-21T17:00,21.2,59,12.9,0,54,3.07,196,317,1023.7,1
2026-05-21T18:00,21.4,55,12.1,0,81,2.57,188,253,1023.5,1
2026-05-21T19:00,20.4,57,11.7,0,63,2.86,184,118,1023.6,1
2026-05-21T20:00,18.8,63,11.7,0,52,2.11,176,23,1023.6,0
2026-05-21T21:00,18,64,11,0,62,2.16,167,0,1023.8,0
2026-05-21T22:00,17.5,58,9.2,0,4,2.31,162,0,1023.7,0
2026-05-21T23:00,16.8,60,9,0,1,2.24,156,0,1023.8,0
2026-05-22T00:00,16.3,66,10,0,0,2.16,140,0,1023.7,0
2026-05-22T01:00,16,68,10.2,0,0,2.66,140,0,1023.5,0
2026-05-22T02:00,15.6,71,10.5,0,0,2.73,140,0,1023.2,0
2026-05-22T03:00,15.3,74,10.6,0,0,2.68,143,0,1023.1,0
2026-05-22T04:00,15,76,10.8,0,0,2.69,149,0,1023,1
2026-05-22T05:00,15.4,75,11.1,0,25,2.5,160,31,1023.3,1
2026-05-22T06:00,17.4,69,11.6,0,8,1.66,147,147,1023.5,1
2026-05-22T07:00,19.3,63,12.1,0,28,1.95,151,295,1023.7,1
2026-05-22T08:00,21.3,58,12.8,0,29,2.35,153,445,1023.6,1
2026-05-22T09:00,23.3,53,13.3,0,48,2.96,161,597,1023.4,1
2026-05-22T10:00,24.7,47,12.6,0,71,3.72,169,719,1023.2,1
2026-05-22T11:00,25.7,43,12.2,0,95,3.87,174,808,1023.1,1
2026-05-22T12:00,27,39,11.7,0,79,3.85,178,842,1022.5,1
2026-05-22T13:00,27.4,37,11.4,0,62,3.86,184,847,1022.2,1
2026-05-22T14:00,27.7,36,11.3,0,49,3.93,187,794,1022.1,1
2026-05-22T15:00,27.6,36,11.1,0,50,4.01,190,706,1022,1
2026-05-22T16:00,27.3,36,10.9,0,23,3.98,192,583,1021.9,1
2026-05-22T17:00,26.7,37,10.8,0,2,3.74,192,443,1021.8,1
2026-05-22T18:00,26.4,37,10.4,0,15,3.47,195,285,1021.8,1
2026-05-22T19:00,25.2,40,10.6,0,11,2.86,196,136,1022,1
2026-05-22T20:00,24,45,11.5,0,10,2.08,190,25,1022.3,0
2026-05-22T21:00,23,51,12.3,0,17,2.01,186,0,1022.6,0
2026-05-22T22:00,22.2,55,12.7,0,54,2.1,180,0,1022.5,0
2026-05-22T23:00,21.6,57,12.8,0,79,2.3,180,0,1022.3,0
2026-05-23T00:00,21.3,60,13.2,0,70,2.38,170,0,1021.9,0
2026-05-23T01:00,21,63,13.6,0,84,2.9,169,0,1021.3,0
2026-05-23T02:00,20.7,66,14.1,0,75,2.76,184,0,1021.3,0
2026-05-23T03:00,20,71,14.5,0,27,2.55,220,0,1022.1,0
2026-05-23T04:00,19.1,75,14.6,0,11,2.41,257,0,1022.9,1
2026-05-23T05:00,18.9,76,14.6,0,45,1.26,198,29,1022.6,1
2026-05-23T06:00,20.2,69,14.3,0,18,0.97,291,127,1023.2,1
2026-05-23T07:00,21.7,60,13.5,0,1,0.82,346,287,1023.5,1
2026-05-23T08:00,23.3,53,13.2,0,6,0.87,301,447,1023.9,1
2026-05-23T09:00,24.8,48,13.1,0,2,1.01,290,591,1024.1,1
2026-05-23T10:00,26.3,44,13,0,1,1.14,285,719,1024.3,1
2026-05-23T11:00,27.7,39,12.6,0,13,1.35,272,808,1024.5,1
2026-05-23T12:00,29,32,10.5,0,16,1.85,270,845,1024.7,1
2026-05-23T13:00,29.5,29,9.4,0,6,2.23,254,835,1024.6,1
2026-05-23T14:00,30,26,8.7,0,76,2.84,256,798,1024.7,1
2026-05-23T15:00,30.1,26,8.6,0,34,2.92,264,711,1024.6,1
2026-05-23T16:00,29.7,28,9.3,0,18,2.91,274,594,1024.6,1
2026-05-23T17:00,29,31,10,0,20,2.95,281,446,1024.6,1
2026-05-23T18:00,28.7,29,9.1,0,64,2.01,276,284,1024.9,1
2026-05-23T19:00,27.5,33,9.7,0,75,2.26,288,133,1025.1,1
2026-05-23T20:00,26.3,38,10.9,0,77,2.44,313,25,1025.7,0
2026-05-23T21:00,25.3,43,11.9,0,91,1.96,354,0,1026.4,0
2026-05-23T22:00,24.2,47,12.2,0,91,1.87,34,0,1026.8,0
2026-05-23T23:00,22.5,55,12.9,0,23,1.88,68,0,1026.9,0
2026-05-24T00:00,19.9,65,13.1,0,3,1.93,73,0,1027.2,0
2026-05-24T01:00,18.4,72,13.3,0,1,2.02,83,0,1027.4,0
2026-05-24T02:00,17.4,76,13.1,0,0,1.67,81,0,1027.6,0
2026-05-24T03:00,16.8,78,12.8,0,0,1.42,72,0,1027.8,0
2026-05-24T04:00,16.3,79,12.6,0,0,1.61,64,0,1027.9,1
2026-05-24T05:00,16.4,78,12.5,0,0,1.21,66,34,1028.2,1
2026-05-24T06:00,17.3,74,12.7,0,0,1.03,61,151,1028.5,1
2026-05-24T07:00,19.2,67,12.8,0,0,0.75,53,302,1028.8,1
2026-05-24T08:00,21.6,58,12.9,0,1,0.53,49,460,1029,1
2026-05-24T09:00,24.2,50,13,0,1,0.32,72,603,1029,1
2026-05-24T10:00,26.5,42,12.6,0,0,0.16,162,723,1028.8,1
2026-05-24T11:00,28.3,34,11.1,0,0,0.4,240,811,1028.8,1
2026-05-24T12:00,29.5,29,9.5,0,0,0.45,270,854,1028.3,1
2026-05-24T13:00,31,25,8.8,0,0,0.6,265,851,1028,1
2026-05-24T14:00,31.8,23,8.2,0,0,0.9,270,804,1027.6,1
2026-05-24T15:00,32.3,22,7.6,0,0,1.41,278,716,1027.3,1
2026-05-24T16:00,32.5,21,7.3,0,0,1.79,288,593,1027.1,1
2026-05-24T17:00,32.4,21,7.1,0,0,1.33,304,446,1027,1
2026-05-24T18:00,31.4,22,6.9,0,0,1.17,43,288,1027,1
2026-05-24T19:00,28.5,38,12.8,0,0,3.21,75,140,1027.1,1
2026-05-24T20:00,26.2,48,14.3,0,0,2.75,91,28,1027.7,0
2026-05-24T21:00,25.4,48,13.7,0,0,1.77,106,0,1028.4,0
2026-05-24T22:00,24.8,48,13.1,0,0,1.44,104,0,1028.7,0
2026-05-24T23:00,24,51,13.2,0,0,1.63,108,0,1028.8,0
2026-05-25T00:00,22.2,60,14.1,0,0,1.5,94,0,1028.8,0
2026-05-25T01:00,21.3,64,14.2,0,0,1.32,79,0,1028.7,0
2026-05-25T02:00,20.6,67,14.2,0,0,1.39,69,0,1028.7,0
2026-05-25T03:00,19.9,69,14.1,0,0,1.46,74,0,1028.6,0
2026-05-25T04:00,19.1,72,14,0,0,1.36,73,0,1028.6,1
2026-05-25T05:00,19.1,72,14,0,0,1.21,60,36,1028.9,1
2026-05-25T06:00,20.5,67,14.3,0,0,1,53,155,1029.2,1
2026-05-25T07:00,22.9,58,14.1,0,0,0.94,58,309,1029.4,1
2026-05-25T08:00,25.8,49,14.3,0,0,1,72,468,1029.5,1
2026-05-25T09:00,28.5,40,13.7,0,0,1.21,97,614,1029.4,1
2026-05-25T10:00,30.4,32,11.7,0,0,1.7,114,735,1029.1,1
2026-05-25T11:00,31.7,28,11.2,0,0,2.1,128,821,1029.1,1
2026-05-25T12:00,33,28,12,0,0,2.3,132,864,1028.5,1
2026-05-25T13:00,33.5,26,11.3,0,23,2.52,139,859,1028,1
2026-05-25T14:00,33.8,25,10.7,0,20,2.68,143,766,1027.7,1
2026-05-25T15:00,33.6,25,10.7,0,5,3,143,646,1027.6,1
2026-05-25T16:00,33.1,27,11.5,0,5,3.09,146,541,1027.4,1
2026-05-25T17:00,32.5,28,11.9,0,4,3.01,148,423,1027.2,1
2026-05-25T18:00,32,28,11.3,0,2,3.03,142,278,1026.9,1
2026-05-25T19:00,30.7,30,11.2,0,1,3.09,141,141,1026.9,1
2026-05-25T20:00,29.2,35,12.2,0,2,2.8,133,30,1027.1,0
2026-05-25T21:00,27.8,42,13.8,0,1,2.43,122,0,1027.5,0
2026-05-25T22:00,26.4,47,14.2,0,1,2.2,111,0,1027.6,0
2026-05-25T23:00,25.2,50,14,0,0,2.06,116,0,1027.5,0
2026-05-26T00:00,24.1,52,13.5,0,0,1.62,112,0,1027.3,0
2026-05-26T01:00,23.1,51,12.3,0,1,1.68,113,0,1026.9,0
2026-05-26T02:00,22.4,51,11.7,0,1,1.48,114,0,1026.7,0
2026-05-26T03:00,21.8,53,11.8,0,1,1.41,107,0,1026.4,0
2026-05-26T04:00,21.2,56,11.9,0,1,1.38,103,0,1026.2,1
2026-05-26T05:00,21.6,54,12,0,1,1.25,106,38,1026.4,1
2026-05-26T06:00,23.4,48,11.8,0,0,0.91,81,160,1026.3,1
2026-05-26T07:00,25.3,42,11.5,0,0,0.96,133,314,1026.1,1
2026-05-26T08:00,27.7,35,10.7,0,0,1.12,153,473,1025.8,1
2026-05-26T09:00,29.8,30,10.2,0,0,1.42,170,619,1025.6,1
2026-05-26T10:00,31.4,28,10.7,0,0,1.55,180,741,1025.2,1
2026-05-26T11:00,32.6,25,10.2,0,0,1.7,183,826,1024.9,1
2026-05-26T12:00,33.9,20,7.8,0,0,2.11,187,870,1024.2,1
2026-05-26T13:00,34.3,19,7.1,0,8,2.45,197,859,1023.5,1
2026-05-26T14:00,34.5,18,6.8,0,3,2.62,209,798,1023.1,1
2026-05-26T15:00,34.4,18,6.8,0,5,2.7,214,696,1022.7,1
2026-05-26T16:00,33.9,19,6.9,0,5,2.77,214,576,1022.3,1
2026-05-26T17:00,33.2,21,7.7,0,8,3.02,214,432,1022,1
2026-05-26T18:00,32,22,7.6,0,14,3.51,206,277,1021.8,1
2026-05-26T19:00,30.1,25,7.8,0,10,3.49,205,140,1021.8,1
2026-05-26T20:00,28.5,27,7.5,0,7,2.46,207,31,1022.3,1
2026-05-26T21:00,27.5,28,7.4,0,2,1.88,248,0,1022.9,0
2026-05-26T22:00,26.7,31,8,0,1,2.41,227,0,1022.7,0
2026-05-26T23:00,25.9,35,9.4,0,2,0.91,261,0,1022.7,0
2026-05-27T00:00,25,37,9.4,0,0,0.4,263,0,1022.6,0
2026-05-27T01:00,24.1,42,10.4,0,0,1.03,14,0,1022.6,0
2026-05-27T02:00,22.7,59,14.3,0,0,1.88,17,0,1022.5,0
2026-05-27T03:00,21.1,70,15.4,0,0,2.13,24,0,1022.6,0
2026-05-27T04:00,20,66,13.4,0,0,2.55,48,0,1022.7,1
2026-05-27T05:00,19.1,65,12.4,0,0,3.13,65,38,1023,1
2026-05-27T06:00,18.8,68,12.8,0,0,3.05,67,157,1023.6,1
2026-05-27T07:00,19.9,66,13.4,0,0,2.94,69,309,1023.7,1
2026-05-27T08:00,21.6,59,13.2,0,0,2.97,77,468,1024,1
2026-05-27T09:00,23.4,52,12.9,0,0,3.16,72,617,1024.2,1
2026-05-27T10:00,24.9,46,12.5,0,0,3.44,82,737,1023.8,1
2026-05-27T11:00,25.9,43,12.4,0,0,3.57,75,824,1023.9,1
2026-05-27T12:00,27,40,12.1,0,0,3.74,74,868,1023.7,1
2026-05-27T13:00,27.2,39,11.9,0,0,3.9,90,869,1023,1
2026-05-27T14:00,27.1,39,11.9,0,0,3.8,89,820,1022.9,1
2026-05-27T15:00,26.3,40,11.8,0,0,4,87,730,1022.6,1
2026-05-27T16:00,25,44,11.7,0,2,4.25,87,600,1022.2,1
2026-05-27T17:00,23.6,47,11.5,0,14,4.37,85,443,1022.2,1
2026-05-27T18:00,22.5,49,11.1,0,2,4.24,82,290,1022.1,1
2026-05-27T19:00,20.7,53,10.8,0,1,4.13,83,149,1021.9,1
2026-05-27T20:00,19,58,10.5,0,0,3.93,78,33,1021.9,1
2026-05-27T21:00,17.8,62,10.5,0,0,3.63,75,0,1022.1,0
2026-05-27T22:00,17.2,66,10.8,0,1,3.42,72,0,1022,0
2026-05-27T23:00,16.8,69,11.1,0,2,3.03,68,0,1022,0
2026-05-28T00:00,15.7,77,11.7,0,2,2.91,66,0,1021.3,0
2026-05-28T01:00,15.7,79,12.1,0,48,2.44,62,0,1021,0
2026-05-28T02:00,16,80,12.5,0,6,2.59,56,0,1020.4,0
2026-05-28T03:00,16.3,81,12.9,0,22,3.21,75,0,1020.5,0
2026-05-28T04:00,16.4,81,13.1,0,15,3.1,69,0,1020.3,1
2026-05-28T05:00,16.6,81,13.3,0.1,4,2.59,56,37,1020.6,1
2026-05-28T06:00,17.7,73,12.9,0,3,3.27,65,140,1020.5,1
2026-05-28T07:00,19.8,64,12.8,0,10,3.07,71,276,1020.6,1
2026-05-28T08:00,22.4,55,12.8,0,0,2.85,91,446,1020,1
2026-05-28T09:00,24.7,46,12.5,0,54,3.62,116,570,1019.7,1
2026-05-28T10:00,27.1,43,13.5,0,30,3.51,140,718,1019.1,1
2026-05-28T11:00,29.1,41,14.5,0,23,3.29,167,807,1019.2,1
2026-05-28T12:00,29.4,41,14.9,0,53,3.09,166,862,1019,1
2026-05-28T13:00,30.1,38,14.3,0,89,3.06,165,660,1018.4,1
2026-05-28T14:00,31.2,35,13.7,0,98,3.09,207,716,1018.4,1
2026-05-28T15:00,29.7,39,14.3,0.1,99,3.46,217,340,1018.6,1
2026-05-28T16:00,29.7,40,14.6,0.3,98,3.08,224,322,1018.4,1
2026-05-28T17:00,29.9,36,13.1,0,95,3.4,237,263,1018.3,1
2026-05-28T18:00,29.8,38,13.9,0,91,2.76,212,192,1017.3,1
2026-05-28T19:00,27.8,42,13.6,0,95,3.2,214,118,1017.8,1
2026-05-28T20:00,26.2,45,13.4,0,97,3.09,205,25,1017.7,1
2026-05-28T21:00,25.1,47,13,0,95,2.61,212,0,1018,0
2026-05-28T22:00,24.2,49,13,0,43,2.52,219,0,1018,0
2026-05-28T23:00,23.4,50,12.4,0,84,2.89,240,0,1018.4,0
2026-05-29T00:00,22.4,55,12.9,0,45,2.32,256,0,1018,0
2026-05-29T01:00,21.8,56,12.5,0,2,2.06,264,0,1017.6,0
2026-05-29T02:00,20.9,58,12.3,0,49,2.5,269,0,1018.1,0
2026-05-29T03:00,19.8,63,12.7,0,64,1.7,267,0,1018.2,0
2026-05-29T04:00,19.1,67,12.9,0,77,2.27,278,0,1018.4,1
2026-05-29T05:00,18.6,69,12.7,0,98,2.02,277,35,1019.1,1
2026-05-29T06:00,18.3,71,12.9,0,77,1.19,327,113,1019.1,1
2026-05-29T07:00,19.5,64,12.4,0,99,1.95,312,285,1019.7,1
2026-05-29T08:00,20,58,11.5,0,95,1.78,322,305,1020,1
2026-05-29T09:00,21.8,49,10.5,0,87,1.39,308,525,1020.3,1
2026-05-29T10:00,23.4,42,9.8,0,94,1.04,305,693,1020.3,1
2026-05-29T11:00,24.9,37,9.2,0,100,2.26,276,777,1020.7,1
2026-05-29T12:00,25.2,35,8.6,0,100,2.16,265,605,1020.9,1
2026-05-29T13:00,26,29,6.7,0,100,2.3,268,678,1020.3,1
2026-05-29T14:00,26.7,24,4.7,0,100,2.29,259,686,1020.4,1
2026-05-29T15:00,25.8,26,4.9,0,100,2.96,282,464,1020.2,1
2026-05-29T16:00,24.7,30,5.9,0,83,3.3,284,256,1020.1,1
2026-05-29T17:00,25.1,29,5.6,0,63,3.15,271,465,1020.4,1
2026-05-29T18:00,24.7,25,3.3,0,0,2.66,265,286,1020.4,1
2026-05-29T19:00,23.8,29,4.5,0,0,2.28,289,158,1020.1,1
2026-05-29T20:00,22.7,34,6,0,8,1.6,309,36,1020,1
2026-05-29T21:00,22.3,37,6.8,0,3,1.76,285,0,1020.5,0
2026-05-29T22:00,21.5,41,7.6,0,1,1.4,274,0,1020.5,0
2026-05-29T23:00,20.9,44,8.1,0,5,1.34,297,0,1020.4,0
2026-05-30T00:00,19,51,8.7,0,9,2.04,324,0,1019.9,0
2026-05-30T01:00,18.2,58,9.9,0,27,0.5,53,0,1020.2,0
2026-05-30T02:00,17.7,59,9.6,0,56,1.41,354,0,1019.9,0
2026-05-30T03:00,17.1,63,10,0,77,1.41,6,0,1019.9,0
2026-05-30T04:00,16.6,65,10.1,0,45,1.53,11,0,1019.6,1
2026-05-30T05:00,16.8,65,10.2,0,16,1.49,20,39,1019.6,1
2026-05-30T06:00,18.1,60,10.1,0,4,1.36,28,159,1019.3,1
2026-05-30T07:00,20,54,10.4,0,12,1.22,55,313,1018.9,1
2026-05-30T08:00,21.8,51,11.3,0,26,0.8,86,471,1018.7,1
2026-05-30T09:00,23.8,46,11.4,0,73,0.86,126,616,1018.3,1
2026-05-30T10:00,25.5,42,11.7,0,91,1.14,151,730,1017.6,1
2026-05-30T11:00,26.7,40,11.8,0,99,1,177,795,1017.2,1
2026-05-30T12:00,28,29,8.4,0,96,0.75,176,849,1016.6,1
2026-05-30T13:00,29,29,9.1,0,96,0.95,183,775,1015.7,1
2026-05-30T14:00,29.5,29,9.5,0,27,1.63,225,687,1014.9,1
2026-05-30T15:00,30,28,9.4,0,63,1.99,231,707,1014.7,1
2026-05-30T16:00,29.8,28,9.6,0,100,1.1,210,529,1014.5,1
2026-05-30T17:00,28.7,29,9.1,0,42,0.25,101,267,1013.8,1
2026-05-30T18:00,28.1,29,8.6,0,82,1.87,304,277,1013.3,1
2026-05-30T19:00,26.6,31,8,0,87,3.29,306,147,1013.4,1
2026-05-30T20:00,25.2,31,7,0,92,2.97,314,32,1013.7,1
2026-05-30T21:00,24.1,33,6.9,0,91,2.09,320,0,1013.9,0
2026-05-30T22:00,23,37,7.6,0,98,2.19,313,0,1014,0
2026-05-30T23:00,21.9,41,8,0,79,3.2,284,0,1014,0
2026-05-31T00:00,19.4,46,7.5,0,95,2.75,272,0,1014,0
2026-05-31T01:00,18.3,49,7.4,0,2,2.75,268,0,1013.6,0
2026-05-31T02:00,17.2,56,8.3,0,70,2.96,265,0,1013.5,0
2026-05-31T03:00,16.5,62,9.3,0,91,2.8,269,0,1013.6,0
2026-05-31T04:00,16,66,9.7,0,96,2.6,268,0,1013.7,1
2026-05-31T05:00,15.8,64,9,0,97,2.8,267,32,1014,1
2026-05-31T06:00,16.4,59,8.4,0,96,2.81,265,113,1014.1,1
2026-05-31T07:00,17.2,64,10.3,0,99,2.93,262,234,1014.1,1
2026-05-31T08:00,18.4,64,11.4,0,99,4.25,267,304,1014.1,1
2026-05-31T09:00,19.6,55,10.4,0,98,3.82,256,460,1014,1
2026-05-31T10:00,20.9,47,9.2,0,98,4.38,256,624,1013.9,1
2026-05-31T11:00,21.6,42,8.2,0,100,4.36,261,652,1014.1,1
2026-05-31T12:00,22.2,40,8,0,100,4.2,272,649,1014.1,1
2026-05-31T13:00,22.5,39,7.7,0,97,4.2,270,617,1013.8,1
2026-05-31T14:00,23,36,7.2,0,98,4,268,598,1013.8,1
2026-05-31T15:00,22.9,36,6.9,0,66,4.37,281,470,1014,1
2026-05-31T16:00,22.8,36,6.8,0,60,4.1,271,481,1014.1,1
2026-05-31T17:00,22.4,36,6.6,0,100,4.21,274,339,1013.9,1
2026-05-31T18:00,21.7,40,7.5,0,77,4.08,277,255,1014.5,1
2026-05-31T19:00,20.7,44,8.1,0,24,3.67,275,88,1014.6,1
2026-05-31T20:00,20.1,48,8.6,0,30,3.98,285,32,1015.1,1
2026-05-31T21:00,19.2,53,9.3,0,5,3.48,277,0,1015.6,0
2026-05-31T22:00,18.4,56,9.4,0,5,2.87,264,0,1015.8,0
2026-05-31T23:00,17.5,60,9.6,0,4,3.06,265,0,1015.7,0
2026-06-01T00:00,15.8,69,10.2,0,10,2.3,266,0,1015.5,0
2026-06-01T01:00,15.1,74,10.4,0,40,2.21,257,0,1015.5,0
2026-06-01T02:00,14.5,78,10.6,0,70,2.18,254,0,1015.7,0
2026-06-01T03:00,14.1,80,10.7,0,53,1.74,243,0,1015.5,0
2026-06-01T04:00,13.7,82,10.6,0,90,1.86,243,0,1015.2,1
2026-06-01T05:00,14,80,10.6,0,97,1.59,226,41,1015,1
2026-06-01T06:00,14.8,77,10.8,0,78,1.68,217,134,1014.8,1
2026-06-01T07:00,16.3,71,11,0,95,2.31,219,284,1014.7,1
2026-06-01T08:00,17.9,63,10.7,0,100,4.03,223,394,1014.2,1
2026-06-01T09:00,18.9,57,10.1,0,98,3.99,218,318,1013.7,1
2026-06-01T10:00,20,51,9.5,0,95,4.07,224,515,1013.3,1
2026-06-01T11:00,20.8,48,9.4,0,91,3.6,218,538,1013,1
2026-06-01T12:00,22.9,42,9.4,0,75,3.85,218,628,1012.2,1
2026-06-01T13:00,24.4,39,9.6,0,100,4.18,222,796,1011.1,1
2026-06-01T14:00,23.1,45,10.6,0,100,5.07,221,566,1011.1,1
2026-06-01T15:00,19.9,63,12.5,0.1,100,4.88,218,346,1011.4,1
2026-06-01T16:00,20.1,62,12.5,0,100,4.59,218,335,1010.5,1
2026-06-01T17:00,19.7,64,12.8,0,100,4.91,213,278,1009.8,1
2026-06-01T18:00,18.5,71,13.2,0,100,4.25,207,140,1009.3,1
2026-06-01T19:00,17.4,79,13.7,0.9,100,4.43,207,67,1008.7,1
2026-06-01T20:00,16.6,85,14.1,0.4,100,3.97,203,15,1008.3,1
2026-06-01T21:00,16.6,85,14,0.1,100,3.39,202,0,1007.9,0
2026-06-01T22:00,16.1,87,13.9,0.4,100,3.21,198,0,1007,0
2026-06-01T23:00,15.9,89,14.1,0.3,100,3.45,204,0,1006.2,0
2026-06-02T00:00,16.3,87,14.2,0.8,100,3.16,198,0,1005.5,0
2026-06-02T01:00,15.6,93,14.5,1.1,100,3.78,198,0,1004.5,0
2026-06-02T02:00,15.2,95,14.4,1.5,100,3.72,191,0,1003.6,0
2026-06-02T03:00,15,96,14.3,1.3,99,3.74,188,0,1002.8,0
2026-06-02T04:00,14.9,96,14.2,1.5,100,4.03,205,0,1002.3,1
2026-06-02T05:00,15.1,96,14.4,1.2,100,2.56,197,12,1001.5,1
2026-06-02T06:00,14.9,96,14.2,1.6,100,2.49,210,24,1000.9,1
2026-06-02T07:00,15.7,94,14.7,0.1,100,3.08,224,139,1001.1,1
2026-06-02T08:00,14.4,90,12.7,1.3,100,3.72,234,237,1001.1,1
2026-06-02T09:00,15.6,84,12.8,0.8,98,2.8,267,348,1001.3,1
2026-06-02T10:00,17.7,76,13.4,0.1,91,3,244,543,1001,1
2026-06-02T11:00,18.6,68,12.6,0.1,100,3.78,246,609,1001.1,1
2026-06-02T12:00,18.4,69,12.6,0.1,59,2.89,240,706,1000.8,1
2026-06-02T13:00,19.8,53,9.9,0.1,80,4.02,249,822,1000,1
2026-06-02T14:00,15.5,72,10.4,1.5,98,5.34,248,609,1001.8,1
2026-06-02T15:00,16.7,73,11.7,0.6,95,2.87,247,418,1001.6,1
2026-06-02T16:00,18.2,57,9.5,0.3,96,4.28,256,550,1001.3,1
2026-06-02T17:00,16.4,74,11.7,1.3,60,3.69,254,359,1001.7,1
2026-06-02T18:00,17.1,68,11,0.2,80,4.14,262,256,1002.5,1
2026-06-02T19:00,16.6,71,11.4,0,36,3.81,256,138,1002.8,1
2026-06-02T20:00,16,73,11.1,0,9,3.63,255,39,1003.6,1
2026-06-02T21:00,15.4,77,11.4,0,10,3.48,254,0,1004.2,0
2026-06-02T22:00,14.8,80,11.4,0,2,3.68,252,0,1004.6,0
2026-06-02T23:00,14.2,83,11.3,0,3,3.54,251,0,1004.9,0
2026-06-03T00:00,13.9,87,11.8,0,9,3.38,246,0,1004.9,0
2026-06-03T01:00,13.6,89,11.7,0,21,3.64,249,0,1005.2,0
2026-06-03T02:00,13.2,91,11.7,0,42,3.58,247,0,1005.1,0
2026-06-03T03:00,12.8,91,11.4,0,100,3.38,243,0,1005.2,0
2026-06-03T04:00,12.6,91,11.2,0,100,3.22,234,0,1004.9,1
2026-06-03T05:00,12.8,90,11.1,0,100,3.44,230,35,1005.1,1
2026-06-03T06:00,13.4,84,10.7,0,98,3.86,228,96,1004.9,1
2026-06-03T07:00,14.3,76,10.2,0,95,4.25,222,218,1004.4,1
2026-06-03T08:00,15.4,72,10.4,0,100,4.53,214,308,1003.6,1
2026-06-03T09:00,15.2,76,11,0.1,99,5.58,210,177,1003,1
2026-06-03T10:00,15.6,77,11.5,1.2,100,6.42,212,306,1002.4,1
2026-06-03T11:00,14.6,88,12.6,1.4,100,5.61,198,225,1000.9,1
2026-06-03T12:00,15.6,80,12.1,0.6,100,7.67,199,333,999.8,1
2026-06-03T13:00,16.2,80,12.8,0.2,100,7.13,195,268,998.5,1
2026-06-03T14:00,17.1,82,13.9,0.2,31,5.56,202,244,997,1
2026-06-03T15:00,19.1,66,12.6,0,41,7.64,223,681,996.2,1
2026-06-03T16:00,18.5,67,12.3,0.1,49,7.11,224,506,996.2,1
2026-06-03T17:00,17.6,68,11.7,0.2,68,7.21,224,384,996.1,1
2026-06-03T18:00,16.9,70,11.4,0.3,43,6.86,224,226,996.3,1
2026-06-03T19:00,15.8,73,11,0.1,37,6.08,226,131,996.3,1
2026-06-03T20:00,15.1,78,11.4,0,23,5.25,220,36,996.2,1
2026-06-03T21:00,14.5,81,11.2,0,38,5.44,219,0,996.2,0
2026-06-03T22:00,14.2,81,10.9,0,17,5.54,219,0,996.2,0
2026-06-03T23:00,13.8,81,10.6,0,83,5.45,218,0,995.8,0
2026-06-04T00:00,13.8,83,10.9,0,16,5.28,215,0,995.1,0
2026-06-04T01:00,13.6,82,10.7,0,34,5.27,218,0,994.7,0
2026-06-04T02:00,13.4,83,10.6,0,40,5.15,219,0,994.1,0
2026-06-04T03:00,13.3,83,10.5,0,27,5.07,221,0,993.8,0
2026-06-04T04:00,13,83,10.3,0,37,4.89,222,0,993.7,1
2026-06-04T05:00,13.2,81,10.1,0,79,4.85,221,41,993.7,1
2026-06-04T06:00,13.9,80,10.5,0.1,87,4.64,217,112,993.8,1
2026-06-04T07:00,13.8,81,10.5,0.5,87,5.12,219,168,993.8,1
2026-06-04T08:00,15,74,10.4,0.2,84,5.09,225,337,993.7,1
2026-06-04T09:00,13.7,79,10.1,0.4,96,5.77,236,446,994.2,1
2026-06-04T10:00,13.8,80,10.3,0.4,82,6.16,228,473,994.3,1
2026-06-04T11:00,15.5,74,10.9,0.8,91,4.88,225,458,994.6,1
2026-06-04T12:00,16,63,8.9,2.3,99,6.47,251,644,995.4,1
2026-06-04T13:00,17,58,8.8,0.3,40,5.75,246,594,995.3,1
2026-06-04T14:00,17.8,61,10.1,0.2,23,5.42,237,735,995.8,1
2026-06-04T15:00,15.8,74,11.2,1.2,92,4.81,242,618,997.1,1
2026-06-04T16:00,15.8,71,10.5,0.3,74,4.72,246,362,997.3,1
2026-06-04T17:00,16.5,73,11.6,1,56,4.89,252,375,997.9,1
2026-06-04T18:00,17.2,59,9,2.2,73,4.9,256,216,998.8,1
2026-06-04T19:00,16.2,65,9.7,0.1,41,4.35,253,143,999.6,1
2026-06-04T20:00,15.3,71,10,0,70,4.02,251,41,1000.7,1
2026-06-04T21:00,14.6,74,10,0,95,3.88,248,0,1001.8,0
2026-06-04T22:00,13.9,77,9.9,0,11,3.97,247,0,1002.6,0
2026-06-04T23:00,13.3,80,10,0,2,3.82,248,0,1003.1,0
2026-06-05T00:00,13.1,83,10.2,0,2,3.76,253,0,1003.7,0
2026-06-05T01:00,12.7,85,10.2,0,5,3.38,251,0,1004.4,0
2026-06-05T02:00,12.3,87,10.2,0,9,3.17,249,0,1005.2,0
2026-06-05T03:00,11.9,89,10.1,0,9,3.17,249,0,1005.9,0
2026-06-05T04:00,11.5,90,9.9,0,11,3.01,249,0,1006.7,1
2026-06-05T05:00,11.8,88,9.9,0,23,2.8,251,46,1007.5,1
2026-06-05T06:00,13.2,82,10.3,0,23,2.91,251,156,1008.2,1
2026-06-05T07:00,14.1,76,9.9,0,38,2.87,257,300,1008.8,1
2026-06-05T08:00,14.9,68,9,0,31,2.9,255,431,1009.1,1
2026-06-05T09:00,15.7,62,8.6,0.1,23,3.26,252,582,1009.6,1
2026-06-05T10:00,16.5,54,7.2,0.1,20,3.61,251,660,1009.7,1
2026-06-05T11:00,17.2,49,6.4,0,77,3.75,249,711,1009.8,1
2026-06-05T12:00,17.7,47,6.1,0,100,3.52,238,611,1010,1
2026-06-05T13:00,17,50,6.5,0,100,3.36,237,391,1010.2,1
2026-06-05T14:00,17.4,50,6.9,0,98,3.49,236,440,1010.3,1
2026-06-05T15:00,17.2,51,6.8,0,73,4.05,220,399,1010.3,1
2026-06-05T16:00,16.5,59,8.3,0.1,45,3.94,231,374,1010.4,1
2026-06-05T17:00,16.5,56,7.6,0,100,3.66,220,309,1010.3,1
2026-06-05T18:00,16.4,50,6.1,0,58,3.85,203,194,1010.2,1
2026-06-05T19:00,15.2,55,6.1,0,94,3.73,200,156,1010.3,1
2026-06-05T20:00,13.8,63,6.9,0,100,3.15,195,42,1010.6,1
2026-06-05T21:00,13,68,7.2,0,99,2.82,186,0,1010.6,0
2026-06-05T22:00,12.5,70,7.2,0,95,2.91,175,0,1010.4,0
2026-06-05T23:00,12.2,73,7.5,0,100,2.67,163,0,1009.9,0
2026-06-06T00:00,12.5,73,7.7,0.1,100,3.14,143,0,1009.2,0
2026-06-06T01:00,12.6,75,8.3,0.3,100,3.45,150,0,1008.6,0
2026-06-06T02:00,12.6,81,9.4,0.3,100,3.13,151,0,1007.9,0
2026-06-06T03:00,12.9,80,9.6,0.2,100,3.73,160,0,1007.2,0
2026-06-06T04:00,12.8,85,10.4,0.4,100,3.75,171,0,1006.7,1
2026-06-06T05:00,12.8,86,10.6,0.4,100,3.67,156,7,1006.1,1
2026-06-06T06:00,13.3,81,10.1,0.1,100,4.48,160,52,1005.4,1
2026-06-06T07:00,13,83,10.1,0.4,100,4.41,157,51,1004.7,1
2026-06-06T08:00,13.9,81,10.7,0.7,100,5.29,158,198,1004,1
2026-06-06T09:00,14.2,80,10.8,0.3,98,5.75,165,174,1003.7,1
2026-06-06T10:00,14.3,80,10.9,0.2,49,4.79,196,156,1003.7,1
2026-06-06T11:00,15.8,65,9.2,0.4,70,5.55,191,506,1003.7,1
2026-06-06T12:00,16.9,60,9.2,0.2,96,6.31,197,542,1003.7,1
2026-06-06T13:00,16.3,65,9.8,0.1,94,7.02,191,530,1003.2,1
2026-06-06T14:00,15.4,76,11.2,0.2,100,6.72,198,243,1002.9,1
2026-06-06T15:00,15.6,84,12.8,0.8,95,5.79,207,221,1002.8,1
2026-06-06T16:00,15.7,83,12.8,0.1,69,6.77,216,220,1003.3,1
2026-06-06T17:00,16,79,12.4,0.1,89,7.19,222,262,1003.9,1
2026-06-06T18:00,15.4,83,12.5,0.3,100,5.34,228,173,1005.4,1
2026-06-06T19:00,15.1,82,12.1,0.3,100,7.09,244,48,1006.7,1
2026-06-06T20:00,14.8,80,11.4,0,100,6.6,246,10,1008.3,1
2026-06-06T21:00,14.5,78,10.7,0,100,6.13,248,0,1009.7,0
2026-06-06T22:00,14.3,76,10.2,0,100,5.64,249,0,1011,0
2026-06-06T23:00,14,75,9.7,0,100,5.3,249,0,1012.2,0
2026-06-07T00:00,13.1,78,9.4,0,27,4.56,245,0,1013.1,0
2026-06-07T01:00,12.3,80,8.9,0,27,4.41,244,0,1014,0
2026-06-07T02:00,11.7,81,8.5,0,5,3.96,244,0,1014.8,0
2026-06-07T03:00,11.3,82,8.4,0,1,3.61,239,0,1015.3,0
2026-06-07T04:00,10.9,85,8.5,0,13,3.41,235,0,1016,1
2026-06-07T05:00,11.3,84,8.8,0,31,3.25,233,47,1016.8,1
2026-06-07T06:00,12.8,80,9.4,0,38,3.4,234,161,1017.5,1
2026-06-07T07:00,14.1,75,9.7,0,70,4.33,236,309,1017.8,1
2026-06-07T08:00,15.5,70,10.1,0,100,4.46,240,413,1018.1,1
2026-06-07T09:00,16.1,67,9.9,0,100,4.42,239,305,1018.4,1
2026-06-07T10:00,17.2,63,10,0,100,4.49,235,429,1018.3,1
2026-06-07T11:00,17.8,63,10.6,0,100,4.92,229,431,1018.4,1
2026-06-07T12:00,17.8,67,11.5,0,100,4.71,223,388,1018.4,1
2026-06-07T13:00,17.9,65,11.1,0.1,100,4.92,227,455,1018.4,1
2026-06-07T14:00,18.3,61,10.7,0,100,5.13,228,359,1018.2,1
2026-06-07T15:00,18.7,60,10.8,0,98,5.13,223,487,1018.1,1
2026-06-07T16:00,18.4,61,10.8,0,95,4.81,223,468,1018,1
2026-06-07T17:00,17.8,64,10.8,0,100,4.42,223,348,1017.7,1
2026-06-07T18:00,16.8,67,10.7,0,100,3.87,219,189,1017.5,1
2026-06-07T19:00,15.9,72,10.9,0,100,3.77,212,66,1017.2,1
2026-06-07T20:00,15.3,75,10.9,0,100,3.74,218,21,1017.1,1
2026-06-07T21:00,14.8,78,10.9,0,100,3.38,218,0,1017,0
2026-06-07T22:00,14.3,80,10.9,0,95,3.09,209,0,1016.8,0
2026-06-07T23:00,13.9,82,10.9,0,99,3.05,203,0,1016.4,0
2026-06-08T00:00,14,85,11.6,0,100,3.03,193,0,1015.7,0
2026-06-08T01:00,14.2,84,11.6,0,100,3.07,192,0,1015.1,0
2026-06-08T02:00,14.1,84,11.4,0.1,100,3.23,193,0,1014.3,0
2026-06-08T03:00,13.9,85,11.4,0.2,100,3.03,188,0,1013.6,0
2026-06-08T04:00,13.8,86,11.5,0.3,100,3.07,196,0,1013.1,1
2026-06-08T05:00,13.6,89,11.7,0.3,97,3.49,209,10,1013,1
2026-06-08T06:00,13.6,89,11.7,0,98,3.42,205,56,1012.5,1
2026-06-08T07:00,14.3,83,11.5,0.1,100,3,210,82,1012.1,1
2026-06-08T08:00,14.3,84,11.6,0.2,100,3.47,208,84,1011.9,1
2026-06-08T09:00,13.6,87,11.5,1.6,100,3.8,219,71,1011.8,1
2026-06-08T10:00,13.7,90,12.1,1,100,2.73,215,104,1011,1
2026-06-08T11:00,14.1,90,12.5,0.9,100,2.97,225,174,1011.2,1
2026-06-08T12:00,15.7,81,12.5,0.6,100,2.76,222,230,1010.8,1
2026-06-08T13:00,14.2,82,11.3,1,100,3.4,244,275,1010.8,1
2026-06-08T14:00,14.9,80,11.6,0.3,23,3.01,249,263,1010.6,1
2026-06-08T15:00,16.9,71,11.6,0.2,83,2.7,269,749,1010.4,1
2026-06-08T16:00,15.1,74,10.5,1.3,62,3.33,262,448,1010,1
2026-06-08T17:00,13.8,90,12.2,1.6,34,1.56,220,91,1010.3,1
2026-06-08T18:00,16.4,50,5.9,0.2,9,3.4,272,226,1010.6,1
2026-06-08T19:00,15.4,58,7.2,0,32,3.01,264,146,1010.7,1
2026-06-08T20:00,14.4,64,7.6,0,34,3.38,251,41,1011.2,1
2026-06-08T21:00,13.1,69,7.4,0,10,4.38,263,0,1012,0
2026-06-08T22:00,12,71,6.9,0,9,3.81,267,0,1012.6,0
2026-06-08T23:00,11.4,72,6.5,0,20,3.57,264,0,1012.8,0
2026-06-09T00:00,10.8,73,6.2,0,23,3.21,265,0,1012.8,0
2026-06-09T01:00,10.4,76,6.4,0,5,3.03,257,0,1012.8,0
2026-06-09T02:00,9.7,80,6.5,0,8,2.91,241,0,1012.7,0
2026-06-09T03:00,9.1,83,6.5,0,30,2.8,229,0,1012.8,0
2026-06-09T04:00,9,86,6.7,0,33,2.87,227,0,1012.7,1
2026-06-09T05:00,9.5,85,7.1,0,30,3.31,232,44,1012.7,1
2026-06-09T06:00,10.9,81,7.8,0,61,2.97,225,151,1012.8,1
2026-06-09T07:00,11.9,78,8.2,0,23,3.33,227,219,1012.9,1
2026-06-09T08:00,13.5,72,8.6,0,85,4.12,234,460,1012.7,1
2026-06-09T09:00,14.7,66,8.4,0.1,100,4.43,240,622,1012.3,1
2026-06-09T10:00,12.5,76,8.4,1.7,73,5.47,256,609,1012.3,1
2026-06-09T11:00,14.1,60,6.5,2.4,31,4.41,257,509,1012.3,1
2026-06-09T12:00,15.9,57,7.4,0.2,22,5.07,255,826,1012.2,1
2026-06-09T13:00,16.8,44,4.4,0.1,7,5.11,254,837,1011.9,1
2026-06-09T14:00,17.2,44,4.8,0,46,5.11,256,792,1011.9,1
2026-06-09T15:00,16.9,48,5.9,0,29,5.4,257,686,1012.1,1
2026-06-09T16:00,17,49,6.1,0,23,5.28,263,541,1012.1,1
2026-06-09T17:00,16.5,50,6,0,14,5.37,265,457,1012.3,1
2026-06-09T18:00,16.1,45,4,0,8,4.5,269,302,1012.4,1
2026-06-09T19:00,15.3,49,4.7,0,3,3.65,261,176,1012.5,1
2026-06-09T20:00,14.2,57,5.7,0,3,3.2,250,50,1012.9,1
2026-06-09T21:00,13.1,65,6.7,0,2,3.12,238,1,1013.5,0
2026-06-09T22:00,12.2,72,7.3,0,5,3.34,240,0,1013.8,0
2026-06-09T23:00,11.6,75,7.3,0,4,3.31,243,0,1014,0
2026-06-10T00:00,11,78,7.3,0,20,3.17,249,0,1013.9,0
2026-06-10T01:00,10.5,80,7.3,0,65,3.02,246,0,1013.8,0
2026-06-10T02:00,10,83,7.2,0,55,2.97,243,0,1013.8,0
2026-06-10T03:00,9.5,85,7.2,0,2,2.85,239,0,1013.7,0
2026-06-10T04:00,9.1,87,7.1,0,15,2.85,239,1,1013.8,1
2026-06-10T05:00,9.5,86,7.3,0,41,2.57,237,49,1013.8,1
2026-06-10T06:00,10.9,81,7.8,0,33,2.31,231,167,1014,1
2026-06-10T07:00,12.2,76,8.1,0,65,2.66,244,329,1014.4,1
2026-06-10T08:00,13.4,72,8.4,0,54,2.86,251,442,1014.5,1
2026-06-10T09:00,13.9,70,8.5,0,80,2.96,251,468,1014.5,1
2026-06-10T10:00,15.3,62,8,0.1,82,3.24,245,710,1014.3,1
2026-06-10T11:00,11.4,85,9,2.9,66,2.65,272,432,1014.9,1
2026-06-10T12:00,15.3,51,5.2,0.4,50,3.92,264,470,1014.6,1
2026-06-10T13:00,16.6,50,6.2,0.1,26,3.81,260,860,1014,1
2026-06-10T14:00,16.9,50,6.6,0,31,3.83,258,786,1014.2,1
2026-06-10T15:00,15.2,56,6.4,0.5,63,4.55,247,662,1014.6,1
2026-06-10T16:00,14.5,60,6.7,0.1,52,3.98,282,455,1014.6,1
2026-06-10T17:00,13.7,74,9.2,2.3,52,3.01,285,318,1014.7,1
2026-06-10T18:00,13,79,9.4,2.1,22,1.99,258,250,1015.2,1
2026-06-10T19:00,13.2,76,9.2,0.2,16,2.2,267,133,1015.9,1
2026-06-10T20:00,12.7,80,9.3,0,17,2.03,254,45,1016.3,1
2026-06-10T21:00,12.3,81,9.2,0,9,2.48,245,1,1016.8,0
2026-06-10T22:00,12,79,8.6,0,13,3,252,0,1017,0
2026-06-10T23:00,11.4,81,8.2,0,1,2.97,253,0,1017.4,0
2026-06-11T00:00,10.3,87,8.3,0,2,2.61,253,0,1017.9,0
2026-06-11T01:00,9.8,89,8.1,0,61,2.77,253,0,1017.9,0
2026-06-11T02:00,9.5,90,7.9,0,75,2.5,254,0,1018.1,0
2026-06-11T03:00,9.2,91,7.9,0,87,2.33,245,0,1018.2,0
2026-06-11T04:00,9.1,92,7.8,0,88,2.36,234,1,1018.2,1
2026-06-11T05:00,9.6,91,8.1,0,97,2.35,232,38,1018.5,1
2026-06-11T06:00,10.8,88,8.9,0,100,1.95,220,123,1018.5,1
2026-06-11T07:00,11.8,84,9.3,0,99,2.33,227,191,1018.6,1
2026-06-11T08:00,12.9,81,9.8,0.1,100,2.55,222,260,1018.6,1
2026-06-11T09:00,13.6,78,9.9,0.6,100,4.12,234,287,1018.4,1
2026-06-11T10:00,12.5,87,10.4,1.2,100,3.93,221,103,1018.3,1
2026-06-11T11:00,12.2,91,10.7,1.3,100,3.97,211,92,1018,1
2026-06-11T12:00,12.2,90,10.6,1.1,100,4.47,208,139,1017.3,1
2026-06-11T13:00,13,86,10.7,0.1,100,5.47,216,113,1016.3,1
2026-06-11T14:00,13.3,85,10.8,0.5,100,5.9,219,73,1015.3,1
2026-06-11T15:00,14.1,86,11.7,0.2,100,5.13,218,103,1014.5,1
2026-06-11T16:00,14.5,88,12.5,0,100,4.85,223,57,1014.2,1
2026-06-11T17:00,15.6,86,13.4,0.2,100,4.7,232,70,1014.1,1
2026-06-11T18:00,16.8,83,14,0.1,100,4.32,245,53,1014.2,1
2026-06-11T19:00,16.9,83,14,0,100,4.49,253,54,1014.3,1
2026-06-11T20:00,16.3,85,13.8,0,100,4.53,254,18,1014.7,1
2026-06-11T21:00,15.9,87,13.8,0,100,4.51,255,0,1015.3,0
2026-06-11T22:00,15.6,88,13.6,0,100,4.58,256,0,1015.5,0
2026-06-11T23:00,15.5,89,13.6,0,100,4.46,257,0,1015.6,0
2026-06-12T00:00,15.7,89,13.9,0,100,4.14,258,0,1015.8,0
2026-06-12T01:00,15.8,88,13.9,0,100,4.6,256,0,1015.7,0
2026-06-12T02:00,15.8,88,13.8,0,100,4.83,257,0,1015.8,0
2026-06-12T03:00,15.6,88,13.7,0,100,4.84,259,0,1015.9,0
2026-06-12T04:00,15.4,88,13.5,0,100,4.75,262,0,1016.2,1
2026-06-12T05:00,15.4,89,13.6,0,100,4.43,263,10,1016.6,1
2026-06-12T06:00,15.6,87,13.5,0,100,4.3,258,39,1017,1
2026-06-12T07:00,16,84,13.3,0,100,4.49,258,112,1017.3,1
2026-06-12T08:00,16.7,81,13.4,0,100,5.33,260,181,1017.7,1
2026-06-12T09:00,17,81,13.7,0,100,5.33,258,196,1018,1
2026-06-12T10:00,17.4,80,13.8,0,100,5.38,253,214,1018.3,1
2026-06-12T11:00,18.1,78,14.1,0,100,5.58,247,314,1018.5,1
2026-06-12T12:00,18.4,78,14.6,0,100,4.19,241,246,1018.5,1
2026-06-12T13:00,19.7,73,14.8,0,100,4.98,252,386,1018.1,1
2026-06-12T14:00,20.3,69,14.4,0,100,6.29,258,395,1017.9,1
2026-06-12T15:00,20.9,66,14.2,0,55,6.17,262,578,1017.8,1
2026-06-12T16:00,20.8,65,14,0,27,6.06,262,543,1017.8,1
2026-06-12T17:00,20,66,13.5,0,11,5.8,260,452,1018,1
2026-06-12T18:00,19.5,64,12.6,0,50,4.98,257,320,1018,1
2026-06-12T19:00,18.1,69,12.3,0,58,4.8,259,175,1018.2,1
2026-06-12T20:00,16.6,74,11.9,0,61,4.18,259,54,1018.7,1
2026-06-12T21:00,15.3,78,11.4,0,63,4.21,257,1,1019.4,0
2026-06-12T22:00,14.5,80,11,0,31,4.12,256,0,1019.8,0
2026-06-12T23:00,13.8,83,11.1,0,23,3.75,251,0,1020,0
2026-06-13T00:00,13.2,87,11.1,0,6,3.81,251,0,1019.8,0
2026-06-13T01:00,12.8,89,11,0,23,3.87,253,0,1019.8,0
2026-06-13T02:00,12.5,90,10.9,0,17,3.7,254,0,1019.9,0
2026-06-13T03:00,12.5,90,11,0,100,3.64,254,0,1019.8,0
2026-06-13T04:00,12.7,89,11,0,97,3.52,255,0,1019.7,1
2026-06-13T05:00,13.1,87,11,0,75,3.67,264,30,1019.8,1
2026-06-13T06:00,14.2,79,10.6,0,0,3.67,264,142,1019.8,1
2026-06-13T07:00,15,71,9.7,0,10,3.93,277,327,1020,1
2026-06-13T08:00,15.5,67,9.3,0,9,3.7,279,486,1020.2,1
2026-06-13T09:00,16.2,63,9,0,46,3.85,283,635,1020.4,1
2026-06-13T10:00,16.7,58,8.5,0,63,3.86,283,692,1020.5,1
2026-06-13T11:00,17.5,57,8.8,0,59,3.63,282,783,1020.6,1
2026-06-13T12:00,18.8,50,8.2,0,52,3.18,277,859,1020,1
2026-06-13T13:00,19.4,48,8.2,0,54,3.37,276,875,1019.6,1
2026-06-13T14:00,19.8,48,8.4,0,63,3.61,273,823,1019.2,1
2026-06-13T15:00,19.9,49,8.9,0,41,3.82,276,711,1018.9,1
2026-06-13T16:00,19.9,50,9.1,0,20,3.92,281,621,1018.8,1
2026-06-13T17:00,19.6,51,9.1,0,50,3.91,286,483,1018.6,1
2026-06-13T18:00,19.8,48,8.6,0,59,3.66,292,315,1018.3,1
2026-06-13T19:00,18.9,53,9.2,0,74,3.32,301,163,1018.3,1
2026-06-13T20:00,17.4,59,9.4,0,99,3.22,313,50,1018.7,1
2026-06-13T21:00,16.4,62,9,0,67,3.22,312,1,1019.3,0
2026-06-13T22:00,15.3,67,9.2,0,25,2.47,324,0,1019.7,0
2026-06-13T23:00,14.1,73,9.4,0,22,1.85,322,0,1019.9,0
2026-06-14T00:00,13.4,75,9,0,23,1.74,309,0,1019.9,0
2026-06-14T01:00,12.7,77,8.8,0,23,2.12,297,0,1019.7,0
2026-06-14T02:00,12.2,79,8.7,0,48,2.18,290,0,1019.6,0
2026-06-14T03:00,11.9,80,8.6,0,83,2.13,279,0,1019.4,0
2026-06-14T04:00,11.6,81,8.5,0,70,2.35,272,1,1019.4,1
2026-06-14T05:00,11.8,81,8.6,0,66,2.4,272,47,1019.2,1
2026-06-14T06:00,13.1,75,8.9,0,50,2.25,291,164,1019.4,1
2026-06-14T07:00,14.2,69,8.5,0,38,2.31,309,325,1019.5,1
2026-06-14T08:00,15.2,63,8.2,0,57,2.21,322,478,1019.4,1
2026-06-14T09:00,16.5,54,7.2,0,87,2.4,329,553,1019.1,1
2026-06-14T10:00,17.1,53,7.4,0,63,1.9,325,605,1018.8,1
2026-06-14T11:00,18.2,51,7.9,0,53,1.8,316,823,1018.7,1
2026-06-14T12:00,19.6,46,7.7,0,98,1.73,316,834,1018.5,1
2026-06-14T13:00,20.1,45,7.9,0,90,1.54,299,786,1018,1
2026-06-14T14:00,20.3,46,8.4,0,86,1.64,301,709,1017.5,1
2026-06-14T15:00,20.5,47,8.7,0,92,1.98,311,654,1017.4,1
2026-06-14T16:00,20.2,48,8.7,0,98,1.87,314,458,1017.2,1
2026-06-14T17:00,19.8,50,8.9,0,60,1.77,313,280,1017,1
2026-06-14T18:00,19.3,49,8.5,0,59,1.28,321,264,1017,1
2026-06-14T19:00,18.9,51,8.7,0,97,1.14,337,145,1016.6,1
2026-06-14T20:00,18.4,59,10.2,0,99,1.21,330,29,1016.5,1
2026-06-14T21:00,18.1,61,10.4,0,36,1.44,14,0,1016.7,0
2026-06-14T22:00,17.1,62,9.7,0,16,2.39,74,0,1016.8,0
2026-06-14T23:00,15.6,70,10.3,0,23,2.35,90,0,1016.7,0
2026-06-15T00:00,14.8,74,10.3,0,73,2.14,74,0,1016.5,0
2026-06-15T01:00,14.3,77,10.3,0,89,1.9,87,0,1016.3,0
2026-06-15T02:00,13.9,79,10.4,0,98,1.57,68,0,1016,0
2026-06-15T03:00,13.6,82,10.5,0,99,1.58,55,0,1015.7,0
2026-06-15T04:00,13,85,10.6,0,100,1.61,54,0,1015.8,1
2026-06-15T05:00,12.7,89,10.9,0.3,99,1.52,73,20,1015.7,1
2026-06-15T06:00,13.4,84,10.7,2.4,98,2.02,70,73,1015.6,1
2026-06-15T07:00,14,82,11.1,0.2,99,2.03,80,200,1015.5,1
2026-06-15T08:00,15.3,77,11.2,0,100,2.43,82,310,1015,1
2026-06-15T09:00,16.7,71,11.3,0,91,2.82,97,401,1014.3,1
2026-06-15T10:00,18.5,61,10.9,0,76,3.06,116,622,1014,1
2026-06-15T11:00,19.8,57,11.1,0,71,3.33,126,698,1013.5,1
2026-06-15T12:00,19.5,56,10.4,0,97,3.56,128,789,1013.1,1
2026-06-15T13:00,20.9,50,10.2,0,100,3.43,132,807,1012.4,1
2026-06-15T14:00,21.5,49,10.3,0,100,3.4,137,717,1011.8,1
2026-06-15T15:00,22,48,10.5,0,99,3.52,141,638,1011.2,1
2026-06-15T16:00,22.3,49,11.1,0,100,3.26,144,570,1010.5,1
2026-06-15T17:00,21.9,53,11.9,0,99,2.89,143,364,1010.2,1
2026-06-15T18:00,21.1,56,12,0,99,2.52,129,215,1009.8,1
2026-06-15T19:00,20.6,59,12.3,0,99,2.4,107,131,1009.3,1
2026-06-15T20:00,18.9,67,12.7,0,100,2.82,63,36,1009.5,1
2026-06-15T21:00,17,76,12.6,0,100,2.83,58,1,1010,0
2026-06-15T22:00,16.3,78,12.6,0,98,1.97,60,0,1009.9,0
2026-06-15T23:00,16.1,80,12.7,0,98,1.54,61,0,1010.1,0
2026-06-16T00:00,15.6,84,12.9,0.3,98,0.6,85,0,1010.1,0
2026-06-16T01:00,15.6,86,13.3,0,71,0.46,319,0,1010.4,0
2026-06-16T02:00,15.4,89,13.5,0,95,0.8,176,0,1010,0
2026-06-16T03:00,15.7,87,13.6,0,30,1.62,248,0,1010.2,0
2026-06-16T04:00,15,93,13.9,0,86,2.3,246,1,1010.7,1
2026-06-16T05:00,15.1,90,13.5,0,48,2.38,262,21,1011,1
2026-06-16T06:00,15.9,86,13.5,0,99,2.12,262,128,1011.5,1
2026-06-16T07:00,16.9,80,13.3,0,100,2.3,268,234,1011.9,1
2026-06-16T08:00,17.8,75,13.2,0,100,2.12,278,265,1011.9,1
2026-06-16T09:00,19.5,65,12.7,0,68,2.06,288,447,1012.1,1
2026-06-16T10:00,21.2,56,12,0,62,2.08,280,648,1012.2,1
2026-06-16T11:00,22.8,49,11.5,0,82,2.45,258,769,1012.7,1
2026-06-16T12:00,24.4,45,11.7,0,55,2.98,261,774,1012.8,1
2026-06-16T13:00,24.4,44,11.3,0,63,2.25,270,704,1012.6,1
2026-06-16T14:00,25.6,39,10.8,0,78,2.42,277,672,1012.4,1
2026-06-16T15:00,26,40,11.5,0,54,3.61,248,562,1012.3,1
2026-06-16T16:00,25.2,44,12.2,0,84,4.1,240,428,1012.6,1
2026-06-16T17:00,24.1,51,13.4,0,96,4.28,225,253,1012.6,1
2026-06-16T18:00,22.3,60,14.2,0,91,4.46,227,219,1013.2,1
2026-06-16T19:00,20.6,69,14.7,0.2,57,3.66,231,123,1013.2,1
2026-06-16T20:00,19.1,78,15.1,0.2,88,3.67,236,43,1013.8,1
2026-06-16T21:00,18.2,83,15.4,0.3,100,3.41,231,1,1014.4,0
2026-06-16T22:00,17.6,86,15.3,0,66,3.2,231,0,1014.6,0
2026-06-16T23:00,16.9,89,15.1,0,79,2.94,228,0,1014.8,0
2026-06-17T00:00,17.2,85,14.7,0,79,2.66,230,0,1014.5,0
2026-06-17T01:00,16.7,88,14.7,0.1,84,2.52,221,0,1014.4,0
2026-06-17T02:00,16.3,92,15.1,0.5,91,2.75,213,0,1014.5,0
2026-06-17T03:00,16.2,94,15.2,0.1,100,3.43,217,0,1014.4,0
2026-06-17T04:00,16.5,93,15.4,0,100,3.22,213,0,1014.4,1
2026-06-17T05:00,17,91,15.6,0,100,3.75,224,17,1014.8,1
2026-06-17T06:00,17.9,90,16.2,0,100,3.82,224,59,1014.8,1
2026-06-17T07:00,18.3,87,16.2,0,100,3.97,214,121,1014.8,1
2026-06-17T08:00,19,82,15.9,0,100,4.92,228,169,1015.1,1
2026-06-17T09:00,20.3,74,15.5,0.1,100,5.02,226,290,1014.9,1
2026-06-17T10:00,21.2,70,15.5,0.1,46,5.43,230,425,1015.1,1
2026-06-17T11:00,22.3,64,15.2,0,29,5.06,225,602,1015.2,1
2026-06-17T12:00,24.6,57,15.5,0,26,4.84,226,729,1014.8,1
2026-06-17T13:00,25.3,53,14.9,0,16,4.9,230,820,1014.7,1
2026-06-17T14:00,24.9,54,15,0,71,5.12,234,683,1014.9,1
2026-06-17T15:00,24.6,56,15.3,0,100,4.73,234,555,1015.1,1
2026-06-17T16:00,23.8,60,15.7,0,86,4.45,232,398,1015.2,1
2026-06-17T17:00,22.7,66,16,0,57,4.18,229,242,1015.1,1
2026-06-17T18:00,22.3,68,16.1,0,82,3.76,240,227,1015.6,1
2026-06-17T19:00,21.6,70,15.9,0,95,3.41,235,140,1015.6,1
2026-06-17T20:00,20.9,73,15.9,0,59,3.15,234,44,1015.8,1
2026-06-17T21:00,20,77,15.9,0,18,2.93,224,1,1016.1,0
2026-06-17T22:00,19.1,81,15.8,0,52,2.55,223,0,1016.5,0
2026-06-17T23:00,18.4,85,15.8,0,62,2.41,223,0,1016.6,0
2026-06-18T00:00,17.8,87,15.6,0,31,2.33,227,0,1016.6,0
2026-06-18T01:00,17.3,89,15.5,0,78,2.34,228,0,1016.5,0
2026-06-18T02:00,16.7,92,15.5,0,100,2.34,228,0,1016.3,0
2026-06-18T03:00,16.6,93,15.5,0,100,2.23,228,0,1016.2,0
2026-06-18T04:00,16.6,93,15.5,0,100,2.42,232,0,1016,1
2026-06-18T05:00,17,91,15.5,0,100,2.55,235,22,1016.1,1
2026-06-18T06:00,18.1,84,15.4,0,100,2.45,231,80,1016.3,1
2026-06-18T07:00,19,79,15.2,0,100,2.72,226,182,1016.5,1
2026-06-18T08:00,19.7,74,15,0,100,2.91,221,250,1016.5,1
2026-06-18T09:00,20.8,69,15,0,100,3.19,215,354,1016.4,1
2026-06-18T10:00,22.5,61,14.6,0,97,3.09,214,477,1015.9,1
2026-06-18T11:00,24.3,54,14.3,0,100,3.79,211,584,1015.7,1
2026-06-18T12:00,25.4,52,14.9,0,99,3.58,205,646,1015,1
2026-06-18T13:00,25.5,55,15.7,0,99,3.28,201,739,1014.2,1
2026-06-18T14:00,24.7,56,15.5,0,100,3.12,196,410,1013.9,1
2026-06-18T15:00,23.6,61,15.6,0,100,2.99,190,278,1013.4,1
2026-06-18T16:00,23,63,15.6,0.1,89,3.04,200,234,1013.4,1
2026-06-18T17:00,24,59,15.4,0,44,2.87,209,436,1013,1
2026-06-18T18:00,24.1,57,15,0,53,2.5,206,313,1012.5,1
2026-06-18T19:00,23.6,59,15.1,0,43,2.41,201,170,1012.3,1
2026-06-18T20:00,22.6,65,15.7,0,5,2.32,199,55,1012.3,1
2026-06-18T21:00,21.6,71,16.2,0,1,2.19,204,1,1012.5,0
2026-06-18T22:00,20.6,75,16.1,0,2,1.78,212,0,1012.6,0
2026-06-18T23:00,20,77,15.8,0,20,1.41,207,0,1012.4,0
2026-06-19T00:00,19.8,77,15.7,0,5,1.23,192,0,1011.9,0
2026-06-19T01:00,19.2,80,15.6,0,0,1.25,241,0,1011.2,0
2026-06-19T02:00,18.7,81,15.5,0,0,1.39,240,0,1010.9,0
2026-06-19T03:00,18.3,84,15.5,0,0,1.6,274,0,1010.5,0
2026-06-19T04:00,17.7,86,15.3,0,0,1.76,277,1,1010.3,1
2026-06-19T05:00,17.8,84,15.1,0,0,1.15,265,50,1010.4,1
2026-06-19T06:00,19,78,15.1,0,0,1.09,254,171,1010.4,1
2026-06-19T07:00,20.5,72,15.2,0,0,1.14,241,321,1010.5,1
2026-06-19T08:00,22.2,65,15.2,0,0,1.24,230,475,1010.3,1
2026-06-19T09:00,24.2,57,15.1,0,0,1.42,231,619,1010.1,1
2026-06-19T10:00,26,54,15.9,0,1,1.91,225,739,1010.1,1
2026-06-19T11:00,27.5,51,16.4,0,1,2.72,227,829,1010.1,1
2026-06-19T12:00,29.6,45,16.3,0,4,3.22,216,860,1009.9,1
2026-06-19T13:00,29.9,43,16,0,10,3.9,213,864,1009.8,1
2026-06-19T14:00,29.9,42,15.5,0,11,4.04,221,822,1009.6,1
2026-06-19T15:00,29.5,41,14.9,0,13,3.86,223,721,1009.5,1
2026-06-19T16:00,28.9,42,14.8,0,1,3.82,227,618,1009.7,1
2026-06-19T17:00,27.6,45,14.8,0,1,4.1,225,484,1010.4,1
2026-06-19T18:00,27.2,48,15.1,0,0,3.71,244,327,1010.1,1
2026-06-19T19:00,25.8,52,15.1,0,5,3.6,246,178,1010.5,1
2026-06-19T20:00,24.4,57,15.3,0,7,3.49,243,56,1011.5,1
2026-06-19T21:00,22.9,63,15.4,0,0,3.38,245,1,1012,0
2026-06-19T22:00,21.6,69,15.6,0,1,3.01,234,0,1012.4,0
2026-06-19T23:00,20.2,75,15.7,0,5,2.92,239,0,1013.1,0
2026-06-20T00:00,19.1,80,15.5,0,10,2.55,242,0,1013,0
2026-06-20T01:00,18.2,84,15.5,0,57,2.82,240,0,1013.1,0
2026-06-20T02:00,17.8,86,15.4,0,63,2.45,231,0,1013.4,0
2026-06-20T03:00,17.6,87,15.4,0,53,2.23,224,0,1013.7,0
2026-06-20T04:00,17.4,88,15.4,0,28,2.17,209,1,1014.1,1
2026-06-20T05:00,18.1,85,15.5,0,79,2.61,216,46,1014.8,1
2026-06-20T06:00,19.3,80,15.7,0,100,3.59,235,139,1014.9,1
2026-06-20T07:00,19.9,76,15.6,0,100,3.5,239,152,1015.4,1
2026-06-20T08:00,20.9,72,15.7,0,100,3.51,242,247,1015.9,1
2026-06-20T09:00,22,67,15.5,0,100,3.24,236,298,1016.5,1
2026-06-20T10:00,23.3,60,15.1,0,100,3.22,228,446,1017,1
2026-06-20T11:00,23.6,59,15.1,0,100,3.25,224,369,1017.3,1
2026-06-20T12:00,25.1,55,15.5,0,98,2.87,223,409,1017.5,1
2026-06-20T13:00,25.5,54,15.5,0,98,3.47,223,586,1017.4,1
2026-06-20T14:00,25.7,54,15.6,0,99,3.5,222,610,1017.6,1
2026-06-20T15:00,25.6,54,15.6,0,96,3.37,229,551,1017.8,1
2026-06-20T16:00,25.6,53,15.4,0.1,100,3.09,236,467,1018.1,1
2026-06-20T17:00,25.3,54,15.2,0,99,2.72,226,310,1018.1,1
2026-06-20T18:00,24.6,56,15.4,0,5,2,233,170,1018.3,1
2026-06-20T19:00,24.4,56,15.2,0,6,1.93,239,174,1018.8,1
2026-06-20T20:00,23.7,60,15.4,0,2,1.93,233,55,1019.5,1
2026-06-20T21:00,23,64,15.8,0,20,1.93,233,1,1020.2,0
2026-06-20T22:00,22.3,68,16.1,0,52,1.55,249,0,1020.6,0
2026-06-20T23:00,21.5,72,16.3,0,61,1.14,255,0,1021.1,0
2026-06-21T00:00,20.1,83,17.1,0,1,0.65,270,0,1020.7,0
2026-06-21T01:00,19.7,83,16.7,0,2,1.15,270,0,1020.6,0
2026-06-21T02:00,19.2,86,16.9,0,12,0.6,265,0,1021.1,0
2026-06-21T03:00,18.8,88,16.8,0,8,0.72,282,0,1021.1,0
2026-06-21T04:00,18.5,90,16.9,0,13,0.32,288,1,1021.9,1
2026-06-21T05:00,19,87,16.8,0,12,0.65,328,47,1022.3,1
2026-06-21T06:00,20.5,80,16.9,0,30,0.18,34,160,1022.4,1
2026-06-21T07:00,22.3,72,16.9,0,91,0.15,270,314,1022.5,1
2026-06-21T08:00,24.1,62,16.4,0,80,0.36,286,438,1022.6,1
2026-06-21T09:00,25.5,56,16,0,27,0.83,303,569,1022.7,1
2026-06-21T10:00,27,49,15.4,0,55,0.56,333,724,1022.9,1
2026-06-21T11:00,28.6,43,14.6,0,89,0.21,14,787,1023,1
2026-06-21T12:00,29.8,38,14.1,0,71,0.67,347,810,1022.7,1
2026-06-21T13:00,30.7,34,13,0,98,0.83,57,713,1022.4,1
2026-06-21T14:00,28.9,41,14.5,0,89,3.8,91,424,1022.6,1
2026-06-21T15:00,28.1,48,16,0,48,4.15,89,576,1023,1
2026-06-21T16:00,28.2,47,15.8,0.1,95,3.35,81,576,1023,1
2026-06-21T17:00,27.8,48,15.8,0,98,2.98,67,389,1023,1
2026-06-21T18:00,26.6,53,16.2,0,95,3.79,78,243,1023.4,1
2026-06-21T19:00,24.7,57,15.6,0,8,4.05,89,141,1023.7,1
2026-06-21T20:00,23.3,61,15.4,0,19,3.46,87,55,1024.2,1
2026-06-21T21:00,21.9,70,16.2,0,11,3.51,79,1,1024.8,0
2026-06-21T22:00,20.8,75,16.3,0,53,3.16,72,0,1025.2,0
2026-06-21T23:00,20.4,76,16,0,52,2.71,78,0,1025.6,0
2026-06-22T00:00,19.7,78,15.7,0,83,2.61,70,0,1025.6,0
2026-06-22T01:00,19,80,15.5,0,69,2.62,66,0,1025.1,0
2026-06-22T02:00,18.4,82,15.2,0,45,2.65,58,0,1024.8,0
2026-06-22T03:00,17.9,83,15,0,3,2.78,60,0,1024.6,0
2026-06-22T04:00,17.5,84,14.8,0,11,2.73,62,1,1024.7,1
2026-06-22T05:00,17.6,83,14.7,0,90,2.54,58,49,1024.7,1
2026-06-22T06:00,18.8,80,15.3,0,96,2.8,63,158,1024.8,1
2026-06-22T07:00,20.1,75,15.5,0,68,2.62,66,282,1024.7,1
2026-06-22T08:00,22.2,68,15.9,0,83,2.71,65,461,1024.7,1
2026-06-22T09:00,24.3,62,16.5,0,7,3.05,72,605,1024.3,1
2026-06-22T10:00,26.1,56,16.8,0,57,3.3,76,734,1024,1
2026-06-22T11:00,27.5,52,16.7,0,10,3.43,77,816,1023.9,1
2026-06-22T12:00,28.4,49,16.5,0,24,3.68,78,863,1023.6,1
2026-06-22T13:00,28.6,48,16.7,0,33,3.92,85,862,1023,1
2026-06-22T14:00,28.6,47,16.3,0,16,4.11,87,817,1022.5,1
2026-06-22T15:00,28.1,48,16,0,29,4.2,87,731,1022.1,1
2026-06-22T16:00,27.4,49,15.9,0,58,4.25,91,618,1022.2,1
2026-06-22T17:00,26.4,52,15.9,0,32,4,91,471,1022.4,1
2026-06-22T18:00,25.9,53,15.7,0,97,3.45,88,320,1022.4,1
2026-06-22T19:00,23.9,63,16.3,0.6,100,2.59,49,111,1023.6,1
2026-06-22T20:00,22.8,64,15.6,0.6,100,3.33,62,17,1022.9,1
2026-06-22T21:00,21,71,15.5,1,100,4.1,89,0,1022.4,0
2026-06-22T22:00,20.2,72,15,0.7,71,3.67,85,0,1021.3,0
2026-06-22T23:00,19.9,72,14.7,0,93,3.17,106,0,1021,0
2026-06-23T00:00,19.4,79,15.7,0,100,2.25,53,0,1020.9,0
2026-06-23T01:00,18.8,90,17.1,2.1,100,2.26,103,0,1021.4,0
2026-06-23T02:00,18.3,92,17,0.6,98,3.22,64,0,1019.9,0
2026-06-23T03:00,18.6,92,17.2,0.1,95,1.82,98,0,1019.7,0
2026-06-23T04:00,18.5,92,17.2,4.4,91,2.8,80,0,1019.6,1
2026-06-23T05:00,18.7,94,17.7,3.1,40,2.72,70,28,1019.5,1
2026-06-23T06:00,20.3,88,18.3,2.5,45,2.83,73,121,1019.6,1
2026-06-23T07:00,21.3,87,19,0.1,31,2.29,74,259,1019.4,1
2026-06-23T08:00,23,84,20.1,0.2,65,1.93,80,426,1019.3,1
2026-06-23T09:00,25,78,21,0,84,1.55,94,491,1018.3,1
2026-06-23T10:00,27,73,21.6,0,34,2.09,111,586,1017.8,1
2026-06-23T11:00,28.5,64,21.1,0,31,2.59,124,713,1018,1
2026-06-23T12:00,30.4,48,18.2,0,59,2.65,137,699,1017.5,1
2026-06-23T13:00,31.4,43,17.4,0,44,2.41,137,793,1016.7,1
2026-06-23T14:00,32.6,38,16.3,0,18,2.59,140,812,1016,1
2026-06-23T15:00,33.4,36,16.1,0,0,2.75,155,735,1015.4,1
2026-06-23T16:00,33.5,36,16.2,0,0,2.7,161,622,1014.9,1
2026-06-23T17:00,33.3,37,16.5,0,0,2.53,158,481,1014.7,1
2026-06-23T18:00,32.5,36,15.6,0,0,1.95,138,328,1014.5,1
2026-06-23T19:00,31.6,39,15.8,0,0,2.04,115,180,1014.5,1
2026-06-23T20:00,29.5,51,18.3,0,0,2.3,92,57,1014.6,1
2026-06-23T21:00,27.4,67,20.6,0,0,2.21,85,1,1015,0
2026-06-23T22:00,26,74,20.9,0,0,1.68,53,0,1015,0
2026-06-23T23:00,24.7,78,20.6,0,0,1.78,58,0,1015,0
2026-06-24T00:00,23.4,85,20.8,0,0,1.42,42,0,1015,0
2026-06-24T01:00,22.9,86,20.5,0,0,1.51,56,0,1014.7,0
2026-06-24T02:00,22.4,88,20.3,0,0,1.55,69,0,1014.4,0
2026-06-24T03:00,22,88,19.9,0,0,1.25,61,0,1014.2,0
2026-06-24T04:00,21.8,88,19.7,0,0,1.03,39,0,1014.3,1
2026-06-24T05:00,22.4,85,19.7,0,0,1.16,7,48,1014.8,1
2026-06-24T06:00,23.7,78,19.7,0,0,0.93,16,167,1015.2,1
2026-06-24T07:00,25.7,71,20.1,0,0,1.17,10,316,1015.3,1
2026-06-24T08:00,27.6,67,20.9,0,0,1.55,15,469,1015.7,1
2026-06-24T09:00,29.2,62,21.1,0,0,1.9,18,611,1015.8,1
2026-06-24T10:00,30.7,56,20.9,0,0,1.99,28,731,1015.8,1
2026-06-24T11:00,32,51,20.5,0,0,2.08,30,817,1015.7,1
2026-06-24T12:00,33.3,46,20.2,0,0,2.18,20,862,1015.6,1
2026-06-24T13:00,33.9,44,19.9,0,0,2.14,21,862,1015.3,1
2026-06-24T14:00,34.5,42,19.6,0,2,2.1,25,820,1015.3,1
2026-06-24T15:00,34.7,41,19.6,0,0,2.28,29,737,1015.4,1
2026-06-24T16:00,34.5,42,19.6,0,0,2.52,34,619,1015.2,1
2026-06-24T17:00,34.2,43,20,0,1,2.91,29,477,1015.2,1
2026-06-24T18:00,33.6,46,20.5,0,2,3.3,35,322,1015.5,1
2026-06-24T19:00,31,54,20.5,0,1,3.65,65,176,1016.1,1
2026-06-24T20:00,28,61,19.7,0,0,3.32,78,56,1016.8,1
2026-06-24T21:00,26.1,67,19.5,0,0,2.75,80,1,1017.3,0
2026-06-24T22:00,24.9,72,19.6,0,0,2.4,78,0,1017.5,0
2026-06-24T23:00,24.4,75,19.7,0,0,2.48,81,0,1017.5,0
2026-06-25T00:00,23.5,79,19.6,0,0,2.91,74,0,1017.9,0
2026-06-25T01:00,22.4,80,18.9,0,20,2.99,69,0,1017.7,0
2026-06-25T02:00,21.5,82,18.2,0,29,2.88,64,0,1017.4,0
2026-06-25T03:00,20.7,83,17.8,0,3,2.82,63,0,1017.1,0
2026-06-25T04:00,20.2,85,17.6,0,0,2.71,67,0,1016.9,1
2026-06-25T05:00,20.5,83,17.6,0,2,2.69,72,48,1016.6,1
2026-06-25T06:00,21.9,78,17.8,0,12,2.94,69,168,1016.7,1
2026-06-25T07:00,23.5,71,18,0,0,3.09,63,317,1016.5,1
2026-06-25T08:00,25.3,65,18.4,0,0,3.26,63,470,1016.3,1
2026-06-25T09:00,27.1,60,18.8,0,2,3.5,73,612,1016.2,1
2026-06-25T10:00,28.5,56,19,0,0,4.04,75,730,1016.3,1
2026-06-25T11:00,29.6,53,19.1,0,0,4.22,76,814,1015.9,1
2026-06-25T12:00,31.3,48,19.1,0,0,4.38,79,859,1015.5,1
2026-06-25T13:00,31.5,48,19.1,0,0,4.42,80,860,1014.9,1
2026-06-25T14:00,31.7,47,19,0,0,4.53,83,818,1014.6,1
2026-06-25T15:00,31.4,47,18.7,0,0,4.78,84,738,1014.2,1
2026-06-25T16:00,30.7,48,18.5,0,10,4.36,86,623,1014.1,1
2026-06-25T17:00,29.6,52,18.7,0,51,4.25,81,478,1013.8,1
2026-06-25T18:00,28.9,54,18.8,0,2,4.19,82,317,1013.4,1
2026-06-25T19:00,27.3,60,18.8,0,1,3.89,82,179,1013.2,1
2026-06-25T20:00,25.6,66,18.8,0,9,3.46,76,58,1013.2,1
2026-06-25T21:00,24.4,71,18.9,0,3,2.99,72,2,1013.4,0
2026-06-25T22:00,23.9,74,19,0,39,2.71,67,0,1012.9,0
2026-06-25T23:00,23.8,75,19.2,0,84,2.57,66,0,1012.6,0
2026-06-26T00:00,23.3,79,19.6,0,21,3.35,73,0,1011.9,0
2026-06-26T01:00,24.7,74,19.8,0,51,2.87,84,0,1011.3,0
2026-06-26T02:00,25.8,69,19.7,0,96,2.49,112,0,1011.3,0
2026-06-26T03:00,25.7,69,19.6,0,98,1.87,74,0,1010.4,0
2026-06-26T04:00,25.4,69,19.4,0,77,1.66,83,0,1010.2,1
2026-06-26T05:00,25.9,65,18.8,0,89,1.79,126,44,1011.1,1
2026-06-26T06:00,26.7,64,19.4,0,2,1.36,197,144,1011,1
2026-06-26T07:00,29.2,50,17.8,0,5,1.72,206,315,1011.1,1
2026-06-26T08:00,31,44,17.3,0,19,1.98,221,466,1011.4,1
2026-06-26T09:00,32.8,40,17.4,0,3,2.66,220,607,1011.6,1
2026-06-26T10:00,33.8,36,16.8,0,3,3.13,241,728,1011.8,1
2026-06-26T11:00,34.9,29,14.4,0,13,3.32,258,818,1012,1
2026-06-26T12:00,35.9,27,13.9,0,81,3.91,243,854,1012.1,1
2026-06-26T13:00,35,29,14.5,0.2,55,3.33,234,839,1012.3,1
2026-06-26T14:00,35.7,26,13.4,0,43,3.26,243,768,1012.1,1
2026-06-26T15:00,36,23,11.6,0,3,3.92,240,733,1012.3,1
2026-06-26T16:00,35.1,24,11.8,0,5,4.24,249,605,1012.5,1
2026-06-26T17:00,34,25,11,0,6,4.02,249,463,1012.8,1
2026-06-26T18:00,33.2,26,11,0,27,3.89,246,328,1012.6,1
2026-06-26T19:00,31.8,30,12.1,0,48,3.44,244,172,1013,1
2026-06-26T20:00,30.2,36,13.4,0,22,3.49,241,55,1013.6,1
2026-06-26T21:00,28.7,43,14.8,0,57,3.33,244,1,1014.3,0
2026-06-26T22:00,27.4,48,15.3,0,25,2.83,234,0,1015,0
2026-06-26T23:00,26.2,50,15.1,0,82,2.42,240,0,1015.1,0
2026-06-27T00:00,25.1,55,15.5,0,59,2.25,253,0,1015.1,0
2026-06-27T01:00,23.8,59,15.4,0,95,2.24,243,0,1015,0
2026-06-27T02:00,23,63,15.6,0,61,1.75,270,0,1014.4,0
2026-06-27T03:00,22.5,66,15.9,0,92,1.53,259,0,1014.8,0
2026-06-27T04:00,22,70,16.2,0,23,1.66,265,0,1014.9,1
2026-06-27T05:00,22.1,70,16.5,0,41,0.54,248,36,1015.1,1
2026-06-27T06:00,23.1,68,16.9,0,34,0.74,138,141,1016,1
2026-06-27T07:00,24.2,62,16.4,0,53,0.67,228,252,1015.7,1
2026-06-27T08:00,25.8,51,14.9,0,91,0.94,245,443,1015.8,1
2026-06-27T09:00,27.4,43,13.9,0,84,0.79,198,568,1016.1,1
2026-06-27T10:00,28.8,39,13.5,0,72,1.14,195,644,1015.3,1
2026-06-27T11:00,30.2,36,13.7,0,100,1.9,203,792,1014.6,1
2026-06-27T12:00,31.3,34,13.4,0,58,2.18,200,411,1014.1,1
2026-06-27T13:00,31.9,31,12.9,0,59,2.5,192,818,1013.3,1
2026-06-27T14:00,32.4,30,12.6,0,100,2.97,197,785,1013,1
2026-06-27T15:00,30.7,35,13.5,0,100,3.55,178,366,1013.1,1
2026-06-27T16:00,30,38,14.2,0,99,3.4,182,295,1013.1,1
2026-06-27T17:00,29,39,13.8,0,93,4.1,177,277,1012.8,1
2026-06-27T18:00,28.3,43,14.7,0,98,3.83,187,246,1012.2,1
2026-06-27T19:00,26.8,45,13.9,0,98,4.46,200,118,1012.3,1
2026-06-27T20:00,25.4,46,12.9,0,96,3.66,215,24,1012.5,1
2026-06-27T21:00,24.6,47,12.7,0,45,2.88,219,1,1012.6,0
2026-06-27T22:00,23.9,50,12.9,0,9,2.63,213,0,1012.6,0
2026-06-27T23:00,23.1,55,13.5,0,1,2.72,212,0,1013.2,0
2026-06-28T00:00,21.7,60,13.6,0,35,2.61,200,0,1012.8,0
2026-06-28T01:00,21.2,64,14.1,0,13,2.8,204,0,1012.6,0
2026-06-28T02:00,20.8,65,14.1,0,1,2.9,224,0,1012.6,0
2026-06-28T03:00,20.4,66,13.8,0,0,3.12,229,0,1012.7,0
2026-06-28T04:00,19.9,69,13.9,0,0,3.44,229,0,1012.9,1
2026-06-28T05:00,19.6,75,15.1,0,11,3.68,224,46,1013.4,1
2026-06-28T06:00,20.1,75,15.5,0,27,4.52,232,155,1014,1
2026-06-28T07:00,21.1,67,14.8,0,7,4.14,233,278,1014,1
2026-06-28T08:00,22.2,55,12.8,0,15,4.84,240,459,1014.5,1
2026-06-28T09:00,23.4,48,11.7,0,57,4.95,237,581,1015,1
2026-06-28T10:00,23.8,49,12.4,0,100,4.9,243,542,1015.1,1
2026-06-28T11:00,24.1,48,12.5,0,100,4.69,239,450,1015.4,1
2026-06-28T12:00,24.9,45,12.2,0,62,4.97,230,442,1015.4,1
2026-06-28T13:00,25.9,41,11.8,0,52,5.2,232,656,1015.5,1
2026-06-28T14:00,26.1,40,11.4,0,49,5.05,231,666,1015.6,1
2026-06-28T15:00,25.9,40,11.3,0,81,4.95,240,628,1015.7,1
2026-06-28T16:00,24.9,41,10.9,0,99,4.89,263,397,1016.1,1
2026-06-28T17:00,23.7,40,9.4,0,100,4.53,276,239,1016.9,1
2026-06-28T18:00,23.7,41,9.5,0,98,3.66,280,181,1017.6,1
2026-06-28T19:00,22.8,43,9.5,0,92,3.65,293,96,1018.2,1
2026-06-28T20:00,21.5,45,9,0,64,3.94,294,42,1019,1
2026-06-28T21:00,20.4,45,8,0,33,3.94,290,1,1020.1,0
2026-06-28T22:00,19.2,45,6.9,0,30,3.84,288,0,1021.2,0
2026-06-28T23:00,18.2,47,6.6,0,0,3.56,274,0,1022.1,0
2026-06-29T00:00,16.7,55,7.5,0,0,3.08,277,0,1021.9,0
2026-06-29T01:00,15.9,60,8,0,0,2.91,275,0,1022.2,0
2026-06-29T02:00,15.3,65,8.6,0,2,2.57,278,0,1022.6,0
2026-06-29T03:00,14.7,70,9.2,0,1,2.3,269,0,1023,0
2026-06-29T04:00,14.4,74,9.8,0,1,2.32,263,0,1023.4,1
2026-06-29T05:00,14.7,74,10.2,0,2,1.91,264,47,1023.9,1
2026-06-29T06:00,15.7,70,10.3,0,2,2.15,267,169,1024.2,1
2026-06-29T07:00,16.9,62,9.6,0,5,2.5,271,320,1024.8,1
2026-06-29T08:00,18.2,53,8.5,0,19,2.82,276,473,1024.7,1
2026-06-29T09:00,19.2,47,7.6,0,28,2.88,278,582,1024.6,1
2026-06-29T10:00,20.4,43,7.3,0,48,2.35,272,693,1024.5,1
2026-06-29T11:00,21.7,39,7.2,0,62,2.16,263,796,1024.5,1
2026-06-29T12:00,22.7,37,7.1,0,75,2.17,255,814,1024.2,1
2026-06-29T13:00,23.9,33,6.7,0,99,2.47,263,825,1024.1,1
2026-06-29T14:00,23.8,34,6.8,0,99,2.47,277,649,1023.7,1
2026-06-29T15:00,24.4,32,6.6,0,70,2.29,286,623,1023.5,1
2026-06-29T16:00,24.3,32,6.7,0,86,2.43,279,531,1023.1,1
2026-06-29T17:00,24,32,6.4,0,66,2.71,275,398,1022.9,1
2026-06-29T18:00,23,37,7.6,0,80,2.36,283,289,1022.9,1
2026-06-29T19:00,22.3,39,7.7,0,99,2.71,293,138,1022.8,1
2026-06-29T20:00,21.7,42,8.1,0,96,2.58,302,44,1022.8,1
2026-06-29T21:00,21,45,8.6,0,100,2.46,308,1,1023.2,0
2026-06-29T22:00,20.9,46,8.8,0,100,1.73,303,0,1023.2,0
2026-06-29T23:00,20.7,47,8.8,0,98,1.26,288,0,1022.9,0
2026-06-30T00:00,19.3,51,8.8,0,100,1.09,286,0,1022.9,0
2026-06-30T01:00,19.2,51,8.8,0,100,1.3,270,0,1022.8,0
2026-06-30T02:00,18.9,53,9.1,0,100,0.6,265,0,1022.2,0
2026-06-30T03:00,18.6,55,9.4,0,85,0.4,263,0,1021.9,0
2026-06-30T04:00,18.1,58,9.6,0,95,1.03,256,0,1021.5,1
2026-06-30T05:00,17.9,62,10.4,0,98,1.77,241,33,1021.8,1
2026-06-30T06:00,18.1,65,11.4,0,98,1.9,243,129,1021.5,1
2026-06-30T07:00,18.9,62,11.4,0,100,1.64,239,248,1021.6,1
2026-06-30T08:00,19.3,60,11.4,0,99,1.92,219,265,1021.5,1
2026-06-30T09:00,20.2,55,11,0,98,2.51,215,359,1021.3,1
2026-06-30T10:00,20.6,52,10.3,0,95,2.67,218,460,1021,1
2026-06-30T11:00,21.6,46,9.6,0,92,2.8,221,572,1020.8,1
2026-06-30T12:00,22.6,43,9.3,0,95,2.83,225,734,1020.4,1
2026-06-30T13:00,23.5,37,7.9,0,64,2.88,231,758,1019.5,1
2026-06-30T14:00,24.3,33,7,0,38,2.94,228,680,1019,1
2026-06-30T15:00,24.8,31,6.6,0,13,3.03,232,671,1018.4,1
2026-06-30T16:00,25.4,29,6.2,0,62,3.33,234,603,1017.9,1
2026-06-30T17:00,24.7,32,6.9,0,100,4.09,243,369,1017.4,1
2026-06-30T18:00,22.8,43,9.5,0,88,4.15,221,155,1017.8,1
2026-06-30T19:00,21.7,50,10.8,0,66,4.25,246,112,1018,1
2026-06-30T20:00,20.5,57,11.8,0.3,56,3.89,250,37,1018.5,1
2026-06-30T21:00,20.1,60,12.1,0.1,54,3.37,249,1,1019.2,0
2026-06-30T22:00,19.6,63,12.4,0,23,3.32,247,0,1019.3,0
2026-06-30T23:00,18.8,69,13,0,36,3.07,258,0,1019.6,0
2026-07-01T00:00,18.3,73,13.3,0,20,2.55,250,0,1019.6,0
2026-07-01T01:00,17.7,77,13.6,0,7,2.42,263,0,1019.4,0
2026-07-01T02:00,17.1,81,13.8,0,15,2.4,271,0,1019.6,0
2026-07-01T03:00,16.5,85,13.9,0,12,2.25,271,0,1019.7,0
2026-07-01T04:00,15.9,88,13.9,0,15,2.25,270,0,1019.9,1
2026-07-01T05:00,16,86,13.7,0,23,2.01,274,40,1020.3,1
2026-07-01T06:00,17.2,81,13.9,0,28,1.81,284,155,1020.8,1
2026-07-01T07:00,18.6,69,12.9,0,6,1.9,293,305,1021.3,1
2026-07-01T08:00,20.2,59,12,0,29,2.19,294,460,1021.5,1
2026-07-01T09:00,21.6,51,11.1,0,62,2.53,295,595,1021.6,1
2026-07-01T10:00,22.3,47,10.5,0,97,2.8,299,562,1021.8,1
2026-07-01T11:00,22.5,46,10.3,0,90,2.64,299,362,1021.9,1
2026-07-01T12:00,23.6,44,10.7,0,99,2.44,293,553,1022,1
2026-07-01T13:00,24,43,10.6,0,97,2.27,284,509,1021.7,1
2026-07-01T14:00,24.3,43,10.8,0,77,2.87,283,417,1021.6,1
2026-07-01T15:00,24.8,41,10.6,0,66,3.16,281,370,1021.5,1
2026-07-01T16:00,25.1,40,10.5,0,59,3.3,284,386,1021.1,1
2026-07-01T17:00,24.9,39,10.2,0,93,2.87,283,287,1020.6,1
2026-07-01T18:00,25.3,37,9.7,0,69,3.35,268,249,1020.3,1
2026-07-01T19:00,24.7,39,9.8,0,52,3.65,268,136,1020.2,1
2026-07-01T20:00,23.5,44,10.5,0,14,4.14,262,52,1020.3,1
2026-07-01T21:00,21.8,52,11.7,0,58,4.22,253,1,1020.7,0
2026-07-01T22:00,20.1,54,10.4,0,19,4.29,251,0,1021.1,0
2026-07-01T23:00,18.4,57,9.7,0,6,3.96,249,0,1020.7,0
2026-07-02T00:00,17.5,64,10.6,0,7,3.8,245,0,1019.9,0
2026-07-02T01:00,17.2,68,11.3,0,19,3.77,238,0,1019.3,0
2026-07-02T02:00,16.9,72,11.8,0,100,4.09,235,0,1018.9,0
2026-07-02T03:00,17,76,12.6,0,100,4,226,0,1018.1,0
2026-07-02T04:00,17.4,77,13.2,0,100,3.37,220,0,1017.7,1
2026-07-02T05:00,18.2,76,13.9,0,100,4.17,236,13,1017.4,1
2026-07-02T06:00,18.6,77,14.4,0,100,3.36,237,44,1017.7,1
2026-07-02T07:00,19.3,76,15,0,78,5.08,260,82,1017.6,1
2026-07-02T08:00,21.4,63,14,0.1,94,5.19,277,323,1017.7,1
2026-07-02T09:00,22,53,12,0,11,4.92,279,429,1018.2,1
2026-07-02T10:00,23.3,47,11.2,0,2,4.63,288,753,1018.6,1
2026-07-02T11:00,24.1,40,9.7,0,10,4.44,293,834,1018.9,1
2026-07-02T12:00,25.1,38,9.8,0,38,4.29,304,888,1019.5,1
2026-07-02T13:00,25.4,36,9,0,70,4.08,306,890,1020,1
2026-07-02T14:00,25.8,32,7.8,0,25,4.05,310,841,1020.4,1
2026-07-02T15:00,25.9,30,7,0,42,4.07,315,765,1020.8,1
2026-07-02T16:00,25.5,29,6.3,0,8,4.18,319,646,1021.3,1
2026-07-02T17:00,24.7,29,5.6,0,2,4.08,320,504,1021.6,1
2026-07-02T18:00,24.2,30,5.6,0,2,3.74,326,349,1022.2,1
2026-07-02T19:00,22.9,34,6,0,11,3.7,328,192,1022.8,1
2026-07-02T20:00,21.4,38,6.6,0,13,3.65,335,61,1023.6,1
2026-07-02T21:00,19.9,42,6.5,0,13,3.61,343,1,1024.7,0
2026-07-02T22:00,18.6,44,6.3,0,3,3.48,348,0,1025.2,0
2026-07-02T23:00,17.6,48,6.6,0,25,3.14,346,0,1025.8,0
2026-07-03T00:00,16.2,54,6.8,0,2,2.47,346,0,1026.1,0
2026-07-03T01:00,15.4,57,6.9,0,23,2.28,337,0,1026.3,0
2026-07-03T02:00,14.7,60,7.1,0,35,1.78,328,0,1026.4,0
2026-07-03T03:00,14.1,64,7.3,0,91,1.72,306,0,1026.6,0
2026-07-03T04:00,13.6,67,7.5,0,90,1.78,308,0,1027,1
2026-07-03T05:00,13.8,67,7.7,0,93,1.32,307,41,1027.2,1
2026-07-03T06:00,14.7,65,8.2,0,99,1.35,301,153,1027.6,1
2026-07-03T07:00,16,61,8.6,0,81,1.42,318,274,1027.8,1
2026-07-03T08:00,17.5,55,8.4,0,83,1.17,329,453,1027.8,1
2026-07-03T09:00,18.9,50,8.2,0,75,1.08,304,615,1027.7,1
2026-07-03T10:00,20.3,46,8.2,0,75,1.2,287,740,1027.7,1
2026-07-03T11:00,21.6,43,8.4,0,74,1.33,290,826,1027.4,1
2026-07-03T12:00,23.3,38,8.3,0,82,1.15,268,830,1027,1
2026-07-03T13:00,24.6,35,8.3,0,34,1.66,249,849,1026.6,1
2026-07-03T14:00,25.3,34,8.2,0,23,2.26,265,829,1026.1,1
2026-07-03T15:00,25.7,33,8.1,0,52,2.7,281,759,1025.8,1
2026-07-03T16:00,25.7,33,8.2,0,2,2.93,287,632,1025.6,1
2026-07-03T17:00,25.5,34,8.6,0,9,2.83,287,493,1025,1
2026-07-03T18:00,26,33,8.3,0,10,3.06,276,332,1024.4,1
2026-07-03T19:00,25.3,35,8.8,0,4,3.55,272,180,1024.3,1
2026-07-03T20:00,24.6,37,9.1,0,2,3.29,279,57,1024.3,1
2026-07-03T21:00,23.2,43,9.9,0,1,3.27,247,1,1024.9,0
2026-07-03T22:00,21.9,51,11.3,0,0,3.56,246,0,1025.3,0
2026-07-03T23:00,20.9,58,12.2,0,0,3.7,261,0,1025.4,0
2026-07-04T00:00,19.5,65,12.8,0,0,3.45,268,0,1025.3,0
2026-07-04T01:00,18.1,70,12.6,0,0,3.72,275,0,1025.4,0
2026-07-04T02:00,16.9,74,12.1,0,0,2.95,271,0,1025.3,0
2026-07-04T03:00,16.2,77,12.2,0,0,2.61,265,0,1025.1,0
2026-07-04T04:00,15.7,80,12.2,0,0,2.43,261,0,1025.2,1
2026-07-04T05:00,15.8,80,12.4,0,0,2.33,255,41,1025.2,1
2026-07-04T06:00,16.8,78,13,0,56,2.84,261,156,1025.2,1
2026-07-04T07:00,18.3,75,13.8,0,72,3.5,271,265,1025.1,1
2026-07-04T08:00,19.6,71,14.2,0,100,3.5,270,379,1025,1
2026-07-04T09:00,21,65,14.1,0,100,3.81,265,455,1024.8,1
2026-07-04T10:00,22.1,59,13.8,0,100,4.35,270,430,1024.4,1
2026-07-04T11:00,23.7,52,13.3,0,45,4.35,269,559,1024.3,1
2026-07-04T12:00,25.3,46,12.9,0,52,4.45,271,794,1023.8,1
2026-07-04T13:00,26.5,43,12.8,0,52,4.41,275,790,1023.5,1
2026-07-04T14:00,27.7,37,11.9,0,22,4.96,274,759,1023.1,1
2026-07-04T15:00,28.1,36,11.5,0,6,4.95,271,661,1022.4,1
2026-07-04T16:00,28.9,34,11.5,0,20,5.11,267,630,1021.9,1
2026-07-04T17:00,29.5,30,10.1,0,21,5.68,276,437,1021.4,1
2026-07-04T18:00,26.8,44,13.4,0,69,5.05,268,259,1021.8,1
2026-07-04T19:00,25.5,48,13.5,0,32,4.58,277,159,1022,1
2026-07-04T20:00,23.8,56,14.5,0,41,4.38,277,54,1022.4,1
2026-07-04T21:00,22.2,63,14.7,0,22,3.99,278,1,1023,0
2026-07-04T22:00,21,67,14.7,0,25,3.51,274,0,1023.3,0
2026-07-04T23:00,20.1,71,14.6,0,43,3.01,275,0,1023.5,0
2026-07-05T00:00,19.7,73,14.8,0,14,2.62,278,0,1023.6,0
2026-07-05T01:00,19,76,14.6,0,6,2.72,277,0,1023.4,0
2026-07-05T02:00,18.1,79,14.4,0,41,2.84,279,0,1023.3,0
2026-07-05T03:00,17.4,81,14.2,0,18,2.51,276,0,1023,0
2026-07-05T04:00,16.9,83,14,0,20,2.5,272,0,1022.9,1
2026-07-05T05:00,16.9,82,13.9,0,50,2.35,271,37,1023.2,1
2026-07-05T06:00,17.6,79,14,0,100,3.13,283,146,1023.5,1
2026-07-05T07:00,18.4,75,13.9,0,100,2.99,291,216,1023.4,1
2026-07-05T08:00,19.4,70,13.7,0,99,2.83,278,329,1023.2,1
2026-07-05T09:00,20.6,64,13.5,0,100,2.79,285,443,1023.3,1
2026-07-05T10:00,21.2,60,13,0,100,2.86,274,375,1023.2,1
2026-07-05T11:00,23,52,12.5,0,96,3.06,274,578,1022.9,1
2026-07-05T12:00,25.6,42,11.9,0,63,3.2,271,708,1022.2,1
2026-07-05T13:00,26.4,41,12.2,0,38,3.15,271,824,1021.8,1
2026-07-05T14:00,27.1,40,12.5,0,21,3.18,277,798,1021.5,1
2026-07-05T15:00,27.5,39,12.3,0,64,3.01,275,729,1020.9,1
2026-07-05T16:00,27.9,37,11.9,0,59,3.42,282,629,1020.6,1
2026-07-05T17:00,27.8,39,12.4,0,84,3.44,283,483,1020.2,1
2026-07-05T18:00,27.6,40,12.9,0,97,2.91,275,311,1019.7,1
2026-07-05T19:00,26.8,44,13.6,0,98,3.25,267,155,1019.4,1
2026-07-05T20:00,26,48,14.1,0,95,3.6,271,45,1019.3,1
2026-07-05T21:00,24.8,54,14.9,0,92,3.75,271,1,1019.7,0
2026-07-05T22:00,23.6,59,15.1,0,73,3.61,265,0,1019.7,0
2026-07-05T23:00,22.4,62,14.8,0,68,3.27,263,0,1019.5,0
2026-07-06T00:00,21.2,69,15.3,0,74,2.73,262,0,1019.3,0
2026-07-06T01:00,20.1,73,15.2,0,82,2.7,259,0,1019,0
2026-07-06T02:00,19.1,76,14.8,0,40,2.57,257,0,1018.8,0
2026-07-06T03:00,18.2,77,14.2,0,82,2.55,254,0,1018.5,0
2026-07-06T04:00,17.8,76,13.5,0,71,2.4,253,0,1018.2,1
2026-07-06T05:00,17.6,74,12.9,0,45,2.4,247,36,1018.1,1
2026-07-06T06:00,18.6,69,12.9,0,23,2.26,242,140,1017.9,1
2026-07-06T07:00,20.3,61,12.6,0,23,2.24,243,308,1017.7,1
2026-07-06T08:00,22.5,53,12.4,0,47,2.28,247,464,1017.8,1
2026-07-06T09:00,24.9,45,12.2,0,41,2.35,241,612,1017.5,1
2026-07-06T10:00,27.2,37,11.4,0,26,2.98,245,729,1016.9,1
2026-07-06T11:00,29,31,10.3,0,23,3.85,254,821,1016.7,1
2026-07-06T12:00,30.6,26,8.7,0,35,4.37,265,876,1016.4,1
2026-07-06T13:00,31.2,22,7.3,0,33,4.82,265,883,1015.8,1
2026-07-06T14:00,31.6,20,6,0,45,5.09,263,837,1015.5,1
2026-07-06T15:00,31.6,19,5.4,0,83,5.3,262,761,1015,1
2026-07-06T16:00,31.1,19,5,0,10,5.43,264,609,1014.7,1
2026-07-06T17:00,30.5,21,5.5,0,41,5.33,264,499,1014.5,1
2026-07-06T18:00,29.9,21,5.2,0,95,5,268,336,1014.2,1
2026-07-06T19:00,28.6,23,5.6,0,98,4.71,267,146,1014,1
2026-07-06T20:00,27.4,27,6.8,0,89,4.02,259,37,1014,1
2026-07-06T21:00,26.4,29,6.7,0,98,3.86,260,1,1014,0
2026-07-06T22:00,25.7,29,6.3,0,100,3.86,266,0,1014.2,0
2026-07-06T23:00,24.7,29,5.2,0,98,3.73,262,0,1014.1,0
2026-07-07T00:00,23.1,32,5.5,0,88,3.4,260,0,1013.9,0
2026-07-07T01:00,22.3,32,4.9,0,65,3.21,266,0,1013.6,0
2026-07-07T02:00,21,36,5.3,0,69,2.96,265,0,1013.5,0
2026-07-07T03:00,20,40,6.1,0,73,2.75,260,0,1013.5,0
2026-07-07T04:00,19.1,46,7.2,0,70,2.71,258,0,1013.5,1
2026-07-07T05:00,18.9,50,8.3,0,97,2.48,261,37,1013.8,1
2026-07-07T06:00,19.5,52,9.5,0,97,2.49,260,140,1014.1,1
2026-07-07T07:00,20.8,52,10.6,0,88,2.46,265,282,1014.2,1
2026-07-07T08:00,22.3,51,11.8,0,84,2.61,266,420,1014.2,1
2026-07-07T09:00,24.2,50,13.1,0,67,2.85,269,589,1014.2,1
2026-07-07T10:00,25.9,44,12.9,0,73,3.26,274,716,1014.2,1
2026-07-07T11:00,27.4,37,11.2,0,83,3.59,278,779,1014.4,1
2026-07-07T12:00,29.2,30,9.6,0,71,3.26,281,776,1014.2,1
2026-07-07T13:00,29.9,28,9.6,0,93,3.24,283,834,1014,1
2026-07-07T14:00,30.5,28,10.1,0,80,3.29,287,792,1013.9,1
2026-07-07T15:00,30.9,27,9.7,0,41,3.32,288,716,1013.8,1
2026-07-07T16:00,31,27,9.6,0,61,3.33,296,623,1013.7,1
2026-07-07T17:00,30.5,29,10.3,0,63,3.38,304,477,1013.8,1
2026-07-07T18:00,30.1,33,11.9,0,59,3.23,325,321,1013.9,1
2026-07-07T19:00,29.2,36,12.4,0,47,2.81,321,172,1014,1
2026-07-07T20:00,28.4,38,12.6,0,49,2.69,317,51,1014.3,1
2026-07-07T21:00,27.9,39,12.8,0,16,2.44,313,1,1015,0
2026-07-07T22:00,27.2,41,13,0,19,2.47,339,0,1015.5,0
2026-07-07T23:00,25.8,46,13.3,0,6,3.26,21,0,1015.8,0
2026-07-08T00:00,23.9,50,12.9,0,7,2.5,12,0,1016.3,0
2026-07-08T01:00,22.9,52,12.6,0,0,2.65,3,0,1016.6,0
2026-07-08T02:00,22,54,12.2,0,0,2.06,356,0,1016.8,0
2026-07-08T03:00,21.2,56,12.2,0,0,1.68,343,0,1017,0
2026-07-08T04:00,20.5,60,12.4,0,0,1.75,347,0,1017.3,1
2026-07-08T05:00,20.4,60,12.5,0,0,1.46,354,36,1017.5,1
2026-07-08T06:00,21.3,61,13.5,0,0,1.3,358,149,1017.8,1
2026-07-08T07:00,22.5,56,13.3,0,0,1.18,12,295,1017.8,1
2026-07-08T08:00,24.1,51,13.2,0,0,1.04,17,447,1017.9,1
2026-07-08T09:00,25.7,46,13.1,0,0,0.86,10,590,1018,1
2026-07-08T10:00,27.3,42,13.2,0,0,0.61,351,710,1018,1
2026-07-08T11:00,28.8,39,13.3,0,0,0.49,336,798,1018.1,1
2026-07-08T12:00,30.3,34,12.9,0,0,0.59,290,847,1017.7,1
2026-07-08T13:00,31.5,33,13.2,0,5,0.86,277,853,1017.1,1
2026-07-08T14:00,32.5,31,13.3,0,20,1.76,277,812,1016.6,1
2026-07-08T15:00,32.7,31,13.2,0,35,2.51,265,603,1016.2,1
2026-07-08T16:00,32.6,30,12.9,0,13,3.04,261,548,1016.2,1
2026-07-08T17:00,32.3,29,12.2,0,8,2.95,272,374,1015.9,1
2026-07-08T18:00,32.3,28,11.7,0,1,2.83,306,268,1015.7,1
2026-07-08T19:00,32,29,11.9,0,13,2.8,320,166,1015.5,1
2026-07-08T20:00,30.8,32,12.1,0,17,0.8,270,51,1015.9,1
2026-07-08T21:00,28.2,40,13.3,0,1,3.31,183,1,1016.6,0
2026-07-08T22:00,26.2,48,14.2,0,0,3.06,195,0,1016.7,0
2026-07-08T23:00,25.3,50,14.2,0,0,2.56,211,0,1016.7,0
2026-07-09T00:00,24.4,52,14,0,5,2.26,225,0,1016.5,0
2026-07-09T01:00,23.6,55,13.9,0,0,1.87,224,0,1016.4,0
2026-07-09T02:00,22.9,57,14,0,0,1.62,214,0,1016.3,0
2026-07-09T03:00,22.3,59,13.8,0,0,1.51,214,0,1016.2,0
2026-07-09T04:00,21.7,61,13.8,0,0,1.64,211,0,1016.2,1
2026-07-09T05:00,21.6,61,13.8,0,2,1.43,216,36,1016.5,1
2026-07-09T06:00,22.5,59,14.2,0,3,1.35,222,152,1016.5,1
2026-07-09T07:00,24.4,52,13.9,0,14,1.35,228,302,1016.4,1
2026-07-09T08:00,26.6,45,13.5,0,23,1.52,226,458,1016.4,1
2026-07-09T09:00,28.7,38,12.8,0,35,1.48,237,603,1016.3,1
2026-07-09T10:00,30.5,32,11.8,0,52,1.41,247,725,1016,1
2026-07-09T11:00,31.7,28,10.9,0,47,1.25,254,812,1015.8,1
2026-07-09T12:00,33,25,10.5,0,32,1.17,260,859,1015.2,1
2026-07-09T13:00,33.7,24,10.6,0,26,1.3,266,862,1014.7,1
2026-07-09T14:00,34.2,24,10.8,0,79,1.6,266,805,1014.2,1
2026-07-09T15:00,34.5,24,10.8,0,85,1.6,272,661,1013.8,1
2026-07-09T16:00,34.7,23,10.7,0,96,1.29,283,544,1013.5,1
2026-07-09T17:00,34.3,24,10.7,0,99,2.11,275,390,1013.2,1
2026-07-09T18:00,32.7,32,14,0,99,2.94,238,224,1012.9,1
2026-07-09T19:00,31.1,37,14.9,0,97,3.93,195,127,1013.1,1
2026-07-09T20:00,29,41,14.3,0,88,3.78,172,45,1014.1,1
2026-07-09T21:00,28.1,42,13.9,0,95,2.03,170,1,1014.5,0
2026-07-09T22:00,27.4,44,14.2,0,98,2.22,172,0,1014.8,0
2026-07-09T23:00,26.7,47,14.5,0,100,1.66,147,0,1014.9,0
2026-07-10T00:00,25.5,53,15.1,0,100,1.96,128,0,1015,0
2026-07-10T01:00,24.6,55,15.1,0,100,1.81,114,0,1014.9,0
2026-07-10T02:00,23.7,59,15.2,0,100,1.61,97,0,1014.8,0
2026-07-10T03:00,22.8,64,15.6,0,98,1.59,77,0,1014.9,0
2026-07-10T04:00,22,70,16.3,0,98,1.72,82,0,1015,1
2026-07-10T05:00,21.6,75,16.9,0,97,1.87,81,24,1015.3,1
2026-07-10T06:00,22.3,74,17.3,0,96,1.96,75,116,1015.5,1
2026-07-10T07:00,23.6,67,17.1,0,97,2,77,244,1015.4,1
2026-07-10T08:00,25.3,58,16.4,0,97,2.11,83,390,1015.4,1
2026-07-10T09:00,27,50,15.8,0,96,2.31,85,522,1015.6,1
2026-07-10T10:00,28.4,43,14.6,0,99,2.66,86,613,1015.7,1
2026-07-10T11:00,29.3,38,13.7,0,96,3.16,85,681,1015.8,1
2026-07-10T12:00,30.2,33,12.2,0,98,3.39,81,709,1015.6,1
2026-07-10T13:00,30.2,32,11.5,0,73,3.68,78,693,1015.4,1
2026-07-10T14:00,30.2,30,10.9,0,33,3.73,72,680,1015.5,1
2026-07-10T15:00,30.5,29,10.5,0,23,3.66,76,704,1015.4,1
2026-07-10T16:00,30.2,29,10.1,0,27,3.87,79,637,1015.3,1
2026-07-10T17:00,29,31,10.1,0,26,3.82,79,483,1015.3,1
2026-07-10T18:00,27.6,32,9.3,0,11,3.52,75,303,1015.8,1
2026-07-10T19:00,25.9,37,10.1,0,10,3.53,78,155,1015.8,1
2026-07-10T20:00,24.3,46,12.1,0,0,3.36,75,49,1016.1,1
2026-07-10T21:00,23.3,53,13.3,0,9,3.27,71,1,1016.8,0
2026-07-10T22:00,22.6,57,13.7,0,19,3.09,67,0,1017.4,0
2026-07-10T23:00,21.9,61,14,0,2,2.76,68,0,1017.8,0
2026-07-11T00:00,20.6,66,14.1,0,6,2.73,64,0,1017.8,0
2026-07-11T01:00,20.1,69,14.3,0,16,2.77,62,0,1017.9,0
2026-07-11T02:00,19.5,72,14.3,0,0,2.75,57,0,1018.1,0
2026-07-11T03:00,19,75,14.5,0,0,2.66,56,0,1018.1,0
2026-07-11T04:00,18.6,79,14.8,0,0,2.63,57,0,1018.2,1
2026-07-11T05:00,18.6,79,14.9,0,0,2.4,45,33,1018.4,1
2026-07-11T06:00,19.8,78,15.9,0,27,2.9,54,146,1018.5,1
2026-07-11T07:00,21.2,72,16,0,9,2.93,57,271,1018.6,1
2026-07-11T08:00,22.9,65,16,0,5,2.95,64,427,1018.8,1
2026-07-11T09:00,24.6,58,15.8,0,17,3.32,67,565,1018.9,1
2026-07-11T10:00,26,51,15.2,0,5,3.58,65,688,1018.9,1
2026-07-11T11:00,27.4,45,14.3,0,0,3.66,68,804,1019,1
2026-07-11T12:00,28.3,43,14.4,0,1,3.57,68,867,1019.2,1
2026-07-11T13:00,28.7,41,14.3,0,1,3.53,69,866,1019.1,1
2026-07-11T14:00,29.1,40,14,0,0,3.54,74,828,1019,1
2026-07-11T15:00,29.2,40,14.3,0,0,3.63,75,746,1018.9,1
2026-07-11T16:00,29,42,14.6,0,0,3.81,73,628,1018.7,1
2026-07-11T17:00,28.2,44,14.9,0,0,4.09,68,484,1018.4,1
2026-07-11T18:00,27.6,44,14.4,0,0,4.21,60,328,1018.7,1
2026-07-11T19:00,25.9,51,15,0,0,4.39,60,175,1018.8,1
2026-07-11T20:00,24.1,58,15.2,0,0,4.36,63,50,1019.4,1
2026-07-11T21:00,22.3,62,14.8,0,2,4.27,57,0,1020.4,0
2026-07-11T22:00,20.5,68,14.3,0,2,4.2,55,0,1021.1,0
2026-07-11T23:00,19.2,72,14.1,0,5,3.8,55,0,1021.6,0
2026-07-12T00:00,17.7,78,13.7,0,6,3.68,47,0,1021.7,0
2026-07-12T01:00,17,80,13.6,0,5,4,48,0,1021.7,0
2026-07-12T02:00,16.7,82,13.6,0,37,3.89,44,0,1021.8,0
2026-07-12T03:00,16.6,82,13.6,0,71,3.73,40,0,1022,0
2026-07-12T04:00,16.8,82,13.8,0,100,3.97,41,0,1021.9,1
2026-07-12T05:00,17.3,83,14.4,0,100,4.1,44,17,1021.9,1
2026-07-12T06:00,17.7,81,14.4,0,100,4.07,46,65,1022.5,1
2026-07-12T07:00,18.5,80,14.9,0,100,4.03,47,105,1022.7,1
2026-07-12T08:00,20,74,15.3,0,100,4.05,51,218,1022.8,1
2026-07-12T09:00,22.5,65,15.6,0,100,4.27,61,379,1022.7,1
2026-07-12T10:00,24.8,56,15.6,0,46,4.5,67,461,1022.6,1
2026-07-12T11:00,27.2,47,14.8,0,30,5.08,69,731,1022.4,1
2026-07-12T12:00,28.4,44,15,0,5,4.65,71,802,1022,1
2026-07-12T13:00,29,41,14.3,0,5,4.82,75,845,1021.9,1
2026-07-12T14:00,29.2,38,13.4,0,1,5,76,815,1021.8,1
2026-07-12T15:00,29.1,36,12.7,0,0,5.18,75,739,1021.5,1
2026-07-12T16:00,28.5,35,11.7,0,0,5.31,72,624,1021.4,1
2026-07-12T17:00,27.6,34,10.2,0,0,5.51,69,484,1021.4,1
2026-07-12T18:00,26.5,29,6.8,0,0,5.46,69,329,1021.6,1
2026-07-12T19:00,24.9,28,5.2,0,0,5.2,67,178,1021.9,1
2026-07-12T20:00,23.1,38,8.1,0,0,4.93,60,51,1022.4,1
2026-07-12T21:00,21.4,41,7.7,0,0,4.87,54,0,1022.8,0
2026-07-12T22:00,19.9,47,8.4,0,16,4.78,49,0,1022.9,0
2026-07-12T23:00,18.6,55,9.4,0,13,4.36,48,0,1023,0
2026-07-13T00:00,17.3,63,10.3,0,3,4.07,46,0,1023,0
2026-07-13T01:00,16.4,70,11,0,0,4.18,42,0,1022.7,0
2026-07-13T02:00,15.6,78,11.8,0,9,4.53,41,0,1022.3,0
2026-07-13T03:00,15,83,12.1,0,20,4.56,45,0,1022.3,0
2026-07-13T04:00,14.7,84,12,0,33,3.8,35,0,1022.2,1
2026-07-13T05:00,15.4,81,12.1,0,100,3.29,24,25,1022,1
2026-07-13T06:00,16.9,79,13.2,0,100,4.44,39,74,1021.6,1
2026-07-13T07:00,18.5,69,12.6,0,88,6.19,56,149,1021.3,1
2026-07-13T08:00,19.8,62,12.3,0,77,5.73,56,293,1021.1,1
2026-07-13T09:00,21.3,55,11.8,0,68,5.31,57,484,1020.7,1
2026-07-13T10:00,23,49,11.6,0,37,4.81,57,649,1020.6,1
2026-07-13T11:00,24.3,45,11.6,0,37,4.94,56,796,1020.1,1
2026-07-13T12:00,24.9,46,12.6,0,27,4.94,56,847,1019.9,1
2026-07-13T13:00,25.5,45,12.7,0,16,5.02,55,820,1019.3,1
2026-07-13T14:00,26.2,43,12.8,0,11,4.99,55,796,1018.9,1
2026-07-13T15:00,26.5,43,12.8,0,12,5.02,59,721,1018.6,1
2026-07-13T16:00,26.6,42,12.8,0,3,5.06,62,608,1018.4,1
2026-07-13T17:00,26.1,44,12.8,0,2,5.31,60,475,1017.9,1
2026-07-13T18:00,24.9,50,13.7,0,32,4.91,60,326,1018.2,1
2026-07-13T19:00,23.6,57,14.5,0,100,4.98,56,164,1018.4,1
2026-07-13T20:00,22,65,15,0,95,4.92,49,38,1018.9,1
2026-07-13T21:00,20.7,70,14.9,0,95,4.67,47,0,1019.7,0
2026-07-13T22:00,19.6,72,14.4,0,95,4.32,48,0,1020.2,0
2026-07-13T23:00,18.7,72,13.6,0,97,4,41,0,1020.2,0
2026-07-14T00:00,17.7,77,13.6,0,86,3.88,32,0,1020,0
2026-07-14T01:00,16.9,82,13.8,0,77,3.74,30,0,1019.6,0
2026-07-14T02:00,16.5,85,13.9,0,71,3.22,33,0,1019.7,0
2026-07-14T03:00,16.3,87,14.1,0,98,3,33,0,1019.6,0
2026-07-14T04:00,16.1,88,14.2,0,100,3.46,31,0,1019.5,1
2026-07-14T05:00,16.5,87,14.3,0,100,4.47,32,16,1019.4,1
2026-07-14T06:00,16.9,86,14.6,0,100,4.18,28,69,1019.7,1
2026-07-14T07:00,17.9,79,14.3,0,100,4.34,29,144,1019.8,1
2026-07-14T08:00,19.6,70,13.9,0,100,4.3,33,282,1019.9,1
2026-07-14T09:00,21.2,65,14.2,0,99,4.39,37,365,1019.8,1
2026-07-14T10:00,22.5,61,14.6,0,100,4.4,40,356,1019.7,1
2026-07-14T11:00,24.2,55,14.5,0,99,4.17,43,461,1019.5,1
2026-07-14T12:00,23.8,58,15.2,0,58,4.43,37,552,1019.7,1
2026-07-14T13:00,26.7,47,14.3,0,51,4.03,43,629,1018.9,1
2026-07-14T14:00,28.6,39,13.4,0,19,4.2,58,617,1018.3,1
2026-07-14T15:00,29.5,35,12.5,0,6,4.12,57,702,1018,1
2026-07-14T16:00,29.6,34,11.9,0,7,4.52,55,602,1017.8,1
2026-07-14T17:00,29.2,34,11.9,0,13,4.59,61,461,1017.9,1
2026-07-14T18:00,28.4,33,10.7,0,1,4.38,69,311,1018.2,1
2026-07-14T19:00,27.2,36,10.8,0,0,4.29,69,168,1018.5,1
2026-07-14T20:00,25.6,43,12.1,0,0,4.43,58,47,1019.2,1
2026-07-14T21:00,23.7,54,13.8,0,0,4.43,49,0,1020,0
2026-07-14T22:00,22.1,61,14.3,0,0,4.14,45,0,1020.5,0
2026-07-14T23:00,21,66,14.3,0,0,3.78,43,0,1020.8,0
2026-07-15T00:00,19.4,73,14.4,0,0,3.34,40,0,1021.2,0
2026-07-15T01:00,18.8,75,14.4,0,0,3.35,38,0,1021.2,0
2026-07-15T02:00,18.3,77,14.3,0,0,3.45,39,0,1021.1,0
2026-07-15T03:00,17.9,79,14.3,0,0,3.52,39,0,1021.1,0
2026-07-15T04:00,17.5,84,14.7,0,0,3.55,39,0,1020.9,0
2026-07-15T05:00,17.4,86,15,0,2,2.93,37,28,1021.4,1
2026-07-15T06:00,18.1,85,15.5,0,92,3.99,38,134,1021.6,1
2026-07-15T07:00,19.2,78,15.2,0,100,4.35,45,219,1021.8,1
2026-07-15T08:00,20.4,70,14.8,0,30,4.05,50,304,1022,1
2026-07-15T09:00,22.6,59,14.1,0,38,4.31,55,510,1021.9,1
2026-07-15T10:00,24.5,49,13.1,0,35,4.41,62,602,1021.5,1
2026-07-15T11:00,25.8,42,11.8,0,24,4.11,64,627,1021.1,1
2026-07-15T12:00,26.6,44,13.3,0,10,4.45,57,716,1020.6,1
2026-07-15T13:00,27.6,41,13.1,0,22,4.09,63,824,1020.2,1
2026-07-15T14:00,28.3,38,12.5,0,25,3.76,67,766,1020.1,1
2026-07-15T15:00,28.4,36,12,0,20,3.7,67,650,1019.9,1
2026-07-15T16:00,28.1,37,11.9,0,26,3.88,75,562,1019.5,1
2026-07-15T17:00,27.8,37,11.8,0,43,3.88,78,448,1019.1,1
2026-07-15T18:00,27,37,11.3,0,9,3.93,68,286,1019.2,1
2026-07-15T19:00,25.7,39,10.8,0,2,4.1,68,162,1019.5,1
2026-07-15T20:00,24.4,43,11,0,0,4.01,66,45,1020.3,1
2026-07-15T21:00,23.1,50,12,0,0,4.02,58,0,1020.9,0
2026-07-15T22:00,21.5,60,13.3,0,0,3.98,50,0,1021.2,0
2026-07-15T23:00,20.3,65,13.4,0,0,3.4,41,0,1021.2,0
2026-07-16T00:00,18.7,72,13.6,0,0,2.78,38,0,1021.1,0
2026-07-16T01:00,17.9,75,13.5,0,0,2.94,32,0,1020.8,0
2026-07-16T02:00,17.3,78,13.4,0,0,2.97,27,0,1020.4,0
2026-07-16T03:00,16.9,80,13.4,0,0,3,30,0,1020.1,0
2026-07-16T04:00,16.5,81,13.2,0,0,2.98,31,0,1020,0
2026-07-16T05:00,16.5,81,13.3,0,0,2.56,31,27,1020,1
2026-07-16T06:00,17.2,79,13.5,0,0,2.75,27,138,1020.1,1
2026-07-16T07:00,19,72,13.7,0,0,2.77,34,290,1020,1
2026-07-16T08:00,20.9,64,13.9,0,0,2.8,41,449,1019.9,1
2026-07-16T09:00,22.9,57,14,0,0,2.79,46,597,1019.7,1
2026-07-16T10:00,24.8,49,13.4,0,19,3.02,56,721,1019.2,1
2026-07-16T11:00,26.2,41,11.8,0,15,3.24,65,759,1018.5,1
2026-07-16T12:00,27.5,34,10.3,0,13,3,62,787,1017.8,1
2026-07-16T13:00,28.4,30,9.2,0,53,3.1,59,811,1017.2,1
2026-07-16T14:00,28.5,29,9,0,100,3.17,52,695,1016.7,1
2026-07-16T15:00,28.3,29,8.8,0,99,2.95,56,384,1016.1,1
2026-07-16T16:00,28,30,8.9,0,91,3.57,75,423,1015.7,1
2026-07-16T17:00,26.3,39,11.1,0,21,4.07,104,338,1015.4,1
2026-07-16T18:00,25,40,10.5,0,10,4.16,108,242,1015.4,1
2026-07-16T19:00,23.8,43,10.6,0,14,3.51,114,147,1015.6,1
2026-07-16T20:00,23,47,11.2,0,15,2.62,119,36,1016,1
2026-07-16T21:00,22.2,52,12,0,1,2,103,0,1016.1,0
2026-07-16T22:00,21.6,57,12.8,0,0,1.9,76,0,1016,0
2026-07-16T23:00,20.9,61,13.2,0,0,2.1,65,0,1016,0
2026-07-17T00:00,19.6,63,12.5,0,0,1.88,29,0,1015.5,0
2026-07-17T01:00,18.7,68,12.6,0,0,1.9,23,0,1015.4,0
2026-07-17T02:00,17.8,73,12.9,0,0,1.6,32,0,1015.5,0
2026-07-17T03:00,17.1,77,13,0,1,1.61,30,0,1015.4,0
2026-07-17T04:00,16.3,81,13.1,0,0,1.91,20,0,1015.6,0
2026-07-17T05:00,15.8,84,13.1,0,2,1.83,17,26,1015.4,1
2026-07-17T06:00,15.9,82,12.9,0,11,1.5,15,128,1015.5,1
2026-07-17T07:00,17,76,12.7,0,24,1.66,5,273,1015.5,1
2026-07-17T08:00,18.7,67,12.5,0,12,1.31,18,424,1015.3,1
2026-07-17T09:00,21,57,12.1,0,3,0.98,24,575,1015.1,1
2026-07-17T10:00,23.3,46,11.1,0,24,0.92,13,704,1014.8,1
2026-07-17T11:00,25.4,37,9.8,0,8,0.96,332,805,1014.3,1
2026-07-17T12:00,26.7,35,10,0,45,1.8,316,854,1014.2,1
2026-07-17T13:00,27,34,10,0,45,1.92,321,771,1014,1
2026-07-17T14:00,27.5,34,10.3,0,23,2.04,332,698,1013.7,1
2026-07-17T15:00,27.8,33,10.2,0,12,2.69,338,649,1013.5,1
2026-07-17T16:00,27.7,33,9.8,0,13,2.43,351,563,1013.4,1
2026-07-17T17:00,27.8,31,9.3,0,35,1.79,342,420,1013.2,1
2026-07-17T18:00,27.3,31,8.8,0,28,1.37,336,271,1013,1
2026-07-17T19:00,26.8,31,8.5,0,24,2.3,360,153,1013.3,1
2026-07-17T20:00,23.9,47,11.7,0,2,3.8,62,38,1014.4,1
2026-07-17T21:00,21.6,62,13.9,0,0,2.62,82,0,1015.3,0
2026-07-17T22:00,20.2,71,14.7,0,0,3.01,58,0,1015.8,0
2026-07-17T23:00,19.3,76,15,0,0,2.77,56,0,1016,0
2026-07-18T00:00,18,81,14.7,0,0,2.58,47,0,1016.3,0
2026-07-18T01:00,17.4,83,14.5,0,8,2.55,48,0,1016.5,0
2026-07-18T02:00,16.9,84,14.3,0,27,2.55,40,0,1016.7,0
2026-07-18T03:00,16.4,82,13.3,0,27,2.35,38,0,1016.7,0
2026-07-18T04:00,16,79,12.4,0,83,2.24,29,0,1016.8,0
2026-07-18T05:00,15.7,79,12.2,0,80,2.4,23,21,1017,1
2026-07-18T06:00,16.2,76,12,0,7,2.2,21,125,1017.2,1
2026-07-18T07:00,17.2,67,11.1,0,17,2.28,15,281,1017.5,1
2026-07-18T08:00,18.2,59,10,0,36,2.53,9,434,1017.6,1
2026-07-18T09:00,19,54,9.4,0,42,2.54,10,543,1017.9,1
2026-07-18T10:00,19.9,48,8.6,0,19,2.35,12,691,1017.8,1
2026-07-18T11:00,21.2,43,8.2,0,23,2.45,17,767,1017.7,1
2026-07-18T12:00,22.2,40,7.9,0,65,3.23,16,829,1017.9,1
2026-07-18T13:00,22.6,40,8.3,0,92,3.5,14,764,1017.9,1
2026-07-18T14:00,22.7,41,8.8,0,82,3.32,18,676,1017.9,1
2026-07-18T15:00,22.9,40,8.5,0,70,3.31,11,568,1018.1,1
2026-07-18T16:00,22.8,39,8.1,0,100,3.67,6,444,1018,1
2026-07-18T17:00,22.4,41,8.4,0,27,3.33,8,294,1017.5,1
2026-07-18T18:00,21.2,46,9.2,0,9,3.34,19,293,1018.1,1
2026-07-18T19:00,20.3,48,9,0,3,3.13,25,153,1018.3,1
2026-07-18T20:00,19.4,50,8.8,0,3,3.15,25,41,1018.8,1
2026-07-18T21:00,17.9,60,9.9,0,2,3.52,39,0,1019.9,0
2026-07-18T22:00,16.7,64,9.9,0,1,2.95,39,0,1020.5,0
2026-07-18T23:00,16.3,65,9.6,0,1,2.37,35,0,1020.8,0
2026-07-19T00:00,15.3,67,9.3,0,0,2.17,26,0,1020.7,0
2026-07-19T01:00,14.9,68,9,0,1,2.23,20,0,1020.9,0
2026-07-19T02:00,14.5,70,9,0,2,2.05,357,0,1021,0
2026-07-19T03:00,14.2,69,8.7,0,1,2.42,353,0,1021.2,0
2026-07-19T04:00,13.7,69,8,0,4,2.65,359,0,1021.5,0
2026-07-19T05:00,13.4,68,7.7,0,13,2.6,359,23,1021.8,1
2026-07-19T06:00,13.9,67,7.8,0,34,2.55,359,133,1022.2,1
2026-07-19T07:00,15.1,62,7.8,0,66,2.87,6,279,1022.4,1
2026-07-19T08:00,16.4,56,7.5,0,5,2.92,6,440,1022.4,1
2026-07-19T09:00,18.2,46,6.5,0,49,4,357,601,1022.6,1
2026-07-19T10:00,19.6,39,5.1,0,83,4.45,358,690,1022.7,1
2026-07-19T11:00,20.1,37,5,0,49,3.91,356,760,1022.6,1
2026-07-19T12:00,21.6,31,3.6,0,63,3.7,358,827,1022.8,1
2026-07-19T13:00,22.2,29,3.4,0,21,3.36,355,785,1022.6,1
2026-07-19T14:00,23,27,2.8,0,88,3.51,5,788,1022.3,1
2026-07-19T15:00,22.6,28,3.2,0,9,3.75,16,678,1022.4,1
2026-07-19T16:00,22.1,31,4,0,2,3.58,30,639,1022.5,1
2026-07-19T17:00,21.6,31,3.9,0,0,3.35,17,482,1022.5,1
2026-07-19T18:00,21.1,34,4.7,0,2,3.65,9,316,1022.7,1
2026-07-19T19:00,20.1,37,4.9,0,2,2.91,29,145,1022.9,1
2026-07-19T20:00,19.2,40,5.4,0,1,2.74,38,41,1023.4,1
2026-07-19T21:00,18.1,46,6.4,0,0,2.97,48,0,1024.2,0
2026-07-19T22:00,17.2,51,6.9,0,0,2.48,50,0,1024.5,0
2026-07-19T23:00,16.3,55,7.3,0,27,2.27,41,0,1024.7,0
2026-07-20T00:00,14.7,61,7.1,0,96,2,32,0,1024.9,0
2026-07-20T01:00,14,64,7.3,0,77,1.68,27,0,1024.7,0
2026-07-20T02:00,13.5,67,7.6,0,97,1.51,8,0,1024.7,0
2026-07-20T03:00,13.2,70,7.8,0,73,1.6,356,0,1024.9,0
2026-07-20T04:00,12.7,73,7.9,0,42,1.58,349,0,1024.9,0
2026-07-20T05:00,12.6,74,8.1,0,37,1.59,347,21,1025.1,1
2026-07-20T06:00,13.3,72,8.3,0,17,1.54,347,127,1025.2,1
2026-07-20T07:00,15,64,8.2,0,23,1.66,7,282,1025.6,1
2026-07-20T08:00,16.5,56,7.7,0,15,1.55,15,427,1025.5,1
2026-07-20T09:00,18.4,45,6.4,0,20,1.66,16,579,1025.4,1
2026-07-20T10:00,20,37,4.9,0,27,1.77,16,644,1025.4,1
2026-07-20T11:00,21.6,33,4.5,0,0,2.21,25,755,1025.3,1
2026-07-20T12:00,23.3,31,5.4,0,0,2.44,31,848,1024.7,1
2026-07-20T13:00,24.5,28,4.9,0,29,2.84,34,865,1024.5,1
2026-07-20T14:00,25.5,26,4.5,0,66,3.16,23,755,1024,1
2026-07-20T15:00,25.6,26,4.5,0,63,3.17,6,577,1023.8,1
2026-07-20T16:00,25.8,25,4.5,0,87,2.91,12,503,1023.6,1
2026-07-20T17:00,26,25,4.6,0,49,3.43,23,448,1023,1
2026-07-20T18:00,25.2,27,4.9,0,12,3.77,22,294,1023.2,1
2026-07-20T19:00,23.6,33,6.3,0,6,2.78,52,155,1023.5,1
2026-07-20T20:00,21.3,47,9.5,0,0,3.27,97,38,1024.3,1
2026-07-20T21:00,19.9,56,10.8,0,9,2.68,123,0,1025.2,0
2026-07-20T22:00,19.1,61,11.4,0,16,2.2,111,0,1025.6,0
2026-07-20T23:00,18.5,66,12.1,0,3,1.7,92,0,1025.9,0
2026-07-21T00:00,17.4,68,11.5,0,2,0.92,77,0,1025.8,0
2026-07-21T01:00,16.9,73,12.1,0,0,0.28,135,0,1025.8,0
2026-07-21T02:00,16.6,74,11.9,0,0,0.32,342,0,1025.7,0
2026-07-21T03:00,16.1,77,12.1,0,0,1.2,5,0,1025.7,0
2026-07-21T04:00,15.4,82,12.3,0,0,1.84,13,0,1026,0
2026-07-21T05:00,14.9,80,11.5,0,2,1.92,9,19,1026.4,1
2026-07-21T06:00,15.4,76,11.2,0,1,1.61,16,122,1026.8,1
2026-07-21T07:00,16.8,70,11.4,0,26,1.99,28,269,1026.9,1
2026-07-21T08:00,18.2,64,11.3,0,51,2.89,23,403,1026.8,1
2026-07-21T09:00,19.2,59,11.1,0,95,3.15,20,402,1026.9,1
2026-07-21T10:00,20.6,54,10.9,0,100,3.38,19,484,1026.7,1
2026-07-21T11:00,21.2,52,11,0,100,3.31,20,441,1026.6,1
2026-07-21T12:00,21.3,52,11.2,0,100,3.23,16,466,1026.8,1
2026-07-21T13:00,21.5,52,11.1,0,100,3.03,13,396,1026.5,1
2026-07-21T14:00,21.9,50,10.9,0,100,2.91,12,331,1026.3,1
2026-07-21T15:00,22.7,47,10.9,0,100,3.14,9,362,1026.2,1
2026-07-21T16:00,22.8,47,10.9,0,100,3.16,5,298,1026.1,1
2026-07-21T17:00,22.9,47,10.9,0,70,2.97,13,222,1025.7,1
2026-07-21T18:00,22.7,47,10.8,0,41,2.37,18,182,1025.7,1
2026-07-21T19:00,22.4,48,10.8,0,5,1.84,45,127,1025.1,1
2026-07-21T20:00,21.3,52,11,0,27,1.99,78,36,1025.2,1
2026-07-21T21:00,20.2,56,11.2,0,42,2.47,104,0,1025.4,0
2026-07-21T22:00,19.3,59,11.1,0,6,1.9,117,0,1025.4,0
2026-07-21T23:00,18.6,61,11.1,0,3,1.53,128,0,1025.5,0
2026-07-22T00:00,17.7,64,10.9,0,6,1.14,119,0,1025.5,0
2026-07-22T01:00,17.1,67,10.9,0,8,0.94,148,0,1025.4,0
2026-07-22T02:00,16.6,69,11,0,2,0.91,96,0,1025.2,0
2026-07-22T03:00,16.2,72,11.1,0,11,1.6,88,0,1024.9,0
2026-07-22T04:00,15.6,76,11.3,0,39,1.7,93,0,1024.6,0
2026-07-22T05:00,15.6,77,11.5,0,43,1.12,122,18,1024.4,1
2026-07-22T06:00,16.7,71,11.5,0,30,0.67,132,119,1024.2,1
2026-07-22T07:00,18.6,63,11.5,0,46,0.71,141,267,1023.9,1
2026-07-22T08:00,20.3,61,12.6,0,34,0.6,156,424,1024.1,1
2026-07-22T09:00,21.9,55,12.5,0,70,0.49,156,551,1023.8,1
2026-07-22T10:00,23.8,47,11.9,0,100,0.32,219,653,1023.5,1
2026-07-22T11:00,24.9,42,11.3,0,100,0.85,291,655,1023.3,1
2026-07-22T12:00,25,42,11.3,0,100,1.22,341,510,1023.1,1
2026-07-22T13:00,25.4,40,10.7,0,99,1.27,351,483,1022.8,1
2026-07-22T14:00,26.4,36,10.1,0,66,0.96,351,545,1022.3,1
2026-07-22T15:00,26.8,33,9.4,0,100,0.5,53,482,1021.7,1
2026-07-22T16:00,27.2,32,9.2,0,70,1.34,27,497,1021.3,1
2026-07-22T17:00,27.2,32,9,0,44,2.48,28,368,1020.7,1
2026-07-22T18:00,25.8,35,9.4,0,51,3.3,41,166,1021.1,1
2026-07-22T19:00,24.5,41,10.4,0,100,3.89,53,98,1021.3,1
2026-07-22T20:00,22.8,49,11.6,0,100,4.01,66,24,1022,1
2026-07-22T21:00,21.5,55,12.1,0,73,3.69,77,0,1022.4,0
2026-07-22T22:00,20.1,66,13.7,0,14,3.16,95,0,1022.6,0
2026-07-22T23:00,19.5,69,13.7,0,38,1.95,103,0,1022.7,0
2026-07-23T00:00,18,72,13,0,2,0.94,115,0,1022.4,0
2026-07-23T01:00,17.8,74,13.2,0,88,0.89,153,0,1022.2,0
2026-07-23T02:00,17.5,78,13.7,0,91,0.15,270,0,1022,0
2026-07-23T03:00,17.3,79,13.7,0,89,0.14,225,0,1022,0
2026-07-23T04:00,16.9,81,13.6,0,95,1.03,231,0,1021.8,0
2026-07-23T05:00,17,82,13.8,0,93,1.19,242,16,1021.9,1
2026-07-23T06:00,17.4,79,13.8,0,74,1.3,270,101,1022.1,1
2026-07-23T07:00,18.7,72,13.5,0,83,1.17,280,250,1022.1,1
2026-07-23T08:00,20.4,63,13.1,0,94,1.1,275,405,1022,1
2026-07-23T09:00,22,54,12.2,0,98,1.23,258,509,1021.8,1
2026-07-23T10:00,23.6,45,11.1,0,98,1.48,258,630,1021.6,1
2026-07-23T11:00,24.9,40,10.2,0,99,1.5,268,684,1021.5,1
2026-07-23T12:00,25.2,40,10.5,0,100,1.73,303,558,1021.2,1
2026-07-23T13:00,25,40,10.5,0,96,1.68,297,365,1021,1
2026-07-23T14:00,25.7,38,10.2,0,100,1.57,287,506,1020.5,1
2026-07-23T15:00,25.7,38,10.2,0,100,1.7,298,326,1020.2,1
2026-07-23T16:00,25.5,38,10.2,0,100,1.48,298,195,1019.7,1
2026-07-23T17:00,25.7,38,10.2,0,100,1.6,274,183,1019.2,1
2026-07-23T18:00,26.3,34,9.3,0,98,1.94,288,127,1018.6,1
2026-07-23T19:00,25.7,35,9.2,0,88,1.88,253,85,1018.4,1
2026-07-23T20:00,23.7,46,11.4,0,62,3.05,210,19,1018.6,1
2026-07-23T21:00,21.8,55,12.4,0,100,3.69,216,0,1019.1,0
2026-07-23T22:00,21,58,12.5,0,63,3.24,241,0,1019.2,0
2026-07-23T23:00,20.9,58,12.4,0,93,2.89,261,0,1019.4,0
2026-07-24T00:00,20.2,62,12.8,0,96,2.3,269,0,1019.3,0
2026-07-24T01:00,19.6,64,12.7,0,95,2.07,277,0,1019,0
2026-07-24T02:00,19.3,63,12.2,0,93,1.82,302,0,1018.7,0
2026-07-24T03:00,18.7,66,12.2,0,97,1.48,303,0,1018.5,0
2026-07-24T04:00,18.2,69,12.4,0,100,1.41,293,0,1018.3,0
2026-07-24T05:00,18,71,12.6,0,100,1.19,285,14,1018.2,1
2026-07-24T06:00,18.2,70,12.7,0,100,0.86,280,100,1018.3,1
2026-07-24T07:00,19.3,66,12.8,0,99,0.79,288,223,1018,1
2026-07-24T08:00,21,59,12.7,0,95,0.81,292,357,1017.7,1
2026-07-24T09:00,22.6,53,12.5,0,99,1.1,275,481,1017.2,1
2026-07-24T10:00,24.1,47,12.1,0,99,1.35,270,600,1016.8,1
2026-07-24T11:00,25.5,42,11.7,0,96,1.4,272,721,1016.4,1
2026-07-24T12:00,27.6,36,11.1,0,99,1.8,270,807,1015.3,1
2026-07-24T13:00,28.1,33,10.3,0,100,2.07,262,670,1014.4,1
2026-07-24T14:00,28.5,31,9.7,0,100,2.46,264,579,1013.7,1
2026-07-24T15:00,28.1,32,10,0,100,2.9,270,436,1013.1,1
2026-07-24T16:00,28,33,10.3,0,98,3.05,272,381,1012.6,1
2026-07-24T17:00,27.5,34,10.4,0,93,3,259,297,1012.1,1
2026-07-24T18:00,27.1,34,9.9,0,79,2.59,260,219,1011.6,1
2026-07-24T19:00,26.5,35,9.6,0,84,2.57,277,104,1011.3,1
2026-07-24T20:00,26.2,35,9.6,0,94,2.27,278,21,1011.1,1
2026-07-24T21:00,25.6,37,9.9,0,94,2.37,312,0,1011,0
2026-07-24T22:00,24.4,40,10.1,0,63,1.94,316,0,1011,0
2026-07-24T23:00,23.5,43,10.2,0,47,1.44,290,0,1010.9,0
2026-07-25T00:00,21.5,50,10.5,0,76,2.64,331,0,1011.2,0
2026-07-25T01:00,20,54,10.5,0,11,2.85,15,0,1010.8,0
2026-07-25T02:00,18.7,60,10.9,0,0,2.07,8,0,1010.4,0
2026-07-25T03:00,17.9,64,10.9,0,0,1.56,353,0,1010,0
2026-07-25T04:00,17.4,66,10.9,0,0,1.26,326,0,1009.7,0
2026-07-25T05:00,17.2,66,10.7,0,0,1.45,316,15,1009.6,1
2026-07-25T06:00,17.4,64,10.6,0,0,0.6,275,116,1009.2,1
2026-07-25T07:00,19,57,10.4,0,67,0.96,279,269,1008.8,1
2026-07-25T08:00,20.7,51,10.2,0,72,1.81,284,417,1008.9,1
2026-07-25T09:00,22.3,45,9.9,0,54,2.11,265,561,1008.4,1
2026-07-25T10:00,23.7,41,9.7,0,48,2.55,250,667,1007.8,1
2026-07-25T11:00,24.9,36,8.8,0,30,2.91,258,781,1007.5,1
2026-07-25T12:00,26.3,32,8.2,0,52,3.04,261,844,1006.7,1
2026-07-25T13:00,27.1,29,7.6,0,68,3.21,266,840,1006.1,1
2026-07-25T14:00,27.8,29,8,0,41,3.56,267,800,1005.7,1
2026-07-25T15:00,27.9,31,9.5,0,96,3.9,270,720,1005.3,1
2026-07-25T16:00,28.4,31,9.6,0,84,4.45,271,397,1004.4,1
2026-07-25T17:00,28.1,34,11,0,95,5.37,265,287,1003.8,1
2026-07-25T18:00,25.9,42,12,0,24,4.86,266,169,1004.3,1
2026-07-25T19:00,24.8,44,11.8,0,3,4.02,264,143,1004.3,1
2026-07-25T20:00,23.8,45,11.3,0,13,4.77,265,29,1004.4,0
2026-07-25T21:00,21.3,56,12.1,0,26,4.57,264,0,1005,0
2026-07-25T22:00,20.4,61,12.7,0,9,4.16,257,0,1005.1,0
2026-07-25T23:00,20.2,63,12.9,0,20,3.7,261,0,1005,0
2026-07-26T00:00,19.5,66,13,0,73,2.61,250,0,1004.9,0
2026-07-26T01:00,19.3,68,13.1,0,0,3.06,244,0,1004.2,0
2026-07-26T02:00,18.9,70,13.3,0,3,3.31,245,0,1003.9,0
2026-07-26T03:00,18.4,75,13.9,0,9,3.47,242,0,1003.5,0
2026-07-26T04:00,18.2,80,14.7,0,73,3.55,238,0,1003.1,0
2026-07-26T05:00,18.4,79,14.7,0,100,3.4,223,9,1002.8,1
2026-07-26T06:00,19,80,15.4,0,100,3.54,222,51,1002.5,1
2026-07-26T07:00,19.5,81,16.1,0.1,96,4.84,226,66,1002.1,1
2026-07-26T08:00,20.6,77,16.4,0.2,81,4.78,239,219,1001.8,1
2026-07-26T09:00,22.4,66,15.7,0.3,49,4.7,271,356,1001.7,1
2026-07-26T10:00,24.2,51,13.6,0,100,4.86,287,595,1002.1,1
2026-07-26T11:00,23.2,51,12.4,0,100,4.67,286,310,1002.3,1
2026-07-26T12:00,24.7,44,11.5,0,77,4.7,279,513,1002.8,1
2026-07-26T13:00,25.6,40,10.8,0,100,5.17,293,723,1003,1
2026-07-26T14:00,26.1,35,9.6,0,59,4.81,282,611,1003.1,1
2026-07-26T15:00,24.9,39,10.1,0,31,5.73,304,505,1004.1,1
2026-07-26T16:00,25.1,37,9.2,0,34,4.83,291,471,1004.5,1
2026-07-26T17:00,24.7,37,9.1,0,28,5.9,301,412,1005.1,1
2026-07-26T18:00,23.3,41,9.2,0,80,5.01,302,227,1005.9,1
2026-07-26T19:00,22.5,43,9.4,0,94,4.92,299,100,1006.5,1
2026-07-26T20:00,21.7,46,9.5,0,100,4.83,294,16,1007.5,0
2026-07-26T21:00,20.3,51,9.8,0,10,5,301,0,1008.8,0
2026-07-26T22:00,19.3,55,10.1,0,7,3.94,294,0,1009.5,0
2026-07-26T23:00,18.8,58,10.3,0,5,3.83,292,0,1010.2,0
2026-07-27T00:00,17.6,65,10.9,0,7,3.24,287,0,1010.8,0
2026-07-27T01:00,17.3,66,11,0,0,3.09,284,0,1011.2,0
2026-07-27T02:00,16.9,68,11.1,0,5,3.04,279,0,1011.9,0
2026-07-27T03:00,16.5,71,11.2,0,9,2.79,279,0,1012.5,0
2026-07-27T04:00,16.1,73,11.3,0,4,2.68,279,0,1013,0
2026-07-27T05:00,15.9,75,11.5,0,1,2.57,277,13,1013.8,1
2026-07-27T06:00,16.8,70,11.3,0,1,2.71,286,110,1014.4,1
2026-07-27T07:00,17.7,65,11,0,0,2.71,286,256,1015,1
2026-07-27T08:00,19.1,57,10.4,0,16,2.88,287,412,1015.5,1
2026-07-27T09:00,20.4,49,9.3,0,34,3.02,282,534,1015.8,1
2026-07-27T10:00,21.6,43,8.6,0,49,3.39,278,570,1016.2,1
2026-07-27T11:00,23,39,8.3,0,79,3.67,276,666,1016.3,1
2026-07-27T12:00,23.3,40,9,0,44,3.41,274,702,1016.6,1
2026-07-27T13:00,24.4,38,9.1,0,91,3.42,277,782,1016.5,1
2026-07-27T14:00,25.7,36,9.4,0,87,3.53,277,722,1016.3,1
2026-07-27T15:00,27.2,33,9.5,0,84,3.82,256,633,1015.9,1
2026-07-27T16:00,27.3,33,9.7,0,52,3.71,267,541,1015.8,1
2026-07-27T17:00,26.5,36,10.1,0,5,5.1,319,373,1015.7,1
2026-07-27T18:00,24.8,41,10.7,0,20,3,298,225,1016.3,1
2026-07-27T19:00,25.1,41,10.9,0,29,2.03,260,128,1016,1
2026-07-27T20:00,25.2,42,11.3,0,14,2.92,277,23,1016.4,0
2026-07-27T21:00,23.8,52,13.2,0,7,3.6,284,0,1017.2,0
2026-07-27T22:00,22.2,59,13.8,0,17,2.97,277,0,1017.7,0
2026-07-27T23:00,21.2,64,14,0,5,2.87,263,0,1018.1,0
2026-07-28T00:00,19.9,71,14.4,0,48,2.21,264,0,1018.5,0
2026-07-28T01:00,19.5,74,14.7,0,11,1.82,262,0,1018.3,0
2026-07-28T02:00,19,78,15,0,22,1.82,262,0,1018.2,0
2026-07-28T03:00,18.5,82,15.3,0,46,1.44,256,0,1017.9,0
2026-07-28T04:00,18.1,85,15.4,0,48,1.24,227,0,1017.4,0
2026-07-28T05:00,18.1,85,15.6,0,90,1.59,221,10,1017.5,1
2026-07-28T06:00,18.9,83,15.9,0,97,1.88,228,83,1018,1
2026-07-28T07:00,20,78,16.1,0,98,2.3,228,192,1018.2,1
2026-07-28T08:00,21.2,72,16.1,0,100,2.68,233,292,1018.3,1
2026-07-28T09:00,22.3,67,15.9,0,100,2.8,239,356,1018.1,1
2026-07-28T10:00,23.8,60,15.5,0,100,2.57,241,444,1017.9,1
2026-07-28T11:00,25.7,51,14.9,0,98,2.42,246,546,1017.6,1
2026-07-28T12:00,27.1,47,14.9,0,96,2.28,255,622,1017.3,1
2026-07-28T13:00,28.2,42,14.1,0,58,2.24,243,582,1016.8,1
2026-07-28T14:00,29.9,35,12.9,0,82,2.43,238,693,1016.2,1
2026-07-28T15:00,29.9,35,12.8,0,73,2.65,226,622,1015.6,1
2026-07-28T16:00,29.7,35,12.5,0,63,3.19,222,426,1015.3,1
2026-07-28T17:00,28.9,41,14.3,0,100,3.51,213,394,1015.1,1
2026-07-28T18:00,27.8,46,15.1,0,13,2.6,203,252,1014.9,1
2026-07-28T19:00,26.8,51,15.8,0,2,2.89,203,134,1014.8,1
2026-07-28T20:00,25.6,55,16,0,11,3.08,200,24,1015.1,0
2026-07-28T21:00,24.3,60,16,0,18,2.8,204,0,1015.4,0
2026-07-28T22:00,23.2,63,15.9,0,9,2.02,213,0,1015.6,0
2026-07-28T23:00,22.4,66,15.7,0,0,1.9,210,0,1015.5,0
2026-07-29T00:00,20.9,70,15.2,0,1,1.74,221,0,1014.9,0
2026-07-29T01:00,20.3,73,15.2,0,0,1.52,226,0,1014.5,0
2026-07-29T02:00,19.6,75,15.2,0,0,1.35,231,0,1014.2,0
2026-07-29T03:00,19.1,78,15.2,0,0,1.44,236,0,1014,0
2026-07-29T04:00,18.5,81,15.3,0,0,1.25,241,0,1013.7,0
2026-07-29T05:00,18.4,83,15.4,0,0,0.83,245,11,1013.6,1
2026-07-29T06:00,19.5,76,15.1,0,0,0.4,97,104,1013.4,1
2026-07-29T07:00,21.8,64,14.7,0,0,0.2,270,249,1013.4,1
2026-07-29T08:00,24.3,51,13.5,0,0,0.45,264,405,1013.1,1
2026-07-29T09:00,26.6,43,13,0,0,0.57,195,554,1012.7,1
2026-07-29T10:00,28.9,37,13,0,0,1.1,177,680,1012.2,1
2026-07-29T11:00,31,33,12.8,0,0,2,193,772,1011.9,1
2026-07-29T12:00,32.9,27,11.3,0,0,3.71,206,823,1011.1,1
2026-07-29T13:00,33.5,24,10.2,0,0,4.27,206,833,1010.4,1
2026-07-29T14:00,33.5,24,10.1,0,2,4.56,207,794,1010.2,1
2026-07-29T15:00,33.1,25,10.5,0,0,4.56,206,704,1010.2,1
2026-07-29T16:00,32.7,26,10.5,0,0,4.52,209,590,1010,1
2026-07-29T17:00,31.9,28,11.2,0,0,4.47,216,450,1009.8,1
2026-07-29T18:00,31.2,30,11.7,0,0,4.33,219,291,1009.7,1
2026-07-29T19:00,29.6,34,12,0,0,4.28,226,137,1010,1
2026-07-29T20:00,28.2,37,12.1,0,0,3.71,226,24,1010.6,0
2026-07-29T21:00,26.8,45,13.8,0,0,2.96,274,0,1011.5,0
2026-07-29T22:00,25.7,50,14.4,0,0,3.2,280,0,1011.6,0
2026-07-29T23:00,24.6,52,14.2,0,0,2.93,279,0,1011.8,0
2026-07-30T00:00,22.8,57,13.9,0,0,2.3,283,0,1012,0
2026-07-30T01:00,22,59,13.8,0,0,2.06,284,0,1012,0
2026-07-30T02:00,21.3,62,13.8,0,0,2.04,287,0,1011.9,0
2026-07-30T03:00,20.5,66,13.8,0,100,2.01,284,0,1011.9,0
2026-07-30T04:00,19.7,69,13.8,0,38,2.05,283,0,1012.1,0
2026-07-30T05:00,19.1,72,13.9,0,32,1.83,287,10,1012.3,1
2026-07-30T06:00,19.4,71,14.1,0,38,1.38,289,101,1012.6,1
2026-07-30T07:00,20.6,67,14.2,0,71,1.43,282,234,1012.9,1
2026-07-30T08:00,22.1,61,14.2,0,98,1.53,259,395,1013.4,1
2026-07-30T09:00,23.6,54,13.9,0,46,2.14,249,536,1013.4,1
2026-07-30T10:00,25.5,46,13.1,0,78,3.31,255,670,1013.4,1
2026-07-30T11:00,25.8,45,13,0,52,3.67,259,519,1013.4,1
2026-07-30T12:00,25.2,50,14.1,0,16,2.75,270,599,1013.6,1
2026-07-30T13:00,26.8,44,13.4,0.1,32,2.67,262,705,1013.5,1
2026-07-30T14:00,27.7,39,12.6,0.1,53,3.01,255,672,1013.1,1
2026-07-30T15:00,27.6,39,12.4,0.2,61,2.8,259,578,1012.8,1
2026-07-30T16:00,27.4,39,12.4,0.6,66,2.67,249,439,1012.6,1
2026-07-30T17:00,25.7,47,13.5,1.2,93,3.47,255,332,1012.4,1
2026-07-30T18:00,24.6,52,14,1.1,69,3.22,242,138,1013.3,1
2026-07-30T19:00,24.4,50,13.4,0,44,2.65,272,99,1013.3,1
2026-07-30T20:00,23.2,56,13.8,0,81,2.15,324,18,1013.8,0
2026-07-30T21:00,21.8,62,14.3,0,92,2.89,9,0,1014.3,0
2026-07-30T22:00,20.5,71,15,0,98,2.27,14,0,1014.5,0
2026-07-30T23:00,19.9,75,15.3,0,98,1.88,17,0,1014.7,0
2026-07-31T00:00,19,77,14.9,0,97,1.51,354,0,1014.8,0
2026-07-31T01:00,18.9,78,14.9,0.1,100,1.46,329,0,1014.8,0
2026-07-31T02:00,18.4,78,14.4,0.2,75,2.57,347,0,1014.9,0
2026-07-31T03:00,16.9,69,11.2,0.1,45,2.9,3,0,1015.2,0
2026-07-31T04:00,16.4,63,9.4,0.1,67,2.27,8,0,1015.4,0
2026-07-31T05:00,16.3,61,8.9,0.1,100,2.05,357,7,1015.6,1
2026-07-31T06:00,17,54,7.7,0,100,2.51,354,55,1016.3,1
2026-07-31T07:00,17.5,52,7.5,0,100,2.4,358,113,1016.5,1
2026-07-31T08:00,18.1,51,7.9,0,98,2.07,7,254,1016.6,1
2026-07-31T09:00,19.3,48,8,0,27,1.82,8,384,1016.7,1
2026-07-31T10:00,21,42,7.7,0,8,1.65,3,637,1016.7,1
2026-07-31T11:00,22.4,38,7.3,0,2,1.19,338,776,1016.5,1
2026-07-31T12:00,23.8,31,5.6,0,8,0.97,305,826,1015.9,1
2026-07-31T13:00,24.8,27,4.7,0,8,1.8,289,790,1015.7,1
2026-07-31T14:00,25.1,26,4.2,0,4,2.59,298,725,1015.7,1
2026-07-31T15:00,25,25,3.4,0,1,2.42,294,703,1015.7,1
2026-07-31T16:00,25.2,23,2.8,0,1,2.11,292,607,1015.7,1
2026-07-31T17:00,24.9,23,2.5,0,9,2.06,311,459,1015.5,1
2026-07-31T18:00,24.4,24,2.4,0,13,1.36,262,290,1015.3,1
2026-07-31T19:00,24.3,24,2.7,0,11,1.76,250,128,1015.2,1
2026-07-31T20:00,23.4,26,2.6,0,57,0.99,319,20,1015.5,0
2026-07-31T21:00,22.4,29,3.7,0,61,1.63,18,0,1016.2,0
2026-07-31T22:00,21.4,37,5.9,0,93,0.87,24,0,1016.6,0
2026-07-31T23:00,21,35,4.8,0,99,1.97,324,0,1016.9,0
2026-08-01T00:00,19.8,37,4.7,0,100,3.5,343,0,1017.1,0
2026-08-01T01:00,18.9,42,5.6,0,71,3.35,357,0,1017.3,0
2026-08-01T02:00,17.9,46,6.3,0,26,2.55,1,0,1017.5,0
2026-08-01T03:00,17.1,50,6.6,0,20,2.15,357,0,1017.4,0
2026-08-01T04:00,16.5,52,6.6,0,28,2.06,356,0,1017.4,0
2026-08-01T05:00,16.1,53,6.5,0,10,2,359,8,1017.5,1
2026-08-01T06:00,16.4,51,6.2,0,6,1.84,347,96,1018,1
2026-08-01T07:00,17.7,47,6.3,0,9,1.73,350,247,1018.4,1
2026-08-01T08:00,19.3,44,6.6,0,0,1.45,356,408,1018.4,1
2026-08-01T09:00,20.8,39,6.3,0,0,0.97,348,562,1018.3,1
2026-08-01T10:00,22.1,35,6,0,0,0.93,306,692,1018.1,1
2026-08-01T11:00,23.1,32,5.4,0,0,1.32,279,787,1018,1
2026-08-01T12:00,24.3,28,4.4,0,2,1.65,268,840,1017.7,1
2026-08-01T13:00,25,25,3.5,0,0,1.75,270,861,1017.3,1
2026-08-01T14:00,25.5,24,3.4,0,11,2.1,271,811,1017.1,1
2026-08-01T15:00,25.9,23,2.9,0,76,1.99,252,686,1017,1
2026-08-01T16:00,26.4,20,1.9,0,91,1.81,246,560,1016.4,1
2026-08-01T17:00,26.2,21,2,0,99,2.15,271,395,1015.9,1
2026-08-01T18:00,25.4,24,3.1,0,100,2.8,297,240,1016.1,1
2026-08-01T19:00,24.3,27,4.1,0,98,3.64,317,112,1016.1,1
2026-08-01T20:00,23.3,29,4.4,0,97,3.24,331,16,1016.5,0
2026-08-01T21:00,22.7,31,4.7,0,97,2.36,339,0,1016.9,0
2026-08-01T22:00,21.8,34,5.2,0,98,1.18,12,0,1017.1,0
2026-08-01T23:00,21.2,35,5.1,0,94,1.68,37,0,1017.4,0
2026-08-02T00:00,19.5,38,4.8,0,80,2.54,350,0,1017.2,0
2026-08-02T01:00,18.4,40,4.7,0,69,2.82,17,0,1017.2,0
2026-08-02T02:00,17.3,46,5.6,0,2,2.77,26,0,1017.2,0
2026-08-02T03:00,16.5,51,6.4,0,2,2.62,31,0,1017,0
2026-08-02T04:00,15.8,57,7.2,0,9,2.66,34,0,1016.7,0
2026-08-02T05:00,15.5,61,8,0,52,2.38,41,7,1016.6,1
2026-08-02T06:00,16.1,61,8.7,0,67,1.81,39,93,1016.6,1
2026-08-02T07:00,17.9,58,9.5,0,72,1.59,49,233,1016.5,1
2026-08-02T08:00,20.1,55,10.7,0,23,1.61,60,388,1016.3,1
2026-08-02T09:00,22.5,48,10.8,0,66,1.98,74,552,1016,1
2026-08-02T10:00,24.5,40,10,0,80,2.12,82,677,1015.7,1
2026-08-02T11:00,26.2,33,8.7,0,99,2.46,117,756,1015.3,1
2026-08-02T12:00,27.4,29,7.8,0,98,2.57,123,613,1014.5,1
2026-08-02T13:00,27.8,27,7,0,98,2.26,118,552,1014,1
2026-08-02T14:00,28.2,25,6.5,0,98,2.8,106,541,1013.5,1
2026-08-02T15:00,27.1,31,8.5,0,97,4.47,84,486,1013.4,1
2026-08-02T16:00,25.9,34,8.7,0,95,4.8,76,405,1013.1,1
2026-08-02T17:00,25.6,33,8.1,0,96,4.76,81,319,1012.7,1
2026-08-02T18:00,25.1,33,7.8,0,100,4.31,94,224,1012.6,1
2026-08-02T19:00,24.2,34,7.5,0,98,3.91,94,84,1012.4,1
2026-08-02T20:00,23.2,37,7.9,0,96,3.9,90,13,1012.5,0
2026-08-02T21:00,22.3,43,8.9,0,96,3.55,92,0,1012.7,0
2026-08-02T22:00,21.7,49,10.5,0,93,3.31,86,0,1012.7,0
2026-08-02T23:00,21.1,53,11.1,0,97,3.24,81,0,1012.7,0
2026-08-03T00:00,20.2,56,11.2,0,64,3.21,72,0,1012.1,0
2026-08-03T01:00,19.6,62,12,0,49,3.25,67,0,1011.3,0
2026-08-03T02:00,19.1,67,12.8,0,1,2.91,66,0,1010.9,0
2026-08-03T03:00,18.6,71,13.2,0,0,2.69,61,0,1010.7,0
2026-08-03T04:00,18.2,72,13.1,0,5,2.82,57,0,1010.4,0
2026-08-03T05:00,18,73,13.1,0,23,2.6,52,7,1010.4,1
2026-08-03T06:00,18.7,72,13.7,0,53,1.84,43,91,1010.4,1
2026-08-03T07:00,20.5,67,14.1,0,41,2.04,54,234,1010.3,1
2026-08-03T08:00,22.6,60,14.3,0,91,2.14,57,390,1010.1,1
2026-08-03T09:00,24.8,50,13.8,0,92,2.2,60,527,1009.9,1
2026-08-03T10:00,26.8,43,13.1,0,99,2.5,70,638,1009.9,1
2026-08-03T11:00,28.4,37,12.4,0,91,2.61,86,715,1009.4,1
2026-08-03T12:00,29.8,31,11.1,0,62,2.53,99,770,1009,1
2026-08-03T13:00,30.7,29,10.6,0,23,2.36,95,806,1008.6,1
2026-08-03T14:00,31.3,28,10.7,0,26,2.23,106,752,1008.3,1
2026-08-03T15:00,31.1,29,10.9,0,36,2.84,99,622,1008,1
2026-08-03T16:00,30.3,31,11.3,0,27,2.91,95,504,1008,1
2026-08-03T17:00,29.5,33,11.4,0.1,17,3.39,99,382,1007.6,1
2026-08-03T18:00,28.3,34,11.1,0,16,3.4,100,252,1007.2,1
2026-08-03T19:00,27.1,36,10.7,0,59,3.24,107,111,1007.2,1
2026-08-03T20:00,25.3,41,11.1,0,40,3.53,108,15,1007.9,0
2026-08-03T21:00,24.1,47,12.2,0,20,2.65,101,0,1008,0
2026-08-03T22:00,23.3,53,13.1,0,9,1.95,103,0,1008.3,0
2026-08-03T23:00,22.6,59,14.1,0,9,1.41,98,0,1008.5,0
2026-08-04T00:00,21.3,66,14.7,0,2,0.75,37,0,1008.2,0
2026-08-04T01:00,21,69,15,0,3,0.67,13,0,1007.5,0
2026-08-04T02:00,20.9,69,14.9,0,0,1.26,342,0,1007.5,0
2026-08-04T03:00,20.6,70,14.9,0,2,1.24,47,0,1007.2,0
2026-08-04T04:00,20,73,15,0,20,1.14,105,0,1007.2,0
2026-08-04T05:00,19.7,75,15.1,0,63,1.1,141,6,1007.3,1
2026-08-04T06:00,20.5,72,15.2,0,65,0.75,180,86,1007.1,1
2026-08-04T07:00,22.6,60,14.4,0,91,0.55,265,215,1007,1
2026-08-04T08:00,24.4,48,12.7,0,88,1.48,225,334,1007.3,1
2026-08-04T09:00,26.1,39,11.1,0,90,2.32,233,485,1007.6,1
2026-08-04T10:00,27.2,36,10.7,0,99,2.47,238,552,1007.7,1
2026-08-04T11:00,28.3,34,11.1,0,19,3.08,223,608,1007.6,1
2026-08-04T12:00,29.7,35,12.5,0,79,3.83,216,788,1007.3,1
2026-08-04T13:00,29.4,39,14.2,0,95,4.49,215,684,1007.1,1
2026-08-04T14:00,28.2,45,15.1,1,95,5.71,221,517,1007.1,1
2026-08-04T15:00,26,56,16.5,0.8,73,5.93,219,400,1007.7,1
2026-08-04T16:00,25.3,60,17,0,12,5.01,205,307,1007.6,1
2026-08-04T17:00,25.6,58,16.7,0,22,5.33,210,387,1007.3,1
2026-08-04T18:00,24.9,56,15.4,0,70,5.16,216,251,1007.6,1
2026-08-04T19:00,23.5,60,15.4,0,13,4.94,220,82,1007.9,1
2026-08-04T20:00,22.4,65,15.6,0,2,4.45,218,14,1008.5,0
2026-08-04T21:00,21.5,70,15.9,0,0,4.26,219,0,1008.8,0
2026-08-04T22:00,20.7,74,15.9,0,0,4.11,217,0,1009.1,0
2026-08-04T23:00,20,75,15.4,0,1,4.16,219,0,1009.6,0
2026-08-05T00:00,19.3,80,15.9,0,8,3.76,221,0,1009.7,0
2026-08-05T01:00,19,83,16.1,0,9,3.76,220,0,1009.5,0
2026-08-05T02:00,18.7,85,16,0,12,3.66,220,0,1009.4,0
2026-08-05T03:00,18.4,86,16,0,16,3.55,219,0,1009.3,0
2026-08-05T04:00,18.3,87,16,0,32,3.47,221,0,1009.3,0
2026-08-05T05:00,18.1,88,16.1,0,20,3.3,221,4,1009.2,1
2026-08-05T06:00,19,84,16.2,0,13,2.98,215,78,1009.6,1
2026-08-05T07:00,20,76,15.7,0.1,38,3.9,234,199,1009.8,1
2026-08-05T08:00,21.3,65,14.4,0.1,22,3.85,244,330,1010,1
2026-08-05T09:00,22.3,59,14,0.2,29,4.36,252,488,1010.3,1
2026-08-05T10:00,23.4,51,12.6,0.1,16,4.37,257,605,1010.6,1
2026-08-05T11:00,24.5,44,11.4,0,24,4.77,255,718,1010.9,1
2026-08-05T12:00,24.8,41,10.7,0,40,4.82,260,720,1011.3,1
2026-08-05T13:00,24.9,37,9.3,0,27,5.34,259,714,1011.7,1
2026-08-05T14:00,24.9,35,8.5,0,10,5.34,260,723,1012.1,1
2026-08-05T15:00,24.7,35,8.1,0,18,5.64,260,661,1012.6,1
2026-08-05T16:00,24.1,34,7.3,0,16,5.58,258,550,1013,1
2026-08-05T17:00,23.2,35,6.9,0,17,5.24,257,406,1013.3,1
2026-08-05T18:00,22.7,34,6.1,0,62,4.87,253,244,1013.8,1
2026-08-05T19:00,21.8,37,6.5,0,89,4.88,259,101,1014.3,1
2026-08-05T20:00,20.6,43,7.8,0,13,4.5,262,13,1015.4,0
2026-08-05T21:00,19.3,51,8.8,0,2,4.37,259,0,1016.1,0
2026-08-05T22:00,18.3,54,8.8,0,4,4.12,256,0,1016.4,0
2026-08-05T23:00,17.6,57,9.1,0,11,3.47,258,0,1016.9,0
2026-08-06T00:00,16.3,62,9.1,0,14,3.07,263,0,1017.3,0
2026-08-06T01:00,16,64,9.1,0,7,2.82,264,0,1017.5,0
2026-08-06T02:00,15.5,66,9.2,0,1,2.6,268,0,1017.7,0
2026-08-06T03:00,15.1,68,9.2,0,2,2.4,268,0,1018.1,0
2026-08-06T04:00,14.6,70,9.2,0,2,2.4,266,0,1018.3,0
2026-08-06T05:00,14.3,72,9.3,0,3,2.34,259,4,1018.8,1
2026-08-06T06:00,14.7,70,9.3,0,1,2.18,261,85,1019.5,1
2026-08-06T07:00,15.8,64,9.1,0,2,2.5,269,232,1020,1
2026-08-06T08:00,17.2,55,8.2,0,6,2.68,279,393,1020.4,1
2026-08-06T09:00,18.6,45,6.5,0,1,3.02,282,546,1020.5,1
2026-08-06T10:00,19.9,39,5.5,0,24,3.7,283,667,1020.7,1
2026-08-06T11:00,20.8,35,4.8,0,91,3.98,285,663,1021,1
2026-08-06T12:00,20.2,38,5.4,0,100,3.86,289,527,1021.4,1
2026-08-06T13:00,21.2,35,5.2,0,100,3.69,291,498,1021.4,1
2026-08-06T14:00,21.8,33,4.8,0,61,3.6,295,501,1021.3,1
2026-08-06T15:00,22.2,32,4.5,0,41,3.56,299,528,1021.3,1
2026-08-06T16:00,22.3,31,4.3,0,63,3.34,309,466,1021.2,1
2026-08-06T17:00,21.9,32,4.4,0,23,3.26,311,354,1021.2,1
2026-08-06T18:00,21.6,33,4.8,0,25,2.93,314,220,1021.3,1
2026-08-06T19:00,20.9,35,4.7,0,13,2.62,315,96,1021.4,1
2026-08-06T20:00,20.1,36,4.8,0,9,1.53,302,12,1021.8,0
2026-08-06T21:00,19.8,37,4.8,0,73,2.01,264,0,1022.3,0
2026-08-06T22:00,19.1,40,5.1,0,26,2.59,295,0,1022.5,0
2026-08-06T23:00,18.3,43,5.5,0,3,2.17,345,0,1022.6,0
2026-08-07T00:00,16.4,48,5.5,0,18,1.21,336,0,1022.7,0
2026-08-07T01:00,15.7,51,5.7,0,14,1.26,326,0,1022.7,0
2026-08-07T02:00,15.1,54,5.9,0,16,1.48,327,0,1022.7,0
2026-08-07T03:00,14.5,57,6.1,0,2,1.45,356,0,1022.4,0
2026-08-07T04:00,13.9,61,6.4,0,9,1.58,18,0,1022.1,0
2026-08-07T05:00,13.6,63,6.7,0,2,1.47,35,4,1022.1,1
2026-08-07T06:00,14.4,63,7.4,0,0,1,37,83,1022.5,1
2026-08-07T07:00,16.2,56,7.4,0,2,0.96,43,231,1022.4,1
2026-08-07T08:00,18.5,48,7.2,0,1,0.94,58,393,1022.6,1
2026-08-07T09:00,20.3,42,7,0,0,0.56,117,546,1022.5,1
2026-08-07T10:00,21.7,36,5.9,0,34,0.62,194,676,1022.2,1
2026-08-07T11:00,22.8,33,5.7,0,11,0.85,208,769,1021.7,1
2026-08-07T12:00,24,30,5.2,0,0,1.28,211,822,1021.1,1
2026-08-07T13:00,24.8,28,5,0,0,1.42,219,830,1020.7,1
2026-08-07T14:00,25.3,27,4.7,0,0,1.56,228,787,1020.1,1
2026-08-07T15:00,25.8,26,4.7,0,0,1.6,231,699,1019.7,1
2026-08-07T16:00,25.9,25,4.6,0,0,1.31,252,577,1019.5,1
2026-08-07T17:00,25.7,26,4.6,0,1,1.35,274,430,1018.9,1
2026-08-07T18:00,25.5,25,4.1,0,0,1.45,272,264,1018.8,1
2026-08-07T19:00,24.2,29,5,0,2,2.09,226,111,1019,1
2026-08-07T20:00,21.5,43,8.4,0,1,3.56,197,11,1019.7,0
2026-08-07T21:00,19.9,49,9,0,0,2.67,203,0,1020.2,0
2026-08-07T22:00,19.3,53,9.3,0,0,1.72,206,0,1020.1,0
2026-08-07T23:00,18.8,55,9.5,0,8,1.39,201,0,1020.1,0
2026-08-08T00:00,17.5,59,9.5,0,0,0.83,237,0,1019.9,0
2026-08-08T01:00,16.9,61,9.5,0,0,1.3,208,0,1019.8,0
2026-08-08T02:00,16.2,65,9.6,0,0,1.45,176,0,1019.5,0
2026-08-08T03:00,15.5,69,9.7,0,3,1.35,182,0,1019.4,0
2026-08-08T04:00,14.8,71,9.6,0,2,1.55,180,0,1019.3,0
2026-08-08T05:00,14.4,71,9.2,0,2,1.35,176,3,1019.4,1
2026-08-08T06:00,15.1,71,9.8,0,0,0.6,204,84,1019.2,1
2026-08-08T07:00,17.4,58,9.1,0,0,0.32,198,233,1019.1,1
2026-08-08T08:00,20.2,43,7.1,0,98,0.62,166,395,1019,1
2026-08-08T09:00,22.3,38,7.2,0,88,1.49,160,539,1018.6,1
2026-08-08T10:00,24,36,7.9,0,29,2.4,179,666,1018.3,1
2026-08-08T11:00,25.2,33,7.9,0,61,2.77,187,766,1018,1
2026-08-08T12:00,26.7,29,7.4,0,82,2.57,193,814,1017.1,1
2026-08-08T13:00,27.3,27,6.9,0,97,2.78,194,810,1016.5,1
2026-08-08T14:00,27.6,26,6.6,0,100,2.98,194,756,1016.2,1
2026-08-08T15:00,27.4,25,5.9,0,96,2.89,198,615,1015.7,1
2026-08-08T16:00,27.2,26,5.8,0,74,2.84,204,543,1015.5,1
2026-08-08T17:00,26.6,26,5.8,0,100,2.57,204,375,1015,1
2026-08-08T18:00,26.1,26,5.2,0,77,2.4,197,188,1014.7,1
2026-08-08T19:00,25.2,28,5.2,0,88,2.61,200,96,1014.6,1
2026-08-08T20:00,24.2,30,5.5,0,98,2.04,208,9,1014.8,0
2026-08-08T21:00,23.4,33,6,0,100,1.4,215,0,1014.7,0
2026-08-08T22:00,22.5,35,6.4,0,79,1.13,167,0,1014.7,0
2026-08-08T23:00,21.6,38,6.5,0,11,1.45,153,0,1014.7,0
2026-08-09T00:00,20.1,43,7,0,47,0.7,180,0,1014.2,0
2026-08-09T01:00,19.8,44,7.2,0,6,0.63,198,0,1013.7,0
2026-08-09T02:00,19.3,45,7,0,2,0.4,300,0,1013,0
2026-08-09T03:00,18.6,47,7.1,0,3,0.71,278,0,1012.7,0
2026-08-09T04:00,18,50,7.4,0,0,0.59,250,0,1012.5,0
2026-08-09T05:00,17.4,53,7.8,0,0,0.81,313,3,1012.4,1
2026-08-09T06:00,18.2,51,7.9,0,25,0.05,180,76,1012.6,1
2026-08-09T07:00,20.1,45,7.7,0,31,0.07,135,210,1012.3,1
2026-08-09T08:00,22.3,37,7,0,34,0.05,270,337,1012.3,1
2026-08-09T09:00,24.5,29,5.5,0,16,0.91,6,477,1012,1
2026-08-09T10:00,26.6,24,4.2,0,5,0.98,24,635,1011.8,1
2026-08-09T11:00,28.1,21,4,0,21,0.49,114,743,1011.6,1
2026-08-09T12:00,29.6,19,3.9,0,17,1.03,157,756,1011.2,1
2026-08-09T13:00,30.8,19,4.8,0,32,1.46,196,775,1010.6,1
2026-08-09T14:00,31.5,20,6.1,0,33,1.77,241,719,1009.8,1
2026-08-09T15:00,32.2,19,5.9,0,59,2.69,248,610,1009.2,1
2026-08-09T16:00,31.8,19,5.5,0,41,2.9,259,504,1009,1
2026-08-09T17:00,30.8,21,5.8,0,0,3.78,288,391,1009,1
2026-08-09T18:00,30.2,22,6.1,0,12,3.75,291,250,1009.3,1
2026-08-09T19:00,29.3,24,6.4,0,57,3.69,297,100,1009.5,1
2026-08-09T20:00,27.7,29,8,0,92,4.92,295,8,1010.4,0
2026-08-09T21:00,25.9,34,8.9,0,88,3.78,277,0,1011.1,0
2026-08-09T22:00,25.1,38,9.6,0,65,3.42,276,0,1011.4,0
2026-08-09T23:00,24,43,10.6,0,50,3.53,277,0,1011.9,0
2026-08-10T00:00,22.4,49,11.2,0,32,2.86,289,0,1012,0
2026-08-10T01:00,21.7,53,11.7,0,34,2.39,296,0,1012,0
2026-08-10T02:00,20.9,56,11.9,0,8,2.42,294,0,1012.4,0
2026-08-10T03:00,20.1,58,11.6,0,28,2.59,298,0,1012.8,0
2026-08-10T04:00,19.2,60,11.3,0,45,2.33,295,0,1013.3,0
2026-08-10T05:00,18.6,64,11.6,0,52,2.24,297,2,1014.2,1
2026-08-10T06:00,18.5,67,12.2,0,43,1.9,297,69,1014.8,1
2026-08-10T07:00,19.6,66,13,0,38,2.3,319,207,1015.3,1
2026-08-10T08:00,20.8,62,13.3,0,65,2.39,323,361,1016,1
2026-08-10T09:00,22.1,56,13,0,85,2.53,322,506,1016.6,1
2026-08-10T10:00,23,51,12.2,0,91,2.39,327,568,1017,1
2026-08-10T11:00,24,45,11.2,0,79,2.15,329,703,1017.3,1
2026-08-10T12:00,24.9,40,10.5,0,80,2.09,349,760,1017.4,1
2026-08-10T13:00,25.8,36,9.7,0,77,2.2,3,780,1017.4,1
2026-08-10T14:00,26.2,34,9.2,0,66,1.9,27,747,1017.5,1
2026-08-10T15:00,26.3,33,8.8,0,33,2.03,38,649,1017.6,1
2026-08-10T16:00,26.4,31,8,0,29,2.19,43,534,1017.8,1
2026-08-10T17:00,25.9,31,7.3,0,33,2.08,55,404,1018,1
2026-08-10T18:00,25.7,32,7.9,0,20,2.37,72,234,1018.3,1
2026-08-10T19:00,22.3,59,13.8,0,52,4.57,100,83,1019.1,1
2026-08-10T20:00,20.5,67,14.2,0,22,3.86,86,6,1020,0
2026-08-10T21:00,19.6,69,13.8,0,8,3.55,89,0,1020.7,0
2026-08-10T22:00,19,69,13.1,0,9,3.41,94,0,1021,0
2026-08-10T23:00,18.5,68,12.5,0,34,3.11,94,0,1021.6,0
2026-08-11T00:00,17.7,70,12.2,0,20,2.65,90,0,1021.8,0
2026-08-11T01:00,17.5,72,12.4,0,15,2.35,94,0,1021.9,0
2026-08-11T02:00,17.2,74,12.6,0,58,2.36,95,0,1022,0
2026-08-11T03:00,16.9,76,12.7,0,70,2.3,92,0,1022.1,0
2026-08-11T04:00,16.6,79,12.9,0,40,2.15,93,0,1021.9,0
2026-08-11T05:00,16.4,81,13.1,0,1,2.1,91,2,1022.3,1
2026-08-11T06:00,17.3,77,13.3,0,5,2.31,96,69,1022.8,1
2026-08-11T07:00,18.7,72,13.5,0,5,2.2,87,207,1022.9,1
2026-08-11T08:00,20.2,62,12.8,0,5,2.92,103,364,1022.8,1
2026-08-11T09:00,21.5,55,12,0,5,2.76,102,506,1022.8,1
2026-08-11T10:00,22.8,48,11.4,0,5,2.7,101,635,1022.6,1
2026-08-11T11:00,24.1,43,10.7,0,2,2.72,97,743,1022.5,1
2026-08-11T12:00,24.8,41,10.8,0,5,3,87,791,1022.3,1
2026-08-11T13:00,25.2,41,11.1,0,2,3.18,83,795,1021.9,1
2026-08-11T14:00,25.3,42,11.5,0,73,3.31,85,758,1021.6,1
2026-08-11T15:00,25.1,42,11.3,0,73,3.45,92,658,1021.5,1
2026-08-11T16:00,24.6,42,10.8,0,24,3.57,96,539,1021.4,1
2026-08-11T17:00,23.8,43,10.6,0,2,3.51,95,399,1021.2,1
2026-08-11T18:00,22.9,47,10.9,0,8,3.36,95,242,1021.3,1
2026-08-11T19:00,21.6,53,11.6,0,0,3.35,88,94,1021.3,1
2026-08-11T20:00,20.6,59,12.2,0,3,3.22,83,6,1021.8,0
2026-08-11T21:00,19.9,64,12.9,0,13,3.05,80,0,1022.1,0
2026-08-11T22:00,19.5,69,13.6,0,61,2.91,74,0,1022.1,0
2026-08-11T23:00,19.3,72,14,0,98,2.92,77,0,1022.3,0
2026-08-12T00:00,18.2,78,14.4,0,30,2.85,79,0,1022.2,0
2026-08-12T01:00,18.3,78,14.4,0,11,2.74,81,0,1021.7,0
2026-08-12T02:00,18.2,75,13.7,0,7,2.67,84,0,1021.5,0
2026-08-12T03:00,17.9,72,12.8,0,65,2.52,83,0,1021.4,0
2026-08-12T04:00,17.5,73,12.6,0,93,2.38,80,0,1021.5,0
2026-08-12T05:00,17.2,74,12.5,0,47,2.41,84,1,1021.8,1
2026-08-12T06:00,17.7,72,12.6,0,0,1.93,80,67,1021.8,1
2026-08-12T07:00,19.4,64,12.4,0,0,1.69,71,211,1021.8,1
2026-08-12T08:00,21.5,55,12,0,0,1.68,73,371,1021.9,1
2026-08-12T09:00,23.8,46,11.4,0,0,1.82,82,524,1021.7,1
2026-08-12T10:00,26.1,38,10.7,0,6,1.85,90,653,1021.4,1
2026-08-12T11:00,28.1,32,9.8,0,9,1.63,101,746,1021.3,1
2026-08-12T12:00,30.2,25,7.9,0,20,1.2,95,796,1021.2,1
2026-08-12T13:00,31.4,23,7.5,0,13,1.26,97,797,1020.8,1
2026-08-12T14:00,32.3,21,7.5,0,0,1.54,103,755,1020.3,1
2026-08-12T15:00,32.8,21,7.9,0,0,1.81,104,669,1020.1,1
2026-08-12T16:00,32.8,23,8.8,0,0,2.25,107,545,1019.9,1
2026-08-12T17:00,32.1,25,9.6,0,4,2.71,106,396,1019.8,1
2026-08-12T18:00,30.7,29,10.4,0,0,3.17,102,198,1019.8,1
2026-08-12T19:00,28.3,34,10.8,0,0,3.1,89,30,1020,1
2026-08-12T20:00,26.3,36,10,0,0,2.73,82,5,1020.6,0
2026-08-12T21:00,25.3,39,10.4,0,0,2.25,78,0,1021.1,0
2026-08-12T22:00,24.6,43,11.3,0,0,1.92,75,0,1021.2,0
2026-08-12T23:00,23.9,46,11.7,0,0,1.88,68,0,1021.3,0
2026-08-13T00:00,21.8,55,12.2,0,0,2.01,71,0,1020.8,0
2026-08-13T01:00,21.1,58,12.4,0,0,1.99,72,0,1020.5,0
2026-08-13T02:00,20.4,62,12.8,0,0,2,68,0,1020.3,0
2026-08-13T03:00,19.8,67,13.4,0,0,1.88,65,0,1020.1,0
2026-08-13T04:00,19.3,72,14.1,0,0,1.79,63,0,1020,0
2026-08-13T05:00,18.9,77,14.8,0,0,1.77,61,1,1020.1,1
2026-08-13T06:00,19.5,77,15.4,0,0,1.7,62,67,1020.1,1
2026-08-13T07:00,21.4,70,15.8,0,0,1.38,71,210,1019.9,1
2026-08-13T08:00,24.2,59,15.7,0,0,0.9,71,370,1019.9,1
2026-08-13T09:00,27.8,44,14.4,0,0,0.95,72,521,1019.7,1
2026-08-13T10:00,31.2,27,10.1,0,0,1.08,103,648,1019.5,1
2026-08-13T11:00,33.1,19,6.6,0,0,1.06,139,740,1019.4,1
2026-08-13T12:00,34.9,16,5,0,0,1.48,147,790,1018.6,1
2026-08-13T13:00,35.6,15,5.3,0,0,1.7,166,795,1018.2,1
2026-08-13T14:00,36.1,16,6.6,0,2,1.95,179,746,1017.7,1
2026-08-13T15:00,36.2,18,7.8,0,11,2.4,192,661,1017.3,1
2026-08-13T16:00,35.9,18,8.2,0,2,3.23,202,539,1016.9,1
2026-08-13T17:00,35.2,19,7.8,0,0,3.58,208,391,1016.7,1
2026-08-13T18:00,34.3,19,7.1,0,0,3.4,210,233,1016.6,1
2026-08-13T19:00,32.7,21,7.2,0,0,3.36,210,86,1016.7,1
2026-08-13T20:00,30.8,23,7.5,0,0,2.78,218,4,1017,0
2026-08-13T21:00,29.3,25,7.5,0,0,2.1,218,0,1017,0
2026-08-13T22:00,28,28,7.7,0,0,2.13,221,0,1017,0
2026-08-13T23:00,26.9,32,8.8,0,0,2.16,222,0,1016.9,0
2026-08-14T00:00,25.1,40,10.4,0,16,1.82,217,0,1016.6,0
2026-08-14T01:00,24.5,44,11.4,0,1,1.74,231,0,1016.3,0
2026-08-14T02:00,23.8,48,12.1,0,0,1.95,241,0,1016.1,0
2026-08-14T03:00,23,52,12.8,0,0,1.96,251,0,1016.1,0
2026-08-14T04:00,22.3,57,13.3,0,0,1.76,250,0,1015.7,0
2026-08-14T05:00,21.7,61,13.7,0,0,1.61,263,1,1015.7,1
2026-08-14T06:00,22.1,58,13.5,0,0,1.49,290,62,1016,1
2026-08-14T07:00,23.6,53,13.6,0,0,1.28,309,201,1016.1,1
2026-08-14T08:00,25.3,48,13.6,0,13,0.96,313,359,1016.1,1
2026-08-14T09:00,27.5,43,13.7,0,41,1.2,318,508,1016,1
2026-08-14T10:00,29.3,39,13.8,0,20,0.92,319,635,1015.5,1
2026-08-14T11:00,30.9,35,13.6,0,62,0.63,288,727,1015.2,1
2026-08-14T12:00,32.2,31,13.2,0,1,0.86,280,776,1014.7,1
2026-08-14T13:00,33.3,28,12.6,0,0,1.11,252,784,1014,1
2026-08-14T14:00,33.8,27,12.3,0,24,1.41,253,740,1013.7,1
2026-08-14T15:00,33.9,27,12.1,0,30,2.07,262,651,1013.1,1
2026-08-14T16:00,33.8,27,11.9,0,8,2.86,266,523,1012.9,1
2026-08-14T17:00,33.1,28,12.1,0,6,2.87,276,357,1012.4,1
2026-08-14T18:00,32.1,31,12.9,0,7,2.85,301,220,1012.4,1
2026-08-14T19:00,31.3,33,12.9,0,16,2.37,325,79,1012.1,1
2026-08-14T20:00,30.6,34,12.8,0,68,2.25,328,3,1012.7,0
2026-08-14T21:00,29.8,35,12.7,0,78,2.5,12,0,1013,0
2026-08-14T22:00,27.4,43,13.7,0,80,2.57,53,0,1013.3,0
2026-08-14T23:00,25.7,49,14.2,0,82,2.51,35,0,1013.5,0
2026-08-15T00:00,24.3,52,13.8,0,83,2.35,12,0,1014,0
2026-08-15T01:00,24,57,15,0,74,2.95,15,0,1013.8,0
2026-08-15T02:00,23.1,65,16.2,0,94,3.31,4,0,1014,0
2026-08-15T03:00,22.3,68,16,0,98,3.39,8,0,1014.1,0
2026-08-15T04:00,21.6,67,15.2,0,97,3.31,11,0,1014.3,0
2026-08-15T05:00,20.7,65,14,0,59,3.46,3,0,1014.1,1
2026-08-15T06:00,20.1,65,13.3,0,91,2.9,1,49,1014.7,1
2026-08-15T07:00,20.7,63,13.5,0,99,2.65,11,165,1015,1
2026-08-15T08:00,21.7,63,14.4,0,77,2.85,11,290,1015.1,1
2026-08-15T09:00,23.5,59,15.1,0,41,2.85,15,473,1014.8,1
2026-08-15T10:00,26.2,49,14.6,0,36,2.62,24,606,1014.6,1
2026-08-15T11:00,27.3,45,14.4,0,96,3.21,21,643,1014.8,1
2026-08-15T12:00,25.6,54,15.6,0.2,100,3.58,20,506,1015.5,1
2026-08-15T13:00,25.5,54,15.5,0,23,2.93,23,334,1015.4,1
2026-08-15T14:00,26.8,49,15.2,0,30,2.36,32,586,1015.1,1
2026-08-15T15:00,27,48,14.9,0.1,22,2.3,27,564,1015,1
2026-08-15T16:00,26.7,48,14.9,0,50,2.78,18,433,1014.7,1
2026-08-15T17:00,26,50,14.7,0,100,2.95,11,304,1014.6,1
2026-08-15T18:00,25.3,51,14.5,0,9,3.01,11,151,1014.8,1
2026-08-15T19:00,24.5,53,14.2,0,5,3.07,22,51,1014.9,1
2026-08-15T20:00,23.8,55,14.1,0,34,3.11,30,2,1015.4,0
2026-08-15T21:00,23,59,14.6,0,100,2.83,58,0,1016,0
2026-08-15T22:00,21.9,70,16.2,0,100,2.29,101,0,1016.4,0
2026-08-15T23:00,21.1,77,16.9,0,99,2.18,127,0,1016.7,0
2026-08-16T00:00,19.4,83,16.5,0,0,1.34,117,0,1016.6,0
2026-08-16T01:00,19.2,85,16.6,0,21,0.36,16,0,1016.5,0
2026-08-16T02:00,18.7,87,16.5,0,11,1.1,30,0,1016.5,0
2026-08-16T03:00,18.3,88,16.2,0,15,1.62,68,0,1016.4,0
2026-08-16T04:00,17.9,89,16.1,0,77,1.23,69,0,1016.2,0
2026-08-16T05:00,17.7,90,16.1,0,55,1.08,56,0,1016.4,1
2026-08-16T06:00,17.6,87,15.5,0,99,0.78,40,41,1016.5,1
2026-08-16T07:00,18.4,84,15.7,0,100,0.45,84,96,1016.7,1
2026-08-16T08:00,19.3,79,15.5,0,99,0.3,171,175,1016.7,1
2026-08-16T09:00,20.1,74,15.4,0,98,0.22,207,273,1016.6,1
2026-08-16T10:00,20.7,70,15.1,0.1,100,0.76,247,302,1016.6,1
2026-08-16T11:00,20.7,72,15.4,0.6,100,1.05,273,200,1016.9,1
2026-08-16T12:00,24,55,14.5,0.1,93,2.01,251,201,1016.2,1
2026-08-16T13:00,25,50,14,0,99,1.94,258,632,1015.4,1
2026-08-16T14:00,25.1,47,13.1,0,100,1.91,276,460,1015.1,1
2026-08-16T15:00,25.2,50,14.1,0,99,2.21,288,430,1015,1
2026-08-16T16:00,24.5,54,14.7,0.1,100,1.8,314,329,1014.8,1
2026-08-16T17:00,23.5,58,14.7,0,42,1.18,348,182,1014.4,1
2026-08-16T18:00,23.5,59,15.1,0,88,1.27,9,184,1014.4,1
2026-08-16T19:00,22.8,65,15.8,0,100,1.18,54,57,1013.9,1
2026-08-16T20:00,22.3,69,16.2,0,100,1.97,156,1,1014,0
2026-08-16T21:00,21.9,70,16.2,0,97,3.24,214,0,1014.1,0
2026-08-16T22:00,21.6,72,16.4,0,99,3.18,240,0,1014,0
2026-08-16T23:00,21.3,74,16.5,0,88,2.67,262,0,1014,0
2026-08-17T00:00,20.3,75,15.8,0,100,1.95,273,0,1013.8,0
2026-08-17T01:00,19.8,68,13.7,0,82,2.2,300,0,1013.6,0
2026-08-17T02:00,18.8,68,12.8,0,100,1.99,298,0,1013.5,0
2026-08-17T03:00,18.2,68,12.1,0,61,2.28,285,0,1013.5,0
2026-08-17T04:00,17.5,69,11.8,0,87,2.24,294,0,1013.7,0
2026-08-17T05:00,16.9,73,11.9,0,57,2.16,310,0,1013.6,1
2026-08-17T06:00,17.1,73,12.2,0,95,1.49,310,47,1014.2,1
2026-08-17T07:00,18.2,69,12.4,0,49,1.43,306,166,1014.3,1
2026-08-17T08:00,19.8,59,11.6,0,20,1.31,310,324,1014.3,1
2026-08-17T09:00,21.3,53,11.4,0,33,1.14,285,487,1014.3,1
2026-08-17T10:00,22.5,52,12.1,0,44,1.39,285,608,1014.6,1
2026-08-17T11:00,24.2,49,12.9,0,95,1.57,279,639,1014.5,1
2026-08-17T12:00,24.4,51,13.7,0,77,1.9,293,548,1014.6,1
2026-08-17T13:00,25.5,47,13.4,0,88,2.1,282,546,1014.1,1
2026-08-17T14:00,25.6,45,12.9,0,88,2.25,271,395,1013.8,1
2026-08-17T15:00,26.3,43,12.7,0,99,2.67,287,399,1013.5,1
2026-08-17T16:00,26.3,42,12.5,0,100,2.51,301,289,1013.2,1
2026-08-17T17:00,26,43,12.3,0,52,1.83,305,161,1012.5,1
2026-08-17T18:00,25.8,46,13.3,0,65,0.96,298,182,1012.1,1
2026-08-17T19:00,25.2,55,15.4,0,55,0.79,325,50,1011.7,1
2026-08-17T20:00,24.1,61,16.1,0,95,0.85,118,1,1011.6,0
2026-08-17T21:00,23.4,59,15,0,75,2.02,237,0,1011.5,0
2026-08-17T22:00,23,57,13.9,0,31,3.51,266,0,1011.6,0
2026-08-17T23:00,21.6,62,14,0,27,3.55,256,0,1011.8,0
2026-08-18T00:00,20.2,66,13.7,0,89,3.59,251,0,1011,0
2026-08-18T01:00,19.3,68,13.3,0,87,4.2,268,0,1011,0
2026-08-18T02:00,18.5,72,13.4,0,98,3.41,273,0,1010.8,0
2026-08-18T03:00,18.2,76,14,0.2,99,2.95,269,0,1010.6,0
2026-08-18T04:00,18.4,78,14.6,0,100,3.04,261,0,1010.1,0
2026-08-18T05:00,18,86,15.7,0.8,100,3.01,259,0,1009.6,1
2026-08-18T06:00,18.9,83,16,0,100,3.3,260,19,1009.7,1
2026-08-18T07:00,19.5,84,16.6,0,100,2.87,247,36,1009.8,1
2026-08-18T08:00,20,83,17.1,0,100,2.83,234,63,1009.6,1
2026-08-18T09:00,21.2,77,17,0,100,3.88,263,147,1009.4,1
2026-08-18T10:00,22.1,71,16.7,0,100,3.71,265,202,1009.5,1
2026-08-18T11:00,23.2,63,15.7,0,100,3.6,268,258,1009.2,1
2026-08-18T12:00,23.7,59,15.2,0,100,3.6,270,215,1008.9,1
2026-08-18T13:00,23.8,58,15,0,100,3.6,268,202,1008.8,1
2026-08-18T14:00,23.6,57,14.6,0,100,3.63,263,135,1008.4,1
2026-08-18T15:00,23.2,57,14.3,0,100,3.51,259,92,1008,1
2026-08-18T16:00,23.5,54,13.8,0,100,3.76,267,193,1007.8,1
2026-08-18T17:00,23.2,54,13.3,0,100,3.67,264,185,1007.7,1
2026-08-18T18:00,23,54,13.2,0,100,2.93,261,94,1007.5,1
2026-08-18T19:00,22.4,56,13.3,0,100,2.98,239,15,1007.4,1
2026-08-18T20:00,21.9,59,13.5,0,98,3.43,247,0,1007.6,0
2026-08-18T21:00,21.3,61,13.4,0,100,2.73,262,0,1007.6,0
2026-08-18T22:00,20.8,62,13.3,0,100,2.75,267,0,1007.5,0
2026-08-18T23:00,20.2,64,13.2,0,100,2.8,269,0,1007.3,0
2026-08-19T00:00,19.4,68,13.3,0,100,2.26,257,0,1006.9,0
2026-08-19T01:00,19.2,68,13.1,0.1,100,2.56,249,0,1006.2,0
2026-08-19T02:00,17.9,78,14.1,0.6,100,2.92,248,0,1005.7,0
2026-08-19T03:00,17.5,83,14.5,0.2,100,2.71,242,0,1005.2,0
2026-08-19T04:00,17.2,86,14.8,0.2,100,2.87,239,0,1005,0
2026-08-19T05:00,17.1,87,14.8,0,100,3.01,238,0,1004.7,1
2026-08-19T06:00,17,86,14.6,0,98,2.64,243,23,1004.4,1
2026-08-19T07:00,17.4,81,14.2,0.1,97,3.05,247,68,1004.3,1
2026-08-19T08:00,17.4,81,14.1,0.2,100,2.7,259,74,1003.9,1
2026-08-19T09:00,17.5,79,13.8,0.4,95,2.25,266,109,1003.5,1
2026-08-19T10:00,18.4,73,13.4,0,70,1.94,258,195,1003.3,1
2026-08-19T11:00,19.8,64,12.9,0,70,1.41,264,397,1002.7,1
2026-08-19T12:00,21.8,56,12.7,0,50,1.99,245,532,1002.1,1
2026-08-19T13:00,22.5,53,12.4,0.3,25,2.62,263,679,1001.5,1
2026-08-19T14:00,23.1,48,11.6,0.1,31,2.8,272,652,1001.3,1
2026-08-19T15:00,23.8,44,10.8,0,17,3,259,557,1001,1
2026-08-19T16:00,23.8,42,10.1,0,30,3.73,258,440,1000.8,1
2026-08-19T17:00,23.6,37,8.1,0,13,4.34,262,328,1000.7,1
2026-08-19T18:00,23,35,6.8,0,9,4.59,262,192,1000.9,1
2026-08-19T19:00,21.5,39,6.9,0,4,4.84,262,61,1001.2,1
2026-08-19T20:00,20.1,48,8.8,0,3,3.79,258,1,1002,0
2026-08-19T21:00,19.2,52,9.2,0,3,3.86,257,0,1002.5,0
2026-08-19T22:00,18.2,60,10.2,0,4,3.72,253,0,1002.8,0
2026-08-19T23:00,17.5,65,10.8,0,6,3.29,253,0,1003.1,0
2026-08-20T00:00,16.9,69,11.2,0,10,2.99,252,0,1003.1,0
2026-08-20T01:00,16.4,72,11.3,0,23,2.42,232,0,1002.9,0
2026-08-20T02:00,15.9,75,11.5,0,20,2.48,214,0,1002.7,0
2026-08-20T03:00,15.5,78,11.7,0,9,2.65,212,0,1002.4,0
2026-08-20T04:00,15.1,81,12,0,30,2.87,221,0,1002,0
2026-08-20T05:00,14.9,85,12.4,0,33,2.79,224,0,1002.1,1
2026-08-20T06:00,14.5,95,13.7,0,10,2.93,224,43,1002.2,1
2026-08-20T07:00,16.3,84,13.6,0,27,3.45,246,162,1002.2,1
2026-08-20T08:00,17.8,74,13.1,0,16,3.36,247,317,1002.3,1
2026-08-20T09:00,19.3,65,12.5,0,33,3.42,245,473,1002.5,1
2026-08-20T10:00,20.4,57,11.5,0,74,3.8,243,593,1002.7,1
2026-08-20T11:00,21.2,51,10.6,0.1,100,4.16,244,567,1002.8,1
2026-08-20T12:00,22.1,45,9.8,0,75,3.48,254,379,1002.9,1
2026-08-20T13:00,19.4,63,12.2,1.6,22,3.93,217,631,1003.5,1
2026-08-20T14:00,20.4,51,9.9,0.3,74,4.59,242,578,1003.1,1
2026-08-20T15:00,21.3,48,9.9,0.8,20,4.1,257,578,1003.2,1
2026-08-20T16:00,21.9,44,9,0.1,23,4.3,270,488,1003.1,1
2026-08-20T17:00,20.8,48,9.2,0.2,45,4.43,286,244,1003.6,1
2026-08-20T18:00,19.7,57,10.8,0,29,2.83,291,149,1004.4,1
2026-08-20T19:00,17.9,69,12.2,0.3,31,2.06,276,50,1005.1,1
2026-08-20T20:00,17.3,76,13,0,8,1.8,289,0,1006,0
2026-08-20T21:00,16.5,77,12.6,0.2,40,2.29,344,0,1006.8,0
2026-08-20T22:00,15.6,82,12.4,0,10,3.35,3,0,1007.3,0
2026-08-20T23:00,14.8,85,12.3,0,5,2.65,3,0,1007.9,0
2026-08-21T00:00,14,95,13.1,0,19,2.45,343,0,1008.2,0
2026-08-21T01:00,13.9,93,12.8,0,20,1.8,358,0,1008.6,0
2026-08-21T02:00,13.7,94,12.7,0,10,1.81,355,0,1008.8,0
2026-08-21T03:00,13.5,93,12.3,0,25,1.95,357,0,1009,0
2026-08-21T04:00,13.2,92,11.9,0,17,1.96,354,0,1009,0
2026-08-21T05:00,12.8,92,11.5,0,9,2.11,353,0,1009.2,1
2026-08-21T06:00,13.4,90,11.8,0,9,2.45,348,40,1009.6,1
2026-08-21T07:00,14.3,84,11.5,0,9,2.36,355,161,1010,1
2026-08-21T08:00,15.6,75,11.2,0,9,2.21,6,319,1010.5,1
2026-08-21T09:00,17,67,10.9,0,16,2.25,12,454,1010.9,1
2026-08-21T10:00,18.4,58,9.9,0,21,2.07,15,594,1011.3,1
2026-08-21T11:00,19.3,51,9.1,0,19,2.07,7,664,1011.6,1
2026-08-21T12:00,19.8,49,8.9,0,29,2.15,357,709,1011.7,1
2026-08-21T13:00,20.7,41,7.1,0.1,25,2.11,356,713,1011.4,1
2026-08-21T14:00,21,39,6.6,0,23,2.14,339,646,1011.5,1
2026-08-21T15:00,21.1,38,6.1,0,10,2.22,337,570,1011.7,1
2026-08-21T16:00,21.1,36,5.5,0,18,2.12,341,456,1011.8,1
2026-08-21T17:00,20.8,36,5,0,20,2.39,349,309,1012.1,1
2026-08-21T18:00,19.8,37,4.8,0,30,2.95,11,174,1012.8,1
2026-08-21T19:00,17.6,54,8.1,0,27,4.38,19,49,1013.8,1
2026-08-21T20:00,16.1,68,10.3,0,4,3.06,15,0,1014.9,0
2026-08-21T21:00,15.3,74,10.6,0,4,3,11,0,1015.6,0
2026-08-21T22:00,14.5,77,10.5,0,7,2.62,8,0,1016.2,0
2026-08-21T23:00,13.9,79,10.3,0,32,2.4,358,0,1016.6,0
2026-08-22T00:00,13.1,86,10.8,1.3,60,2.15,329,0,1017.1,0
2026-08-22T01:00,13,88,11,0.3,3,2.19,336,0,1017.2,0
2026-08-22T02:00,12.7,85,10.2,0,1,2.85,345,0,1017.4,0
2026-08-22T03:00,12.2,84,9.6,0,2,2.65,349,0,1017.8,0
2026-08-22T04:00,11.8,86,9.5,0,0,2.31,342,0,1018.3,0
2026-08-22T05:00,11.4,87,9.3,0,2,2.35,333,0,1018.9,1
2026-08-22T06:00,11.9,81,8.7,0,1,2.3,347,40,1019.6,1
2026-08-22T07:00,13.2,73,8.5,0,1,2.33,350,174,1020.2,1
2026-08-22T08:00,14.9,66,8.6,0,1,2.3,359,333,1020.6,1
2026-08-22T09:00,16.6,58,8.3,0,0,2.39,11,488,1021,1
2026-08-22T10:00,17.9,50,7.2,0,1,2.33,10,622,1021.1,1
2026-08-22T11:00,19.1,43,6.2,0,0,2.16,4,718,1021.1,1
2026-08-22T12:00,20.4,38,5.7,0,16,2.03,10,775,1021.1,1
2026-08-22T13:00,21.6,34,4.9,0,20,2.07,7,759,1021,1
2026-08-22T14:00,21.9,31,4,0,37,2.11,4,657,1020.9,1
2026-08-22T15:00,22.2,29,3.3,0,99,1.9,360,553,1020.9,1
2026-08-22T16:00,21.9,29,2.9,0,84,2.14,349,333,1021,1
2026-08-22T17:00,21.2,32,3.7,0,99,2.97,347,186,1021.1,1
2026-08-22T18:00,20.6,35,4.6,0,45,3.15,357,137,1021.6,1
2026-08-22T19:00,19.5,37,4.6,0,54,2.7,19,44,1022,1
2026-08-22T20:00,19,39,4.7,0,38,1.97,54,0,1022.5,0
2026-08-22T21:00,18.4,42,5.4,0,16,2.12,82,0,1022.6,0
2026-08-22T22:00,17.3,53,7.7,0,3,2.12,135,0,1022.6,0
2026-08-22T23:00,16.4,59,8.5,0,36,1.88,155,0,1022.8,0
2026-08-23T00:00,15.3,64,8.6,0,34,1.77,172,0,1022.9,0
2026-08-23T01:00,14.9,68,9,0,79,1.41,203,0,1023.1,0
2026-08-23T02:00,14.5,71,9.3,0,78,1.35,202,0,1023.4,0
2026-08-23T03:00,14.1,74,9.5,0,64,1.46,232,0,1023.4,0
2026-08-23T04:00,13.8,77,9.8,0,30,1.48,242,0,1023.2,0
2026-08-23T05:00,13.3,81,10.1,0,23,1.21,246,0,1023.4,1
2026-08-23T06:00,13.4,80,10,0,36,1.26,252,37,1023.8,1
2026-08-23T07:00,14.8,74,10.3,0,33,0.76,247,158,1024.2,1
2026-08-23T08:00,16.6,67,10.4,0,5,0.78,255,317,1024.1,1
2026-08-23T09:00,18.4,59,10.4,0,3,1.01,261,484,1024,1
2026-08-23T10:00,20.1,50,9.2,0,2,0.9,273,624,1023.8,1
2026-08-23T11:00,21.6,40,7.4,0,39,0.5,270,719,1023.6,1
2026-08-23T12:00,23.1,33,5.8,0,41,0.64,39,717,1023.1,1
2026-08-23T13:00,24,29,5,0,40,0.7,86,729,1022.8,1
2026-08-23T14:00,24.6,27,4.2,0,81,1.4,90,696,1022.2,1
2026-08-23T15:00,24.8,26,4,0,48,1.64,70,607,1021.7,1
2026-08-23T16:00,24.7,25,3.6,0,48,1.97,54,452,1021.5,1
2026-08-23T17:00,24.2,26,3.4,0,6,2.48,40,329,1021,1
2026-08-23T18:00,23.7,28,3.9,0,18,3.05,50,146,1020.8,1
2026-08-23T19:00,21.1,45,8.8,0,19,4.93,84,45,1021.2,1
2026-08-23T20:00,19.8,51,9.5,0,14,3.11,114,0,1022,0
2026-08-23T21:00,19,54,9.6,0,35,2.79,111,0,1022.3,0
2026-08-23T22:00,18,59,9.9,0,82,2.55,110,0,1022.3,0
2026-08-23T23:00,17.4,63,10.4,0,88,2.23,99,0,1022.3,0
2026-08-24T00:00,16.1,71,10.9,0,45,2.1,72,0,1021.9,0
2026-08-24T01:00,15.7,72,10.6,0,27,1.92,62,0,1021.4,0
2026-08-24T02:00,15.1,73,10.2,0,8,1.95,50,0,1021.3,0
2026-08-24T03:00,14.6,74,10,0,13,1.98,49,0,1021.1,0
2026-08-24T04:00,14.1,76,9.9,0,82,2.23,50,0,1020.9,0
2026-08-24T05:00,13.6,77,9.6,0,87,2.7,51,0,1020.4,0
2026-08-24T06:00,13.8,76,9.5,0,88,2.44,44,36,1020.2,1
2026-08-24T07:00,15.3,69,9.7,0,81,2.33,55,156,1019.9,1
2026-08-24T08:00,17.2,62,9.8,0,96,2.85,68,300,1019.5,1
2026-08-24T09:00,18.6,60,10.7,0,100,3.68,83,393,1019.2,1
2026-08-24T10:00,19.3,58,10.7,0,98,4.31,85,346,1018.7,1
2026-08-24T11:00,20.4,52,10.1,0,91,4.32,80,439,1018.1,1
2026-08-24T12:00,21.6,48,10.2,0,92,4.61,86,587,1017.3,1
2026-08-24T13:00,21.7,47,9.8,0,99,4.66,81,568,1016.8,1
2026-08-24T14:00,21.8,44,8.9,0,16,4.74,82,570,1016.3,1
2026-08-24T15:00,21.7,42,8.1,0,14,5.17,81,593,1015.5,1
2026-08-24T16:00,21.1,42,7.8,0,16,5.13,77,483,1015.2,1
2026-08-24T17:00,20.3,46,8.2,0,5,4.92,75,341,1014.7,1
2026-08-24T18:00,19.4,49,8.5,0,1,4.97,69,182,1013.8,1
2026-08-24T19:00,18.6,55,9.3,0,2,4.62,68,46,1013.6,1
2026-08-24T20:00,18.2,59,10,0,7,4.25,63,0,1013.9,0
2026-08-24T21:00,17.6,63,10.5,0,7,3.87,61,0,1013.7,0
2026-08-24T22:00,17.3,66,10.9,0,13,3.6,52,0,1013.3,0
2026-08-24T23:00,16.9,69,11.1,0,25,3.32,46,0,1012.9,0
2026-08-25T00:00,16.6,70,11.1,0,26,3.41,50,0,1012.5,0
2026-08-25T01:00,16.8,70,11.4,0,21,3.11,48,0,1012.3,0
2026-08-25T02:00,16.6,74,11.9,0,48,3.41,51,0,1011.7,0
2026-08-25T03:00,16.4,77,12.4,0,23,3.52,58,0,1011.3,0
2026-08-25T04:00,16.1,81,12.8,0,12,3.43,56,0,1011.1,0
2026-08-25T05:00,15.8,83,13,0,4,3.18,53,0,1011.3,0
2026-08-25T06:00,16,82,12.9,0,1,3.32,53,34,1011.2,1
2026-08-25T07:00,17.5,75,12.9,0,2,3.15,48,162,1011.4,1
2026-08-25T08:00,19.3,68,13.2,0,1,3.46,53,320,1011.3,1
2026-08-25T09:00,21.3,59,12.9,0,3,4.1,70,473,1011.1,1
2026-08-25T10:00,23,46,10.8,0,0,4.59,79,601,1011,1
2026-08-25T11:00,23.9,39,9,0,0,4.68,83,696,1010.9,1
2026-08-25T12:00,25,35,8.3,0,0,4.39,82,749,1010.5,1
2026-08-25T13:00,25.3,33,8,0,0,4.26,87,752,1010.3,1
2026-08-25T14:00,25.3,33,7.8,0,0,4.1,88,707,1010.2,1
2026-08-25T15:00,25.2,33,7.6,0,0,3.85,88,616,1010,1
2026-08-25T16:00,24.7,35,8.3,0,6,3.81,86,488,1010.2,1
2026-08-25T17:00,23.7,40,9.4,0,24,4.01,86,335,1009.8,1
2026-08-25T18:00,22.8,45,10.1,0,55,3.6,88,176,1010,1
2026-08-25T19:00,21.4,53,11.3,0,49,3.37,84,39,1010.4,1
2026-08-25T20:00,20.8,60,12.7,0,55,3.12,78,0,1010.7,0
2026-08-25T21:00,20.4,64,13.4,0,82,2.47,69,0,1010.9,0
2026-08-25T22:00,20,67,13.7,0,87,2.28,64,0,1010.7,0
2026-08-25T23:00,19.7,69,13.8,0,100,2.2,60,0,1010.6,0
2026-08-26T00:00,19.4,72,14.3,0,100,0.86,7,0,1010.8,0
2026-08-26T01:00,19.3,74,14.6,0.1,99,0.87,24,0,1010.5,0
2026-08-26T02:00,18.8,79,15,0.1,100,1.32,191,0,1010.7,0
2026-08-26T03:00,18.7,79,15,0,99,2.12,75,0,1009.9,0
2026-08-26T04:00,18.5,80,14.9,0,97,1.58,101,0,1009.9,0
2026-08-26T05:00,18,82,15,0,41,1.2,92,0,1010.3,0
2026-08-26T06:00,17.3,92,15.9,0,93,1.8,46,28,1011.1,1
2026-08-26T07:00,17.6,95,16.8,0.8,26,1.51,96,70,1011,1
2026-08-26T08:00,19.5,85,16.8,0.1,14,1.13,103,286,1011.4,1
2026-08-26T09:00,21.5,71,16,0,2,1.5,94,428,1011.3,1
2026-08-26T10:00,23.2,62,15.6,0,33,1.72,126,584,1011.5,1
2026-08-26T11:00,24.3,59,15.7,0,70,2.12,135,634,1011.1,1
2026-08-26T12:00,26.7,49,15,0.2,100,2.33,125,633,1010.5,1
2026-08-26T13:00,26.6,49,15,0,100,2.47,135,467,1010.1,1
2026-08-26T14:00,26.6,47,14.4,0,99,3.01,136,463,1010.1,1
2026-08-26T15:00,25.4,53,15,0.1,85,3.1,93,386,1009.8,1
2026-08-26T16:00,24.1,64,16.7,0.3,96,3.56,86,350,1009.9,1
2026-08-26T17:00,23.7,66,16.9,0.1,88,3.29,77,255,1009.6,1
2026-08-26T18:00,23.9,63,16.5,0,98,3.05,80,138,1009.4,1
2026-08-26T19:00,23,67,16.5,0,100,3.06,75,32,1009.8,1
2026-08-26T20:00,21.9,72,16.6,0,100,3.1,69,0,1009.9,0
2026-08-26T21:00,21.1,76,16.7,0,98,2.86,71,0,1009.7,0
2026-08-26T22:00,20.7,78,16.7,0,94,3,75,0,1009.6,0
2026-08-26T23:00,20.4,80,16.9,0,99,2.97,77,0,1009.5,0
2026-08-27T00:00,19.5,86,17.1,0,98,2.84,66,0,1008.7,0
2026-08-27T01:00,19.7,86,17.3,0,99,3.28,69,0,1008.3,0
2026-08-27T02:00,19.3,88,17.2,0.1,99,3.05,55,0,1007.8,0
2026-08-27T03:00,18,94,17.1,3.7,100,2.26,45,0,1008,0
2026-08-27T04:00,18.3,95,17.5,0.1,99,2.92,83,0,1007,0
2026-08-27T05:00,18.5,94,17.6,0,100,2.75,74,0,1006.6,0
2026-08-27T06:00,18.6,95,17.7,0.9,100,2.49,80,11,1006.2,1
2026-08-27T07:00,19,95,18.1,1,100,1.6,92,22,1006.4,1
2026-08-27T08:00,19.3,94,18.3,1.4,100,1.57,99,28,1006.7,1
2026-08-27T09:00,19.2,95,18.3,1,99,2.36,58,61,1006.8,1
2026-08-27T10:00,20.7,89,18.9,0.1,95,2.18,70,304,1006.4,1
2026-08-27T11:00,21.7,83,18.7,0.2,100,1.5,94,310,1006.6,1
2026-08-27T12:00,19.6,89,17.7,1.1,66,1.19,57,451,1006.8,1
2026-08-27T13:00,22.4,78,18.3,0.1,93,0.63,198,563,1006.2,1
2026-08-27T14:00,22.9,76,18.4,0.1,54,1.52,157,487,1006.1,1
2026-08-27T15:00,23.1,73,18,0.1,61,1.69,146,467,1005.8,1
2026-08-27T16:00,20.4,83,17.4,1.9,95,3.38,199,320,1006.1,1
2026-08-27T17:00,21,80,17.4,0.1,100,1.55,195,254,1005.8,1
2026-08-27T18:00,20.7,80,17.1,0,100,0.35,45,61,1005.7,1
2026-08-27T19:00,20.7,79,16.8,0,97,1.74,198,17,1005.2,0
2026-08-27T20:00,20,72,14.7,0,90,2.94,212,0,1005.6,0
2026-08-27T21:00,19.1,74,14.4,0,98,2.89,217,0,1005.8,0
2026-08-27T22:00,18.6,76,14.3,0,87,2.76,228,0,1006,0
2026-08-27T23:00,18.2,80,14.7,0,41,2.37,226,0,1005.7,0
2026-08-28T00:00,17.2,86,14.8,0,0,2.68,237,0,1005.3,0
2026-08-28T01:00,16.7,88,14.7,0,2,2.51,239,0,1005,0
2026-08-28T02:00,16.2,90,14.6,0,2,2.51,223,0,1005.3,0
2026-08-28T03:00,15.8,92,14.5,0,0,2.58,226,0,1005.2,0
2026-08-28T04:00,15.3,94,14.4,0,0,2.54,234,0,1004.9,0
2026-08-28T05:00,15.1,94,14.2,0,0,2.59,236,0,1004.9,0
2026-08-28T06:00,15.3,94,14.3,0,4,2.53,243,28,1004.5,1
2026-08-28T07:00,16.5,89,14.7,0,16,2.21,232,154,1004.4,1
2026-08-28T08:00,18,81,14.6,0,26,2.97,234,308,1004.4,1
2026-08-28T09:00,19.4,71,13.9,0.1,16,3.42,241,445,1004.4,1
2026-08-28T10:00,20.5,61,12.7,0.1,21,3.75,239,549,1004.4,1
2026-08-28T11:00,21.6,55,12.1,0,13,4.11,238,648,1004.3,1
2026-08-28T12:00,22.3,50,11.3,0,17,4.05,237,674,1004.1,1
2026-08-28T13:00,23.4,44,10.4,0.2,58,4.79,244,649,1003.5,1
2026-08-28T14:00,22.4,50,11.6,0.8,81,6.23,250,494,1003.9,1
2026-08-28T15:00,21.9,57,13,0.1,95,5.26,245,317,1004.3,1
2026-08-28T16:00,21.9,57,13.1,0.1,49,6.04,244,387,1004.3,1
2026-08-28T17:00,20,67,13.7,0.2,69,5.23,253,266,1004.5,1
2026-08-28T18:00,17.5,87,15.4,1,93,3.7,238,105,1005.4,1
2026-08-28T19:00,17.8,87,15.6,0.3,45,3.97,229,24,1005.4,0
2026-08-28T20:00,17.9,83,15,0,41,4.1,226,0,1005.9,0
2026-08-28T21:00,17.5,80,14,0,48,4.33,230,0,1006.2,0
2026-08-28T22:00,17.3,83,14.4,0,34,4.1,236,0,1006.3,0
2026-08-28T23:00,17.1,86,14.7,0,18,3.83,237,0,1006.5,0
2026-08-29T00:00,17,91,15.4,0,21,3.34,231,0,1006.4,0
2026-08-29T01:00,16.8,93,15.7,0,23,3.25,233,0,1006.2,0
2026-08-29T02:00,16.6,94,15.7,0,35,3.11,225,0,1006.1,0
2026-08-29T03:00,16.6,94,15.5,0,60,3.29,226,0,1006,0
2026-08-29T04:00,16.6,92,15.3,0,27,3.12,220,0,1005.7,0
2026-08-29T05:00,16.5,91,15,0,96,3.06,214,0,1005.7,0
2026-08-29T06:00,16.7,91,15.2,0,99,3,204,21,1005.3,1
2026-08-29T07:00,17.6,86,15.3,0,100,2.42,187,104,1005.1,1
2026-08-29T08:00,18,83,15.1,0.2,100,3.24,189,132,1005,1
2026-08-29T09:00,17.4,87,15.3,0.9,100,3.39,164,83,1004.5,1
2026-08-29T10:00,17.3,92,16,1.2,100,3.01,159,104,1004.1,1
2026-08-29T11:00,18.6,82,15.5,0.3,100,4.37,160,256,1002.8,1
2026-08-29T12:00,18.6,87,16.4,1.1,91,3.41,145,447,1001.6,1
2026-08-29T13:00,19.8,79,16,1.1,100,4.58,191,327,1000.5,1
2026-08-29T14:00,19.4,79,15.7,0.6,95,4.79,200,256,999.9,1
2026-08-29T15:00,19.1,88,17.1,1,68,5,196,243,998.9,1
2026-08-29T16:00,20.2,81,16.9,0.3,100,5.51,212,324,998.6,1
2026-08-29T17:00,19.6,86,17.1,0.5,100,5.27,225,109,998.5,1
2026-08-29T18:00,19.5,87,17.2,0.1,41,4.91,248,97,999.2,1
2026-08-29T19:00,19.2,86,16.9,0,9,3.83,248,25,1000.3,0
2026-08-29T20:00,18.8,86,16.4,0,20,3.8,230,0,1001.4,0
2026-08-29T21:00,18.3,87,16.1,0,38,3.93,233,0,1002.2,0
2026-08-29T22:00,18,86,15.5,0,100,3.49,232,0,1002.6,0
2026-08-29T23:00,18,86,15.7,0,100,3.79,239,0,1002.9,0
2026-08-30T00:00,18,90,16.3,0.2,100,4.66,246,0,1003.6,0
2026-08-30T01:00,17.6,86,15.2,0,16,4.75,253,0,1004.4,0
2026-08-30T02:00,16.9,84,14.2,0,100,4.71,253,0,1005.1,0
2026-08-30T03:00,16.6,84,13.9,0,20,4.21,252,0,1005.8,0
2026-08-30T04:00,16,88,14.1,0,19,3.63,247,0,1006.5,0
2026-08-30T05:00,15.7,92,14.4,0,100,3.33,244,0,1007,0
2026-08-30T06:00,16.1,91,14.6,0,100,3.24,243,17,1007.4,1
2026-08-30T07:00,16.9,87,14.6,0,63,3.24,245,78,1008,1
2026-08-30T08:00,17.7,81,14.5,0,75,3.34,246,178,1008.3,1
2026-08-30T09:00,19,73,14.1,0,70,3.09,236,356,1008.4,1
2026-08-30T10:00,20.2,66,13.5,0,90,3.5,224,495,1008.3,1
2026-08-30T11:00,20.6,63,13.4,0,98,3.76,213,449,1007.8,1
2026-08-30T12:00,21.3,59,13.1,0.3,98,4.05,213,492,1007.4,1
2026-08-30T13:00,21.3,60,13.2,0.2,97,4.66,210,554,1007,1
2026-08-30T14:00,21.3,60,13.3,0.1,27,4.81,205,513,1006.5,1
2026-08-30T15:00,21.4,58,12.8,0,19,5.17,210,540,1006.1,1
2026-08-30T16:00,20.8,60,12.8,0,33,5.23,212,425,1006,1
2026-08-30T17:00,20,63,12.7,0.2,55,5.37,207,293,1005.5,1
2026-08-30T18:00,19,74,14.2,0,98,3.72,197,127,1005.2,1
2026-08-30T19:00,18.3,76,14,0.1,98,4,200,15,1005,0
2026-08-30T20:00,17.7,79,14.1,0,88,3.72,202,0,1005.1,0
2026-08-30T21:00,16.5,82,13.5,0,79,4.71,202,0,1004.8,0
2026-08-30T22:00,15.9,86,13.6,0,69,3.98,208,0,1004.6,0
2026-08-30T23:00,15.8,86,13.5,0,40,3.72,213,0,1004.4,0
2026-08-31T00:00,15.8,88,13.8,0.6,65,3.99,210,0,1003.8,0
2026-08-31T01:00,15.7,89,13.8,0,73,4.26,211,0,1002.8,0
2026-08-31T02:00,14.8,96,14.1,0.4,99,4.81,228,0,1002.9,0
2026-08-31T03:00,14.5,91,13,0.4,82,4.87,243,0,1003.3,0
2026-08-31T04:00,14.2,91,12.8,0,66,4.54,245,0,1003.9,0
2026-08-31T05:00,13.8,92,12.5,0,100,4.09,248,0,1004.6,0
2026-08-31T06:00,14,90,12.4,0,27,3.69,243,17,1005.4,1
2026-08-31T07:00,15,86,12.8,0,26,3.45,248,130,1005.9,1
2026-08-31T08:00,16.1,79,12.4,0,79,4.86,261,281,1006.7,1
2026-08-31T09:00,17.2,72,12.1,0.2,34,4.6,271,388,1007.6,1
2026-08-31T10:00,18.4,67,12.1,0.1,33,4.58,277,477,1008.5,1
2026-08-31T11:00,19.4,62,11.8,0.1,24,4.41,280,502,1009.3,1
2026-08-31T12:00,20.6,57,11.7,0.2,24,4.2,282,666,1010,1
2026-08-31T13:00,21.4,53,11.4,0.2,22,4.3,279,648,1010.5,1
2026-08-31T14:00,22,49,10.7,0.2,33,4.45,282,612,1011,1
2026-08-31T15:00,22.1,48,10.5,0.4,48,4.64,284,513,1011.6,1
2026-08-31T16:00,21.6,52,11.2,0.2,38,3.98,282,378,1012.3,1
2026-08-31T17:00,21.2,55,11.8,0.1,76,3.31,285,279,1012.6,1
2026-08-31T18:00,19.9,62,12.4,0,71,3.63,263,120,1013.7,1
2026-08-31T19:00,18.7,69,12.8,0,80,3.5,269,18,1014.4,0
2026-08-31T20:00,17.6,74,12.9,0,91,2.95,267,0,1015.3,0
2026-08-31T21:00,16.9,77,12.9,0,90,2.75,272,0,1016.1,0
2026-08-31T22:00,16.3,78,12.5,0,98,2.45,282,0,1016.6,0
2026-08-31T23:00,15.6,79,11.9,0,99,2.41,275,0,1017.1,0
2026-09-01T00:00,15,76,10.7,0,94,2.33,285,0,1017.1,0
2026-09-01T01:00,14.5,79,10.8,0,22,2.13,279,0,1017.4,0
2026-09-01T02:00,13.7,83,10.8,0,9,2,271,0,1017.7,0
2026-09-01T03:00,13.2,85,10.8,0,3,1.77,254,0,1017.6,0
2026-09-01T04:00,12.7,88,10.7,0,0,1.92,245,0,1017.9,0
2026-09-01T05:00,12.4,89,10.6,0,12,1.92,245,0,1018.1,0
2026-09-01T06:00,12.5,90,10.8,0,13,1.77,241,20,1018.4,1
2026-09-01T07:00,13.6,86,11.3,0,16,1.51,236,139,1018.9,1
2026-09-01T08:00,15.1,79,11.5,0,96,1.57,239,294,1019.2,1
2026-09-01T09:00,16.6,71,11.4,0,95,1.83,244,399,1019.5,1
2026-09-01T10:00,18.1,61,10.4,0,13,2.28,244,549,1019.4,1
2026-09-01T11:00,19.3,55,10,0,40,2.56,253,638,1019,1
2026-09-01T12:00,20.3,49,9.4,0,100,2.86,258,612,1018.6,1
2026-09-01T13:00,20.7,48,9.3,0,100,3.07,254,378,1018.3,1
2026-09-01T14:00,20.6,53,10.7,0,64,3.34,248,423,1018.2,1
2026-09-01T15:00,20.5,54,10.8,0,85,3.1,255,299,1018.1,1
2026-09-01T16:00,20.9,51,10.4,0,100,2.45,270,256,1017.8,1
2026-09-01T17:00,20.6,53,10.7,0,100,2.07,277,189,1017.6,1
2026-09-01T18:00,20.1,59,11.9,0,91,1.41,287,84,1017.4,1
2026-09-01T19:00,18.8,64,11.8,0,100,2.3,214,17,1017.6,0
2026-09-01T20:00,17.7,70,12.2,0,100,3.27,219,0,1018.1,0
2026-09-01T21:00,17.2,74,12.5,0,100,3.09,236,0,1018.3,0
2026-09-01T22:00,16.8,77,12.7,0,97,2.65,238,0,1018.5,0
2026-09-01T23:00,16.4,80,12.9,0,84,2.25,233,0,1018.5,0
2026-09-02T00:00,16.2,82,13.2,0,84,2.21,237,0,1018.2,0
2026-09-02T01:00,16,84,13.3,0,30,2.08,240,0,1018.1,0
2026-09-02T02:00,15.3,87,13.2,0,100,1.98,229,0,1017.9,0
2026-09-02T03:00,15.4,87,13.2,0,100,1.98,227,0,1017.7,0
2026-09-02T04:00,15.2,88,13.2,0,83,2.02,222,0,1017.5,0
2026-09-02T05:00,14.9,89,13.1,0,99,2.27,221,0,1017.8,0
2026-09-02T06:00,15.2,90,13.5,0,100,2.18,212,13,1017.5,1
2026-09-02T07:00,16.6,85,14.1,0,88,2.76,225,113,1017.7,1
2026-09-02T08:00,17.5,81,14.2,0.1,100,3.26,230,199,1018,1
2026-09-02T09:00,18,77,13.9,0.1,100,3.12,230,209,1018.2,1
2026-09-02T10:00,18,74,13.4,0.1,100,3.15,222,148,1018.2,1
2026-09-02T11:00,18.2,77,14.2,0.3,100,3.8,213,287,1018.1,1
2026-09-02T12:00,19.7,68,13.7,0,100,5.16,223,260,1017.4,1
2026-09-02T13:00,18.8,73,13.9,0.1,100,3.62,208,114,1017,1
2026-09-02T14:00,20.2,63,13,0,100,6.08,219,252,1016.4,1
2026-09-02T15:00,19.7,68,13.6,0,100,5.59,218,141,1016.1,1
2026-09-02T16:00,19,75,14.5,0,98,4.79,209,58,1015.7,1
2026-09-02T17:00,18.9,78,15.1,0,100,4.74,208,114,1015.3,1
2026-09-02T18:00,18.8,83,15.9,0,100,4.9,212,40,1015,1
2026-09-02T19:00,18.8,87,16.6,0,99,4.4,219,6,1014.7,0
2026-09-02T20:00,18.7,88,16.7,0,100,4.32,221,0,1014.9,0
2026-09-02T21:00,18.6,89,16.8,0,100,4.35,227,0,1014.9,0
2026-09-02T22:00,18.7,89,16.8,0,100,4.08,230,0,1015,0
2026-09-02T23:00,18.6,89,16.7,0,50,4.08,230,0,1015.2,0
2026-09-03T00:00,18.4,90,16.7,0.1,80,3.94,230,0,1014.8,0
2026-09-03T01:00,18.2,91,16.6,0,100,3.96,226,0,1014.8,0
2026-09-03T02:00,18.3,90,16.6,0,100,3.96,224,0,1014.3,0
2026-09-03T03:00,18.4,89,16.6,0,100,4.21,225,0,1014.2,0
2026-09-03T04:00,18.6,89,16.8,0,100,4.07,233,0,1014.1,0
2026-09-03T05:00,18.7,88,16.7,0,100,4.37,239,0,1014.1,0
2026-09-03T06:00,18.8,86,16.5,0,100,4.1,240,7,1014.7,1
2026-09-03T07:00,19.1,87,16.8,0,100,4.19,237,59,1014.4,1
2026-09-03T08:00,19.6,85,17.1,0,100,4.04,236,119,1014.8,1
2026-09-03T09:00,20.8,77,16.6,0,100,4.88,255,281,1015.7,1
2026-09-03T10:00,21.8,69,16,0,98,5.01,258,397,1015.6,1
2026-09-03T11:00,22.5,66,15.9,0,99,4.74,256,395,1015.5,1
2026-09-03T12:00,23.7,59,15.3,0,100,5.32,254,341,1015.5,1
2026-09-03T13:00,23.7,62,16,0,95,4.38,249,323,1015.3,1
2026-09-03T14:00,24.5,59,16,0,91,4.66,247,433,1014.9,1
2026-09-03T15:00,25,56,15.7,0,90,5.13,249,387,1014.5,1
2026-09-03T16:00,25.5,52,14.9,0,88,5.35,245,326,1014,1
2026-09-03T17:00,24,65,17,0,65,4.88,227,188,1014,1
2026-09-03T18:00,23.6,66,16.9,0,54,4.22,229,115,1013.8,1
2026-09-03T19:00,22.1,75,17.6,0,95,3.94,220,14,1013.9,0
2026-09-03T20:00,20.9,86,18.4,0.1,87,4.42,227,0,1014,0
2026-09-03T21:00,20.4,87,18.2,0,58,4.43,228,0,1013.8,0
2026-09-03T22:00,20.1,89,18.2,0,100,4.69,231,0,1013.4,0
2026-09-03T23:00,20,88,18,0,98,4.68,233,0,1013,0
2026-09-04T00:00,19.3,87,17.2,0,95,4.42,223,0,1012.3,0
2026-09-04T01:00,19.5,87,17.4,0,100,5.02,225,0,1011.5,0
2026-09-04T02:00,19.7,88,17.6,0,100,5.59,226,0,1010.8,0
2026-09-04T03:00,19.6,88,17.6,0,100,5.91,224,0,1010,0
2026-09-04T04:00,19.7,87,17.6,0,100,6.08,223,0,1009.2,0
2026-09-04T05:00,19.7,88,17.6,0,100,5.83,225,0,1009,0
2026-09-04T06:00,19.9,87,17.7,0.1,100,6.09,222,3,1008.4,1
2026-09-04T07:00,20.1,86,17.8,0.1,100,6.24,230,22,1008.2,1
2026-09-04T08:00,19.7,89,17.8,0.7,100,5.94,247,45,1008.8,1
2026-09-04T09:00,19.6,84,16.9,0.4,100,4.96,267,83,1009.9,1
2026-09-04T10:00,19.7,77,15.5,0,95,4.09,262,129,1010.6,1
2026-09-04T11:00,21.2,65,14.4,0,99,4.55,268,485,1011.1,1
2026-09-04T12:00,19.9,60,11.9,0,100,4.57,265,406,1011.8,1
2026-09-04T13:00,19.8,56,10.9,0,100,4.76,261,241,1012.3,1
2026-09-04T14:00,19.4,57,10.5,0,100,4.68,260,135,1012.8,1
2026-09-04T15:00,19.1,56,10.2,0,100,4.66,261,123,1013.1,1
2026-09-04T16:00,19.1,56,10,0,100,4.98,264,129,1013.4,1
2026-09-04T17:00,18.5,61,10.9,0,100,4.63,259,113,1014,1
2026-09-04T18:00,18,61,10.4,0,100,3.87,259,39,1014.6,1
2026-09-04T19:00,17.6,63,10.5,0,1,3.56,259,5,1015.1,0
2026-09-04T20:00,16.7,67,10.6,0,1,3.78,259,0,1016.1,0
2026-09-04T21:00,16,72,11,0,0,3.36,259,0,1016.4,0
2026-09-04T22:00,15.3,77,11.3,0,0,3.27,259,0,1016.9,0
2026-09-04T23:00,14.7,81,11.4,0,0,3.08,257,0,1017.1,0
2026-09-05T00:00,13.9,83,11,0,0,2.9,255,0,1017.4,0
2026-09-05T01:00,13.6,83,10.8,0,0,3,255,0,1017.8,0
2026-09-05T02:00,13.3,84,10.6,0,75,2.89,252,0,1018,0
2026-09-05T03:00,12.9,86,10.6,0,100,2.96,251,0,1018.5,0
2026-09-05T04:00,12.7,87,10.6,0,62,2.95,255,0,1019,0
2026-09-05T05:00,12.4,88,10.5,0,36,2.69,260,0,1019.3,0
2026-09-05T06:00,12.6,87,10.5,0,32,2.58,255,14,1019.9,1
2026-09-05T07:00,13.7,83,10.8,0,20,2.35,243,125,1020.7,1
2026-09-05T08:00,15.2,75,10.8,0,53,2.62,257,282,1021.2,1
2026-09-05T09:00,16.7,67,10.5,0,1,2.7,272,433,1021.8,1
2026-09-05T10:00,18.1,58,9.6,0,1,2.55,273,564,1022,1
2026-09-05T11:00,19.6,48,8.2,0,49,2.89,279,658,1022.2,1
2026-09-05T12:00,20.7,44,8,0,41,2.4,272,635,1022.2,1
2026-09-05T13:00,21.2,43,8.2,0,30,2.07,250,658,1022.2,1
2026-09-05T14:00,21.5,43,8.4,0,16,2.23,250,648,1022.5,1
2026-09-05T15:00,21.7,41,7.9,0,27,2.24,260,539,1022.6,1
2026-09-05T16:00,21.6,40,7.6,0,5,1.86,275,414,1022.4,1
2026-09-05T17:00,21.2,42,7.7,0,13,1.53,289,274,1022.5,1
2026-09-05T18:00,20.9,43,7.7,0,27,1.05,329,119,1022.4,1
2026-09-05T19:00,20,45,7.7,0,21,1.59,347,12,1022.6,0
2026-09-05T20:00,19.3,55,10.1,0,16,0.16,198,0,1022.7,0
2026-09-05T21:00,18.2,54,8.7,0,30,1.95,206,0,1023.2,0
2026-09-05T22:00,17.3,60,9.4,0,77,1.95,228,0,1023.2,0
2026-09-05T23:00,16.6,63,9.6,0,79,1.84,248,0,1023.7,0
2026-09-06T00:00,15.6,68,9.7,0,94,0.85,249,0,1023.6,0
2026-09-06T01:00,15.4,69,9.7,0,84,1.31,220,0,1023.3,0
2026-09-06T02:00,14.6,73,9.8,0.1,92,1.71,218,0,1023.2,0
2026-09-06T03:00,14.4,74,9.9,0.1,99,0.78,153,0,1022.1,0
2026-09-06T04:00,14.6,73,9.9,0,100,1.55,165,0,1021.9,0
2026-09-06T05:00,14.8,72,9.9,0,97,1.68,163,0,1021.7,0
2026-09-06T06:00,15,78,11.2,0,13,2.13,171,10,1021.5,1
2026-09-06T07:00,16.3,75,11.8,0,23,1.68,150,116,1021.1,1
2026-09-06T08:00,18.1,70,12.5,0,64,2.26,149,268,1020.9,1
2026-09-06T09:00,20,61,12.3,0,56,2.81,168,397,1020.6,1
2026-09-06T10:00,21.8,52,11.5,0,66,3.2,179,529,1020.2,1
2026-09-06T11:00,23.4,44,10.4,0,65,3.54,189,618,1019.8,1
2026-09-06T12:00,25.2,39,10.1,0,89,3.68,192,668,1019,1
2026-09-06T13:00,25.8,35,9.3,0,88,3.55,194,646,1018.3,1
2026-09-06T14:00,26.3,33,8.7,0,19,3.39,189,582,1017.6,1
2026-09-06T15:00,26.4,32,8.4,0,31,3.99,188,540,1017.2,1
2026-09-06T16:00,25.7,36,9.3,0,100,4.23,187,412,1016.7,1
2026-09-06T17:00,23.4,47,11.3,0.2,93,3.8,182,174,1016.7,1
2026-09-06T18:00,22.6,50,11.8,0,77,3.09,171,55,1016,1
2026-09-06T19:00,21.9,54,12.2,0,23,2.62,172,7,1015.6,0
2026-09-06T20:00,21.5,53,11.5,0,14,3.05,170,0,1015.7,0
2026-09-06T21:00,21.3,48,10,0,8,2.91,176,0,1015.5,0
2026-09-06T22:00,21.1,48,9.6,0,78,2.96,184,0,1015.5,0
2026-09-06T23:00,20.7,52,10.4,0,86,2.77,193,0,1015,0
2026-09-07T00:00,19.9,60,12,0,50,2.35,218,0,1014.5,0
2026-09-07T01:00,19.6,63,12.5,0,83,2.28,218,0,1014,0
2026-09-07T02:00,19.2,67,12.8,0,67,2.21,213,0,1013.6,0
2026-09-07T03:00,18.9,69,13.2,0,60,2.23,220,0,1013.4,0
2026-09-07T04:00,18.5,73,13.5,0,5,2.5,237,0,1013.1,0
2026-09-07T05:00,18,78,14,0,0,2.94,249,0,1013.6,0
2026-09-07T06:00,17.5,83,14.6,0,5,2.51,241,11,1013.9,1
2026-09-07T07:00,18.8,79,15,0,48,2.64,243,111,1014.3,1
2026-09-07T08:00,20.1,75,15.5,0,84,2.73,242,224,1014.6,1
2026-09-07T09:00,21.7,67,15.4,0,96,3.94,250,350,1014.7,1
2026-09-07T10:00,22.8,60,14.7,0,100,4.17,247,413,1014.7,1
2026-09-07T11:00,23.3,57,14.3,0,100,4.29,251,304,1014.6,1
2026-09-07T12:00,23.5,56,14.2,0,99,4.11,249,342,1014.5,1
2026-09-07T13:00,23.5,55,13.9,0,100,4.6,253,301,1014.4,1
2026-09-07T14:00,23.5,52,13,0,100,4.34,255,276,1014.2,1
2026-09-07T15:00,24.2,48,12.5,0,100,4.6,248,343,1013.7,1
2026-09-07T16:00,23.8,49,12.6,0,96,4.48,241,209,1013.3,1
2026-09-07T17:00,23.4,51,12.5,0,100,4.09,242,161,1012.8,1
2026-09-07T18:00,22.5,54,12.6,0,97,3.74,240,86,1012.8,1
2026-09-07T19:00,21,58,12.5,0,99,3.51,259,7,1013.1,0
2026-09-07T20:00,19.9,60,11.8,0,96,3.55,270,0,1013.3,0
2026-09-07T21:00,18.7,62,11.3,0.3,100,3.76,274,0,1013.3,0
2026-09-07T22:00,18.3,61,10.6,0,100,2.85,259,0,1012.4,0
2026-09-07T23:00,18.1,62,10.6,0,100,2.75,237,0,1012,0
2026-09-08T00:00,17.6,67,11.3,0,100,2.58,224,0,1011.6,0
2026-09-08T01:00,17.4,71,12,0,100,2.55,215,0,1011.2,0
2026-09-08T02:00,17.1,72,12.1,0,100,2.99,232,0,1010.8,0
2026-09-08T03:00,16.4,78,12.7,0.3,100,2.97,225,0,1010.3,0
2026-09-08T04:00,15.9,83,13,0.5,100,2.9,226,0,1009.4,0
2026-09-08T05:00,15.3,90,13.6,1.1,100,3.08,216,0,1008.6,0
2026-09-08T06:00,14.6,94,13.6,1.5,100,2.95,208,1,1008,1
2026-09-08T07:00,14.7,94,13.8,2.2,100,2.67,210,11,1007.6,1
2026-09-08T08:00,14.7,95,13.9,2.2,100,3.08,212,26,1007.1,1
2026-09-08T09:00,15,94,14.1,2.2,100,2.47,216,47,1006.3,1
2026-09-08T10:00,15.4,94,14.5,2.2,100,1.8,226,93,1005.8,1
2026-09-08T11:00,15.1,91,13.7,2,100,2.4,253,88,1005.5,1
2026-09-08T12:00,15.3,92,14,1.4,100,2,273,79,1004.6,1
2026-09-08T13:00,14.7,89,12.9,1.6,100,2.66,290,66,1004.2,1
2026-09-08T14:00,14.5,91,13.1,1.5,100,3.62,311,99,1004.6,1
2026-09-08T15:00,14.7,91,13.3,0.7,100,2.3,297,115,1004.9,1
2026-09-08T16:00,16.2,76,11.9,0.1,16,3.1,272,255,1005.1,1
2026-09-08T17:00,16.8,68,10.9,0,18,3.15,267,233,1005.4,1
2026-09-08T18:00,16.3,62,9,0,11,3.72,275,99,1006.4,1
2026-09-08T19:00,15.6,64,8.7,0,9,3.72,276,7,1007.4,0
2026-09-08T20:00,15,66,8.8,0,1,3.65,268,0,1008.2,0
2026-09-08T21:00,14.4,70,8.9,0,2,3.7,268,0,1008.8,0
2026-09-08T22:00,13.9,73,9.1,0,2,3.75,268,0,1009.4,0
2026-09-08T23:00,13.4,77,9.4,0,3,3.52,263,0,1010,0
2026-09-09T00:00,12.8,80,9.5,0,0,3.3,269,0,1010.2,0
2026-09-09T01:00,12.7,82,9.6,0,0,3.25,272,0,1010.6,0
2026-09-09T02:00,12.3,84,9.7,0,3,3.3,271,0,1010.8,0
2026-09-09T03:00,12.1,85,9.7,0,1,3.4,269,0,1011,0
2026-09-09T04:00,11.8,86,9.5,0,0,3.35,271,0,1011.3,0
2026-09-09T05:00,11.6,85,9.2,0,5,3.32,276,0,1011.8,0
2026-09-09T06:00,11.8,83,9,0,6,3.23,283,9,1012.7,1
2026-09-09T07:00,12.7,79,9.2,0,10,2.74,279,107,1013.4,1
2026-09-09T08:00,13.9,76,9.6,0,5,3,281,254,1013.9,1
2026-09-09T09:00,15.3,69,9.7,0,84,3.81,308,405,1014.4,1
2026-09-09T10:00,16.3,64,9.6,0,63,3.12,305,412,1014.6,1
2026-09-09T11:00,17.1,59,9.1,0,59,3.05,302,401,1015,1
2026-09-09T12:00,18.1,54,8.6,0,84,3.1,308,475,1015.4,1
2026-09-09T13:00,18.2,53,8.3,0,79,2.69,305,411,1015.7,1
2026-09-09T14:00,18.6,52,8.6,0,68,2.15,306,448,1015.7,1
2026-09-09T15:00,18.6,52,8.6,0,84,1.99,295,372,1015.8,1
2026-09-09T16:00,18.3,54,8.8,0,79,1.9,288,245,1016,1
2026-09-09T17:00,17.9,57,9.3,0,91,1.65,268,162,1015.9,1
2026-09-09T18:00,17.1,66,10.6,0,19,1,264,78,1016,1
2026-09-09T19:00,15.8,70,10.4,0,15,1.53,251,6,1016.4,0
2026-09-09T20:00,15.3,73,10.5,0,7,1.35,228,0,1016.7,0
2026-09-09T21:00,14.5,76,10.2,0,18,1.42,212,0,1016.9,0
2026-09-09T22:00,13.9,77,9.8,0,13,1.47,215,0,1016.8,0
2026-09-09T23:00,13.3,79,9.7,0,34,1.54,241,0,1016.8,0
2026-09-10T00:00,14,78,10.3,0,88,1.5,274,0,1016.9,0
2026-09-10T01:00,13.5,82,10.5,0,77,1.06,229,0,1016.6,0
2026-09-10T02:00,13.2,84,10.6,0,93,1.1,227,0,1016.1,0
2026-09-10T03:00,12.8,86,10.5,0,92,1.45,229,0,1016.2,0
2026-09-10T04:00,12.2,88,10.2,0,100,1.5,210,0,1016.1,0
2026-09-10T05:00,11.7,90,10.1,0,100,1.31,227,0,1015.8,0
2026-09-10T06:00,12.5,88,10.6,0,100,1.48,213,7,1015.9,1
2026-09-10T07:00,13.1,87,10.9,0,97,0.95,198,77,1016,1
2026-09-10T08:00,14.4,82,11.3,0,95,1.03,231,204,1016.2,1
2026-09-10T09:00,16.4,69,10.7,0,99,2,212,373,1016.1,1
2026-09-10T10:00,17.3,62,10,0,98,3.6,218,450,1016,1
2026-09-10T11:00,17.8,60,10,0,5,3.33,221,501,1016.4,1
2026-09-10T12:00,19,53,9.1,0,43,3.41,231,698,1015.7,1
2026-09-10T13:00,19.3,50,8.5,0,100,4.27,237,563,1015.2,1
2026-09-10T14:00,18.9,55,9.8,0,100,4.22,229,359,1015.1,1
2026-09-10T15:00,18.5,60,10.6,0,100,4.51,219,247,1014.5,1
2026-09-10T16:00,18.4,62,11,0,95,4.38,224,242,1014.2,1
2026-09-10T17:00,18.1,65,11.5,0,100,4.01,220,132,1014,1
2026-09-10T18:00,17.3,69,11.7,0,100,3.49,214,37,1013.7,1
2026-09-10T19:00,16.5,75,12.1,0.1,100,3.28,218,1,1013.9,0
2026-09-10T20:00,16.4,77,12.3,0,100,3.44,213,0,1014.2,0
2026-09-10T21:00,16.3,79,12.6,0,100,3.75,211,0,1013.8,0
2026-09-10T22:00,16.3,80,12.8,0,100,4.06,210,0,1013.7,0
2026-09-10T23:00,16.5,81,13.2,0,98,3.53,218,0,1013.6,0
2026-09-11T00:00,16.1,87,14,0.5,98,3.86,221,0,1013.4,0
2026-09-11T01:00,16.2,89,14.3,0.3,100,3.61,223,0,1013.2,0
2026-09-11T02:00,16.2,90,14.6,0,100,3.33,234,0,1013.3,0
2026-09-11T03:00,16.4,91,14.9,0,100,3.06,242,0,1013.4,0
2026-09-11T04:00,16.1,93,15,0,100,2.8,241,0,1013.6,0
2026-09-11T05:00,16.3,92,15,0,100,2.58,248,0,1014.2,0
2026-09-11T06:00,16.1,91,14.7,0,99,2.65,269,3,1014.6,1
2026-09-11T07:00,16.2,89,14.4,0,100,2.43,279,47,1015.5,1
2026-09-11T08:00,16.8,84,14,0,95,2.52,284,135,1016.3,1
2026-09-11T09:00,18.1,75,13.6,0,45,2.59,289,314,1016.8,1
2026-09-11T10:00,19.1,69,13.2,0,30,2.44,285,468,1017.3,1
2026-09-11T11:00,19.9,64,12.8,0,31,2.39,286,560,1017.6,1
2026-09-11T12:00,20.6,60,12.4,0,45,2.4,293,568,1018.3,1
2026-09-11T13:00,20.4,59,12.2,0,80,2.58,302,477,1018.8,1
2026-09-11T14:00,20.5,58,12,0,100,1.78,302,352,1018.9,1
2026-09-11T15:00,20.8,56,11.7,0,63,1.75,294,339,1019.1,1
2026-09-11T16:00,20.5,57,11.7,0,100,1.76,290,241,1019.7,1
2026-09-11T17:00,20.3,58,11.9,0,38,1.42,288,193,1020,1
2026-09-11T18:00,19.3,70,13.6,0,26,0.58,239,77,1020.2,1
2026-09-11T19:00,18.5,69,12.7,0,10,0.52,197,3,1020.7,0
2026-09-11T20:00,17.9,73,12.9,0,15,0.8,176,0,1021,0
2026-09-11T21:00,17.1,76,12.8,0,27,1.35,165,0,1021.3,0
2026-09-11T22:00,16.6,77,12.6,0,51,1.52,189,0,1021.4,0
2026-09-11T23:00,16.5,78,12.6,0,96,2.05,236,0,1021.7,0
2026-09-12T00:00,15.1,83,12.3,0,26,2.04,245,0,1021.8,0
2026-09-12T01:00,14.2,88,12.2,0,5,2.33,245,0,1021.8,0
2026-09-12T02:00,13.7,89,12,0,0,2.17,244,0,1021.7,0
2026-09-12T03:00,13,91,11.6,0,0,2.21,232,0,1021.2,0
2026-09-12T04:00,12.6,91,11.1,0,0,2.33,239,0,1020.8,0
2026-09-12T05:00,12.2,89,10.5,0,20,2.44,239,0,1020.6,0
2026-09-12T06:00,12.1,89,10.3,0,81,2.57,233,6,1020.8,1
2026-09-12T07:00,13.3,85,10.8,0,1,2.33,223,87,1021,1
2026-09-12T08:00,15.1,78,11.3,0,33,2.91,231,245,1021.6,1
2026-09-12T09:00,16.6,72,11.6,0,95,3.79,228,354,1021.4,1
2026-09-12T10:00,17.2,71,11.9,0,13,4.24,226,292,1021.1,1
2026-09-12T11:00,19.1,65,12.4,0,45,4.61,229,545,1020.9,1
2026-09-12T12:00,21.1,64,14.1,0,100,5.08,242,624,1020.6,1
2026-09-12T13:00,22,64,14.8,0,89,5.03,242,542,1019.6,1
2026-09-12T14:00,22.7,63,15.3,0,96,4.85,248,403,1019.3,1
2026-09-12T15:00,22.7,64,15.6,0,29,4.6,239,279,1019,1
2026-09-12T16:00,22.8,65,15.9,0,96,4.88,244,317,1018.8,1
2026-09-12T17:00,21.8,70,16,0,100,4.11,238,156,1019.2,1
2026-09-12T18:00,20.6,75,16.1,0,13,3.57,223,51,1019.4,1
2026-09-12T19:00,19.1,81,15.7,0,38,3.78,223,3,1019.5,0
2026-09-12T20:00,18.4,83,15.5,0,97,3.64,226,0,1019.8,0
2026-09-12T21:00,18,85,15.4,0,99,3.37,230,0,1020.1,0
2026-09-12T22:00,17.9,86,15.5,0.5,100,3.34,235,0,1020,0
2026-09-12T23:00,17.8,87,15.7,0,97,3.4,237,0,1019.9,0
2026-09-13T00:00,18.2,87,15.9,0,100,3.22,237,0,1019.5,0
2026-09-13T01:00,17.9,90,16.2,0.6,100,3.39,248,0,1019.5,0
2026-09-13T02:00,17.3,94,16.3,2,98,3.37,235,0,1019.3,0
2026-09-13T03:00,17.6,94,16.6,0,100,3.33,237,0,1019.1,0
2026-09-13T04:00,17.5,94,16.5,0,100,3.11,237,0,1018.9,0
2026-09-13T05:00,17.6,94,16.6,0,100,3.06,236,0,1019.1,0
2026-09-13T06:00,17.9,93,16.7,0.1,100,2.7,236,2,1019,1
2026-09-13T07:00,18.1,92,16.9,0.1,100,2.87,235,16,1019.2,1
2026-09-13T08:00,18.6,91,17.1,0.2,100,3,242,52,1019.5,1
2026-09-13T09:00,19.4,87,17.2,0,100,3.22,258,125,1019.8,1
2026-09-13T10:00,20.8,80,17.2,0,100,3.66,256,251,1019.9,1
2026-09-13T11:00,21.7,76,17.3,0.1,75,3.45,253,326,1019.8,1
2026-09-13T12:00,22.1,74,17.1,0,86,3.63,262,436,1020.2,1
2026-09-13T13:00,22.2,73,17.1,0,86,3.23,254,286,1019.8,1
2026-09-13T14:00,22.5,71,17,0,100,3.24,253,277,1019.5,1
2026-09-13T15:00,21.4,79,17.6,0.1,100,2.49,248,69,1019.5,1
2026-09-13T16:00,21.5,79,17.7,0,17,2.82,245,93,1019.4,1
2026-09-13T17:00,21.4,79,17.7,0,74,3.06,255,153,1019.5,1
2026-09-13T18:00,20.5,86,18.1,0.1,100,2.38,248,51,1020,1
2026-09-13T19:00,20.3,89,18.3,0.1,99,1.88,245,0,1020.1,0
2026-09-13T20:00,20.1,90,18.3,0,100,1.91,227,0,1020.1,0
2026-09-13T21:00,19.7,92,18.3,0,95,2.05,225,0,1020.5,0
2026-09-13T22:00,19.1,94,18.2,0,77,2.35,241,0,1020.6,0
2026-09-13T23:00,18.8,95,18.1,0,79,2.04,239,0,1020.7,0
2026-09-14T00:00,18.7,96,18,0,74,1.84,241,0,1020.6,0
2026-09-14T01:00,18.4,97,17.9,0,76,1.84,227,0,1020.5,0
2026-09-14T02:00,17.9,98,17.5,0,66,1.79,234,0,1020.5,0
2026-09-14T03:00,17.5,98,17.2,0,100,1.97,243,0,1020.6,0
2026-09-14T04:00,17.8,97,17.3,0,90,1.66,249,0,1020.3,0
2026-09-14T05:00,17.7,97,17.2,0,100,1.23,201,0,1020.3,0
2026-09-14T06:00,18,95,17.1,0,100,1.84,202,2,1020.4,1
2026-09-14T07:00,18.4,93,17.3,0.1,86,2.24,207,13,1020.5,1
2026-09-14T08:00,19,91,17.4,0,91,2.47,216,99,1020.8,1
2026-09-14T09:00,19.9,86,17.5,0,100,3.22,226,191,1020.9,1
2026-09-14T10:00,20.6,83,17.6,0.1,100,3.16,231,191,1020.8,1
2026-09-14T11:00,21,81,17.7,0,100,3.08,224,181,1020.8,1
2026-09-14T12:00,22.5,75,17.9,0,94,3.35,232,230,1020.5,1
2026-09-14T13:00,23,74,18,0.1,43,3.19,230,369,1020,1
2026-09-14T14:00,23.8,71,18.2,0,40,3.47,243,454,1019.5,1
2026-09-14T15:00,23.5,73,18.3,0.1,51,3.56,244,371,1019.1,1
2026-09-14T16:00,23.7,71,18.2,0,21,3.2,236,269,1018.4,1
2026-09-14T17:00,23.3,73,18.1,0,21,3.5,222,190,1018,1
2026-09-14T18:00,21.6,79,17.8,0,4,3.47,216,67,1018.2,1
2026-09-14T19:00,20.1,85,17.5,0,2,3.31,209,1,1018.2,0
2026-09-14T20:00,19.1,88,17.2,0,4,3.18,208,0,1018.2,0
2026-09-14T21:00,18.5,90,16.8,0,16,3.18,213,0,1018.1,0
2026-09-14T22:00,18.2,91,16.7,0,100,3.09,219,0,1017.9,0
2026-09-14T23:00,18.1,92,16.7,0,100,2.9,216,0,1017.6,0
2026-09-15T00:00,18.1,92,16.9,0,100,2.68,207,0,1016.8,0
2026-09-15T01:00,17.9,93,16.7,0,100,3.19,212,0,1016.3,0
2026-09-15T02:00,17.7,92,16.5,0,100,3.05,212,0,1015.7,0
2026-09-15T03:00,17.4,92,16.2,0,100,3.52,215,0,1015,0
2026-09-15T04:00,17.2,92,15.8,0,100,3.66,220,0,1014.3,0
2026-09-15T05:00,16.9,90,15.3,0,99,3.93,233,0,1014.3,0
2026-09-15T06:00,16.6,87,14.5,0,99,4.12,234,2,1014.3,1
2026-09-15T07:00,16.6,85,14,0,98,3.72,234,43,1014.1,1
2026-09-15T08:00,17.4,82,14.2,0,100,3.94,237,168,1014,1
2026-09-15T09:00,18.6,79,14.9,0,100,3.98,243,271,1013.9,1
2026-09-15T10:00,19.3,78,15.3,0,100,3.81,251,263,1013.6,1
2026-09-15T11:00,19.8,77,15.6,0.1,100,3.47,242,211,1013.4,1
2026-09-15T12:00,20.6,68,14.6,0,100,3.38,257,274,1013.1,1
2026-09-15T13:00,21,61,13.2,0,38,3.36,266,287,1012.8,1
2026-09-15T14:00,21.8,54,12.2,0,21,3.5,271,482,1012.7,1
2026-09-15T15:00,21.8,48,10.5,0,32,3.91,274,485,1012.7,1
2026-09-15T16:00,20.9,49,9.7,0,18,3.91,266,346,1012.9,1
2026-09-15T17:00,20.1,53,10.1,0,15,3.05,260,203,1013,1
2026-09-15T18:00,19.2,56,10.2,0,59,3.08,287,59,1013.6,1
2026-09-15T19:00,17.8,56,8.9,0,4,3.56,304,1,1014.3,0
2026-09-15T20:00,16.6,62,9.2,0,2,3,298,0,1014.8,0
2026-09-15T21:00,15.8,67,9.7,0,4,2.91,294,0,1015.2,0
2026-09-15T22:00,15.3,71,10.1,0,14,2.88,290,0,1015.4,0
2026-09-15T23:00,14.7,75,10.4,0,9,2.89,288,0,1015.5,0
2026-09-16T00:00,14.1,80,10.7,0,9,2.92,292,0,1015.7,0
2026-09-16T01:00,13.7,83,10.8,0,14,2.72,287,0,1015.9,0
2026-09-16T02:00,13.3,85,10.9,0,18,2.56,282,0,1016,0
2026-09-16T03:00,13,87,10.8,0,14,2.57,278,0,1016.2,0
2026-09-16T04:00,12.6,88,10.7,0,13,2.66,275,0,1016.5,0
2026-09-16T05:00,12.2,90,10.6,0,2,2.66,275,0,1016.9,0
2026-09-16T06:00,12.3,89,10.6,0,2,2.36,276,3,1017.6,1
2026-09-16T07:00,13.1,85,10.7,0,19,2.21,276,83,1017.7,1
2026-09-16T08:00,14.2,81,11,0,28,2.25,270,224,1017.9,1
2026-09-16T09:00,15.6,74,10.9,0,58,3.17,291,358,1018.3,1
2026-09-16T10:00,16.6,70,11.1,0,45,2.8,281,421,1018.2,1
2026-09-16T11:00,17.3,65,10.7,0.1,30,3.1,280,540,1017.9,1
2026-09-16T12:00,18.2,59,10,0.2,28,3.2,280,556,1017.7,1
2026-09-16T13:00,18.8,55,9.4,0.1,42,3.75,283,545,1017.1,1
2026-09-16T14:00,19.1,51,8.8,0,100,3.67,285,463,1016.9,1
2026-09-16T15:00,18.8,53,9,0,30,3.48,286,273,1016.7,1
2026-09-16T16:00,18.7,52,8.6,0,13,3,281,271,1016.1,1
2026-09-16T17:00,18.3,55,9.1,0,44,2.3,270,203,1015.7,1
2026-09-16T18:00,17.2,64,10.2,0,48,1.41,253,64,1015.8,1
2026-09-16T19:00,16.4,66,10,0,98,2,238,1,1015.5,0
2026-09-16T20:00,16.1,65,9.6,0,99,3.34,251,0,1015.6,0
2026-09-16T21:00,15.4,72,10.3,0,100,3.47,255,0,1015.6,0
2026-09-16T22:00,14.7,75,10.3,0,100,3.04,237,0,1015,0
2026-09-16T23:00,14.3,75,9.9,0,100,3.14,239,0,1014.6,0
2026-09-17T00:00,14,75,9.7,0,98,3.13,236,0,1013.8,0
2026-09-17T01:00,13.5,77,9.6,0,27,3.26,230,0,1013,0
2026-09-17T02:00,13.2,79,9.7,0,9,3.55,230,0,1012.4,0
2026-09-17T03:00,13,82,10,0,64,3.64,227,0,1011.6,0
2026-09-17T04:00,13.2,84,10.5,0,100,3.75,226,0,1011,0
2026-09-17T05:00,13.8,83,11,0,100,3.89,226,0,1010.3,0
2026-09-17T06:00,13.9,84,11.3,0.3,100,4.24,225,1,1009.7,1
2026-09-17T07:00,14.1,87,11.9,0.4,100,4.21,224,13,1009.1,1
2026-09-17T08:00,15,86,12.7,0.1,99,3.93,221,57,1008.4,1
2026-09-17T09:00,16.1,87,13.9,1,92,4.15,234,174,1008.2,1
2026-09-17T10:00,18,75,13.6,0.1,16,4.59,250,300,1008.1,1
2026-09-17T11:00,19.4,65,12.5,0.1,28,4.48,264,546,1007.9,1
2026-09-17T12:00,19.6,55,10.4,0.2,14,4.55,271,587,1007.8,1
2026-09-17T13:00,20.3,49,9.4,0,29,4.55,269,613,1007.6,1
2026-09-17T14:00,20.5,45,8.1,0,95,4.51,274,567,1007.6,1
2026-09-17T15:00,20.1,44,7.4,0,74,4.66,273,391,1007.6,1
2026-09-17T16:00,19.1,46,7.1,0,9,4.55,268,268,1007.7,1
2026-09-17T17:00,18.5,50,7.8,0,6,3.65,261,196,1007.7,1
2026-09-17T18:00,17.4,53,7.7,0,13,3.4,273,60,1008.4,1
2026-09-17T19:00,16.5,57,8,0,17,3.25,267,0,1008.9,0
2026-09-17T20:00,15.6,65,9,0,23,3.46,252,0,1009.5,0
2026-09-17T21:00,14.9,69,9.4,0,2,3.58,255,0,1009.8,0
2026-09-17T22:00,14.2,73,9.3,0,8,3.35,256,0,1010.3,0
2026-09-17T23:00,13.5,77,9.6,0,9,2.97,253,0,1010.4,0
2026-09-18T00:00,12.8,81,9.5,0,3,2.63,249,0,1010.5,0
2026-09-18T01:00,12.3,84,9.7,0,1,2.62,246,0,1010.8,0
2026-09-18T02:00,11.9,87,9.7,0,0,2.71,242,0,1011.1,0
2026-09-18T03:00,11.6,88,9.7,0,2,2.51,239,0,1011.2,0
2026-09-18T04:00,11.3,90,9.6,0,0,2.57,233,0,1011.5,0
2026-09-18T05:00,11.1,90,9.5,0,16,2.65,234,0,1011.9,0
2026-09-18T06:00,10.9,91,9.5,0,54,2.56,239,2,1012.4,1
2026-09-18T07:00,11.9,88,9.9,0,62,2.16,228,75,1012.8,1
2026-09-18T08:00,13.3,80,10,0,84,2.75,237,206,1013.1,1
2026-09-18T09:00,14.9,71,9.7,0,81,3.18,244,361,1013.4,1
2026-09-18T10:00,16.3,62,9,0,77,3.27,241,482,1013.2,1
2026-09-18T11:00,18.1,50,7.5,0,66,4.12,246,555,1013.1,1
2026-09-18T12:00,19.3,48,8.1,0,100,4.88,242,576,1012.6,1
2026-09-18T13:00,19.6,50,9,0,98,5.12,236,500,1012.3,1
2026-09-18T14:00,19.8,51,9.4,0,88,5.71,240,414,1012,1
2026-09-18T15:00,19.8,51,9.2,0,99,5.83,237,289,1011.6,1
2026-09-18T16:00,19,55,9.8,0,100,5.81,235,142,1011.9,1
2026-09-18T17:00,18,62,10.5,0,100,4.91,232,39,1011.5,1
2026-09-18T18:00,16.8,71,11.6,0.1,99,4.41,231,11,1012.2,1
2026-09-18T19:00,16.5,75,12,0,64,4.43,229,0,1012,0
2026-09-18T20:00,16.3,76,12,0,95,4.56,225,0,1012.2,0
2026-09-18T21:00,16.5,74,11.8,0,100,4.88,227,0,1011.8,0
2026-09-18T22:00,16.7,74,11.9,0,90,5.01,231,0,1012,0
2026-09-18T23:00,16.6,76,12.3,0,100,4.88,232,0,1012.1,0
2026-09-19T00:00,17.2,78,13.2,0,88,4.91,232,0,1011.9,0
2026-09-19T01:00,17,80,13.5,0,69,4.84,232,0,1011.7,0
2026-09-19T02:00,16.8,84,14.1,0,100,4.9,231,0,1011.8,0
2026-09-19T03:00,17.2,85,14.7,0,100,4.76,231,0,1011.7,0
2026-09-19T04:00,17.3,85,14.7,0,100,4.66,235,0,1011.8,0
2026-09-19T05:00,17.4,84,14.6,0,100,4.54,234,0,1012,0
2026-09-19T06:00,17.8,83,14.8,0,100,4.19,234,1,1012,1
2026-09-19T07:00,18,83,15.2,0,95,4.4,230,51,1012.4,1
2026-09-19T08:00,18.3,78,14.4,0,97,5.01,230,139,1012.7,1
2026-09-19T09:00,18.7,75,14.1,0,78,5.06,226,226,1013,1
2026-09-19T10:00,20.3,66,13.6,0,96,4.88,225,419,1013.4,1
2026-09-19T11:00,21.2,63,13.8,0,100,6.16,236,344,1013.4,1
2026-09-19T12:00,21.6,64,14.5,0,99,5.81,239,290,1013.6,1
2026-09-19T13:00,21.9,63,14.6,0,100,6.5,239,260,1013.7,1
2026-09-19T14:00,21.5,66,14.9,0,100,5.61,244,154,1013.9,1
2026-09-19T15:00,20.8,73,15.7,0.1,100,3.82,243,70,1014.3,1
2026-09-19T16:00,21.1,73,16,0.1,77,4.53,229,124,1014.3,1
2026-09-19T17:00,20.6,75,16,0,97,5.23,234,109,1014.6,1
2026-09-19T18:00,19.9,79,16.2,0,88,4.4,234,30,1015.2,1
2026-09-19T19:00,19.2,83,16.2,0,94,4.43,233,0,1015.7,0
2026-09-19T20:00,18.8,84,16,0.1,97,4.49,235,0,1016.4,0
2026-09-19T21:00,18.6,84,15.8,0,100,4.44,239,0,1016.8,0
2026-09-19T22:00,18.5,85,15.8,0,100,4.08,247,0,1017.3,0
2026-09-19T23:00,18.4,84,15.7,0,100,3.83,248,0,1017.5,0
2026-09-20T00:00,17.9,85,15.4,0,100,3.19,253,0,1017.7,0
2026-09-20T01:00,17.7,83,14.7,0,100,3.35,261,0,1018,0
2026-09-20T02:00,17.3,80,13.8,0,100,3.73,262,0,1018.6,0
2026-09-20T03:00,16.9,80,13.5,0,100,3.63,258,0,1018.6,0
2026-09-20T04:00,16.7,80,13.3,0,100,3.46,266,0,1019.2,0
2026-09-20T05:00,16.3,80,12.8,0,96,3.21,274,0,1019.7,0
2026-09-20T06:00,16.1,79,12.4,0,100,2.93,279,1,1020.5,1
2026-09-20T07:00,16.1,79,12.5,0,84,2.56,276,46,1021.3,1
2026-09-20T08:00,16.9,74,12.1,0,57,3.19,279,183,1022.2,1
2026-09-20T09:00,17.7,64,10.8,0,100,3.71,296,335,1023.2,1
2026-09-20T10:00,18,58,9.5,0,97,3.57,301,326,1023.9,1
2026-09-20T11:00,18.5,53,8.6,0,99,3.36,295,494,1024.4,1
2026-09-20T12:00,19.2,43,6.3,0,64,3.11,294,589,1024.9,1
2026-09-20T13:00,19.6,39,5.4,0,75,3.02,294,611,1025,1
2026-09-20T14:00,19.8,39,5.3,0,82,2.88,296,570,1025.2,1
2026-09-20T15:00,19.7,38,5.2,0,36,2.68,303,467,1025.7,1
2026-09-20T16:00,19.5,38,4.9,0,20,2.47,302,331,1026.3,1
2026-09-20T17:00,18.9,39,4.8,0,16,2.26,301,192,1026.9,1
2026-09-20T18:00,17.4,46,5.8,0,19,1.34,297,49,1027.4,1
2026-09-20T19:00,16.7,47,5.2,0,8,1.76,290,0,1028.2,0
2026-09-20T20:00,16,51,5.9,0,13,1.5,296,0,1028.9,0
2026-09-20T21:00,15.4,53,5.9,0,12,1.61,330,0,1029.3,0
2026-09-20T22:00,14.7,56,6.1,0,19,1.3,344,0,1029.3,0
2026-09-20T23:00,14.1,60,6.3,0,17,1.36,343,0,1029.6,0
2026-09-21T00:00,12.3,71,7.1,0,14,0.32,18,0,1030,0
2026-09-21T01:00,12.1,73,7.4,0,4,0,270,0,1029.9,0
2026-09-21T02:00,11.8,74,7.3,0,62,0.11,333,0,1029.7,0
2026-09-21T03:00,11.5,76,7.5,0,67,0.3,351,0,1029.7,0
2026-09-21T04:00,11,84,8.4,0,71,0.4,360,0,1030,0
2026-09-21T05:00,10.6,88,8.8,0,81,0.14,45,0,1030,0
2026-09-21T06:00,10,92,8.7,0,55,0.14,225,1,1030.3,1
2026-09-21T07:00,11,89,9.2,0,59,0.41,256,66,1030.8,1
2026-09-21T08:00,13,72,8.2,0,53,0.39,230,200,1030.9,1
2026-09-21T09:00,15.4,59,7.5,0,48,0.32,288,347,1031.1,1
2026-09-21T10:00,17.4,48,6.2,0,26,0.73,254,471,1030.9,1
2026-09-21T11:00,18.8,43,5.9,0,21,0.98,246,560,1030.8,1
2026-09-21T12:00,20.7,39,6.2,0,1,1.36,253,603,1030.3,1
2026-09-21T13:00,21.5,38,6.4,0,1,1.29,257,596,1029.7,1
2026-09-21T14:00,22,38,6.9,0,0,1.33,250,542,1029.2,1
2026-09-21T15:00,22.5,38,7.5,0,1,1.32,261,447,1028.9,1
2026-09-21T16:00,22.6,39,8.1,0,3,1.11,278,318,1028.8,1
2026-09-21T17:00,22.3,42,8.6,0,9,1.05,295,170,1028.8,1
2026-09-21T18:00,21.2,46,9,0,2,0.36,196,41,1028.6,1
2026-09-21T19:00,20.5,46,8.6,0,0,1.07,233,0,1028.5,0
2026-09-21T20:00,20.1,48,8.8,0,2,1.1,294,0,1028.6,0
2026-09-21T21:00,19.8,50,9.1,0,3,1.05,301,0,1028.7,0
2026-09-21T22:00,19.1,53,9.3,0,5,0.84,253,0,1028.7,0
2026-09-21T23:00,18.3,56,9.5,0,7,0.93,254,0,1028.8,0
2026-09-22T00:00,16.7,65,10.2,0,5,0.6,275,0,1028.7,0
2026-09-22T01:00,16.3,68,10.4,0,3,0.76,247,0,1028.4,0
2026-09-22T02:00,15.8,72,10.7,0,7,0.68,234,0,1028.2,0
2026-09-22T03:00,15.3,75,10.9,0,7,0.47,238,0,1027.8,0
2026-09-22T04:00,14.9,78,11.2,0,9,0.35,262,0,1027.6,0
2026-09-22T05:00,14.7,81,11.5,0,70,0.3,261,0,1027.7,0
2026-09-22T06:00,14.3,84,11.6,0,72,0.3,180,0,1027.8,1
2026-09-22T07:00,15.6,76,11.4,0,95,0.56,243,52,1028.2,1
2026-09-22T08:00,17.4,68,11.4,0,100,0.34,243,151,1028.4,1
2026-09-22T09:00,19.8,58,11.3,0,99,0.11,207,276,1028.5,1
2026-09-22T10:00,21.5,57,12.6,0,60,0.32,108,394,1028.4,1
2026-09-22T11:00,22.8,55,13.4,0,40,0.47,122,472,1028.1,1
2026-09-22T12:00,24.2,51,13.5,0,35,0.66,81,511,1027.6,1
2026-09-22T13:00,24.8,48,13.2,0,52,0.75,86,502,1026.9,1
2026-09-22T14:00,25.3,46,12.9,0,100,0.7,94,464,1026.3,1
2026-09-22T15:00,25.1,46,12.8,0,100,0.67,77,311,1025.7,1
2026-09-22T16:00,24.9,47,12.7,0,100,0.78,75,200,1025.2,1
2026-09-22T17:00,24.6,47,12.6,0,100,1,127,121,1025,1
2026-09-22T18:00,24,50,12.9,0,100,1.46,112,21,1024.7,0
2026-09-22T19:00,23.5,51,12.9,0,100,2.15,121,0,1024.7,0
2026-09-22T20:00,21.4,57,12.5,0,27,2.43,171,0,1025,0
2026-09-22T21:00,19.9,60,11.8,0,9,2.16,176,0,1025.2,0
2026-09-22T22:00,19.3,61,11.5,0,98,2.07,187,0,1025.1,0
2026-09-22T23:00,19.2,61,11.5,0,100,1.8,180,0,1025,0
2026-09-23T00:00,18.8,65,12.1,0,100,1.41,172,0,1024.5,0
2026-09-23T01:00,18.4,67,12.1,0,80,1.68,163,0,1023.9,0
2026-09-23T02:00,17.6,72,12.6,0,72,1.82,171,0,1023.5,0
2026-09-23T03:00,17,77,13,0,100,1.54,193,0,1023.4,0
2026-09-23T04:00,16.8,80,13.3,0,100,1.45,178,0,1023,0
2026-09-23T05:00,16.6,82,13.6,0,91,1.55,176,0,1022.7,0
2026-09-23T06:00,16.1,85,13.7,0,73,1.55,182,0,1022.3,1
2026-09-23T07:00,16.7,82,13.7,0,98,1.35,222,59,1022.5,1
2026-09-23T08:00,17.7,78,13.8,0,82,1.52,221,149,1022.4,1
2026-09-23T09:00,19.3,70,13.7,0,0,2.26,235,315,1022.1,1
2026-09-23T10:00,20.7,63,13.4,0,0,2.45,250,466,1021.8,1
2026-09-23T11:00,22,56,12.7,0,4,2.82,263,551,1022,1
2026-09-23T12:00,23,51,12.2,0,100,3.29,279,546,1021.4,1
2026-09-23T13:00,23,49,11.8,0,67,4.16,286,404,1021.4,1
2026-09-23T14:00,23.2,49,11.8,0,93,3.98,295,379,1021.1,1
2026-09-23T15:00,22.8,49,11.6,0,94,4.09,303,300,1021.3,1
2026-09-23T16:00,22.4,50,11.4,0,26,3.75,316,212,1021.6,1
2026-09-23T17:00,21.3,52,11.2,0,8,3.95,328,143,1021.9,1
2026-09-23T18:00,19.7,58,11.2,0,98,2.96,338,35,1022.2,0
2026-09-23T19:00,18.7,56,9.8,0,71,3.01,339,0,1022.8,0
2026-09-23T20:00,17.4,56,8.5,0,31,3.43,341,0,1023.7,0
2026-09-23T21:00,16.1,59,8.1,0,35,2.64,341,0,1024.4,0
2026-09-23T22:00,15.2,62,8,0,74,2.27,338,0,1024.8,0
2026-09-23T23:00,14.4,66,8.2,0,100,2.15,3,0,1024.7,0
2026-09-24T00:00,13.5,71,8.4,0,100,1.84,45,0,1024.6,0
2026-09-24T01:00,13.1,79,9.5,0,98,1.87,56,0,1024.7,0
2026-09-24T02:00,12.7,83,9.9,0,84,2.04,59,0,1024.4,0
2026-09-24T03:00,12.2,85,9.8,0,89,1.66,69,0,1024.3,0
2026-09-24T04:00,11.9,85,9.4,0,100,1.9,67,0,1024.2,0
2026-09-24T05:00,11.8,82,8.9,0,100,1.93,73,0,1024.1,0
2026-09-24T06:00,10.8,88,9,0,100,1.25,90,0,1024.2,1
2026-09-24T07:00,11.6,84,9.1,0,99,1.36,96,48,1024.1,1
2026-09-24T08:00,12.5,81,9.3,0,95,0.92,77,129,1024.5,1
2026-09-24T09:00,13.6,77,9.7,0,73,1,90,206,1024.4,1
2026-09-24T10:00,15.1,72,10.1,0,83,1.12,100,311,1024.4,1
2026-09-24T11:00,17.1,62,9.7,0,83,1.12,122,487,1024.2,1
2026-09-24T12:00,19.1,55,9.7,0,99,1.13,167,565,1023.5,1
2026-09-24T13:00,20.1,52,10,0,98,1.1,183,537,1022.8,1
2026-09-24T14:00,20.7,51,10.1,0,98,1.43,192,467,1022.1,1
2026-09-24T15:00,21,51,10.4,0,91,1.63,191,396,1021.4,1
2026-09-24T16:00,20.9,51,10.4,0,96,1.77,188,285,1021,1
2026-09-24T17:00,20.4,54,10.8,0,98,1.95,181,138,1020.6,1
2026-09-24T18:00,18.9,61,11.2,0,98,1.82,188,27,1020.4,0
2026-09-24T19:00,18.1,66,11.7,0,98,2.25,192,0,1020.2,0
2026-09-24T20:00,17,73,12.2,0,99,2.41,175,0,1020.4,0
2026-09-24T21:00,15.9,78,12,0,50,2.14,164,0,1020.4,0
2026-09-24T22:00,14.9,80,11.5,0,17,1.9,166,0,1020.1,0
2026-09-24T23:00,14.4,82,11.4,0,2,1.77,158,0,1019.7,0
2026-09-25T00:00,13.9,88,11.9,0,0,1.22,161,0,1019.1,0
2026-09-25T01:00,14,87,11.8,0,0,1.08,167,0,1018.6,0
2026-09-25T02:00,14,87,11.9,0,0,0.81,173,0,1018.3,0
2026-09-25T03:00,13.9,87,11.8,0,0,0.49,225,0,1017.9,0
2026-09-25T04:00,13.7,88,11.8,0,0,0.83,295,0,1017.7,0
2026-09-25T05:00,13.3,91,11.8,0,14,0.2,360,0,1017.5,0
2026-09-25T06:00,12.5,95,11.7,0,0,0.35,82,0,1017.6,1
2026-09-25T07:00,13.3,94,12.4,0,0,1.15,72,54,1017.5,1
2026-09-25T08:00,15.6,83,12.7,0,0,0.78,50,187,1017.2,1
2026-09-25T09:00,17.9,73,13,0,0,0.55,360,341,1017.1,1
2026-09-25T10:00,19.6,67,13.3,0,0,1.03,337,467,1017.1,1
2026-09-25T11:00,21,61,13.3,0,0,1.08,338,551,1017,1
2026-09-25T12:00,22.3,57,13.3,0,0,0.4,360,592,1016.4,1
2026-09-25T13:00,23.3,53,13.3,0,55,0.25,307,582,1015.7,1
2026-09-25T14:00,23.6,52,13.3,0,99,0.45,270,508,1015.3,1
2026-09-25T15:00,23.7,52,13.2,0,100,1.12,249,344,1015,1
2026-09-25T16:00,23.3,53,13.1,0,99,2.25,282,191,1015.2,1
2026-09-25T17:00,22.4,53,12.4,0,73,2.84,304,114,1015.4,1
2026-09-25T18:00,21.3,55,11.8,0,54,3.02,341,25,1015.9,0
2026-09-25T19:00,20.1,59,11.9,0,75,2.61,348,0,1016.2,0
2026-09-25T20:00,18.2,68,12.2,0,82,3.41,356,0,1017,0
2026-09-25T21:00,17.1,72,12.1,0,83,2.97,347,0,1017.6,0
2026-09-25T22:00,16.4,73,11.6,0,98,2.33,332,0,1017.9,0
2026-09-25T23:00,16,73,11.2,0,100,2.52,326,0,1018.2,0
2026-09-26T00:00,15.5,77,11.5,0,100,2.43,328,0,1018.6,0
2026-09-26T01:00,15.3,77,11.2,0,100,2.13,330,0,1018.9,0
2026-09-26T02:00,15,75,10.6,0,100,1.98,326,0,1019.1,0
2026-09-26T03:00,14.4,74,9.8,0,77,2.24,321,0,1019.5,0
2026-09-26T04:00,13.8,73,9.1,0,83,2.06,321,0,1019.7,0
2026-09-26T05:00,13.1,76,9,0,94,1.7,315,0,1020,0
2026-09-26T06:00,12.3,79,8.8,0,66,1.48,303,0,1020.5,1
2026-09-26T07:00,12.5,79,9,0,90,1.23,291,54,1021.1,1
2026-09-26T08:00,13.4,75,9,0,98,0.98,294,183,1021.5,1
2026-09-26T09:00,14.7,68,8.8,0,97,0.81,292,315,1021.8,1
2026-09-26T10:00,16.1,59,8,0,95,0.55,270,431,1021.8,1
2026-09-26T11:00,17.4,50,6.9,0,65,0.74,250,506,1021.8,1
2026-09-26T12:00,19.1,42,5.9,0,56,0.74,242,586,1021.5,1
2026-09-26T13:00,20,39,5.5,0,41,0.81,227,603,1021.3,1
2026-09-26T14:00,20.5,35,4.5,0,63,1.04,215,548,1020.9,1
2026-09-26T15:00,20.6,32,3.3,0,49,1.12,212,441,1020.6,1
2026-09-26T16:00,20.3,32,3,0,90,1.01,207,300,1020.3,1
2026-09-26T17:00,19.8,36,4.2,0,91,0.79,198,146,1020.1,1
2026-09-26T18:00,18.5,40,4.6,0,88,1.01,171,23,1020.3,0
2026-09-26T19:00,17.9,39,3.9,0,96,1.75,167,0,1020.1,0
2026-09-26T20:00,17.1,44,4.8,0,95,1.45,182,0,1020.2,0
2026-09-26T21:00,15.8,50,5.5,0,98,1.91,186,0,1020.2,0
2026-09-26T22:00,14.5,62,7.3,0,100,2.02,171,0,1020.2,0
2026-09-26T23:00,14,65,7.6,0,97,1.76,145,0,1019.7,0
2026-09-27T00:00,13.1,75,8.8,0,100,1.04,125,0,1019.3,0
2026-09-27T01:00,13.2,80,9.8,0,99,1.57,117,0,1018.6,0
2026-09-27T02:00,13.3,84,10.6,0,98,1.79,108,0,1017.8,0
2026-09-27T03:00,13,86,10.8,0,99,1.95,103,0,1016.9,0
2026-09-27T04:00,13.4,86,11.1,0,99,2.22,104,0,1016.1,0
2026-09-27T05:00,13.6,88,11.6,0,97,2.27,112,0,1015.3,0
2026-09-27T06:00,13.6,91,12.1,0,79,2.39,123,0,1014.8,1
2026-09-27T07:00,14.6,89,12.8,0,77,2.55,137,37,1014.1,1
2026-09-27T08:00,16.6,81,13.4,0,68,2.7,146,144,1013.5,1
2026-09-27T09:00,18.5,75,14,0,70,3.24,155,277,1012.8,1
2026-09-27T10:00,20.5,63,13.2,0,73,5.31,183,371,1012.3,1
2026-09-27T11:00,21.6,57,12.7,0,55,5.02,190,445,1011.6,1
2026-09-27T12:00,22.2,55,12.7,0,88,5.68,196,529,1011.1,1
2026-09-27T13:00,21.6,59,13.4,0.1,91,4.74,202,314,1010.5,1
2026-09-27T14:00,21,65,14.2,0.2,99,4.89,200,371,1010.4,1
2026-09-27T15:00,19.3,77,15.2,0.7,96,4.04,195,180,1010.4,1
2026-09-27T16:00,19.1,75,14.6,0,98,4.43,196,102,1010.4,1
2026-09-27T17:00,18.8,80,15.2,0,100,3.14,189,50,1010.3,1
2026-09-27T18:00,18.9,80,15.3,0,100,3.88,212,4,1011,0
2026-09-27T19:00,18.5,83,15.6,0,100,3.28,218,0,1011.4,0
2026-09-27T20:00,18,85,15.5,0,87,3.13,241,0,1012.3,0
2026-09-27T21:00,17,81,13.8,0,80,3.52,255,0,1013.6,0
2026-09-27T22:00,15.9,80,12.5,0,80,3.13,262,0,1014.5,0
2026-09-27T23:00,15.2,83,12.3,0,89,2.71,258,0,1015.2,0
2026-09-28T00:00,14.7,86,12.3,0,100,2.07,262,0,1015.4,0
2026-09-28T01:00,14.7,86,12.4,0,100,1.67,261,0,1015.8,0
2026-09-28T02:00,14.6,87,12.4,0,100,1.46,262,0,1016.2,0
2026-09-28T03:00,14.4,88,12.4,0,100,1.3,272,0,1016.4,0
2026-09-28T04:00,13.7,91,12.2,0,98,1.49,284,0,1016.7,0
2026-09-28T05:00,13.2,91,11.8,0,100,1.66,316,0,1017.5,0
2026-09-28T06:00,12.9,89,11.2,0,100,1.26,353,0,1017.8,1
2026-09-28T07:00,13.2,86,10.9,0,100,1.15,2,29,1018.5,1
2026-09-28T08:00,13.7,82,10.7,0,100,1.22,19,98,1018.8,1
2026-09-28T09:00,14.6,76,10.5,0,100,1.23,32,182,1019.1,1
2026-09-28T10:00,15.9,69,10.2,0,100,1.48,45,302,1019,1
2026-09-28T11:00,17.1,63,9.9,0,98,1.5,64,376,1019.1,1
2026-09-28T12:00,18.8,59,10.5,0,99,2.15,68,482,1019.1,1
2026-09-28T13:00,19.2,56,10.1,0,100,1.89,78,414,1018.6,1
2026-09-28T14:00,19.6,52,9.5,0,100,1.91,95,352,1018.3,1
2026-09-28T15:00,19.5,52,9.4,0,100,1.91,110,243,1018.2,1
2026-09-28T16:00,18.9,58,10.4,0,100,2.13,99,134,1018.3,1
2026-09-28T17:00,18.3,63,11.2,0,100,2.7,93,64,1018.4,1
2026-09-28T18:00,17.2,71,11.9,0,100,2.87,84,8,1018.6,0
2026-09-28T19:00,17,74,12.3,0,100,2.92,84,0,1018.4,0
2026-09-28T20:00,16.7,79,13.1,0,100,3.06,84,0,1018.6,0
2026-09-28T21:00,16.3,84,13.6,0,100,2.97,77,0,1018.5,0
2026-09-28T22:00,16.1,86,13.8,0,100,2.57,63,0,1018.2,0
2026-09-28T23:00,16.1,87,14,0,100,2.55,62,0,1017.7,0
2026-09-29T00:00,15.8,92,14.6,0,59,2.22,76,0,1017.2,0
2026-09-29T01:00,15.8,93,14.6,0,21,2.2,78,0,1016.7,0
2026-09-29T02:00,15.7,95,14.8,0,100,2.3,77,0,1016.3,0
2026-09-29T03:00,16.2,95,15.3,0,100,2.28,75,0,1015.8,0
2026-09-29T04:00,16.4,95,15.6,0,100,2.3,77,0,1015.2,0
2026-09-29T05:00,16.5,96,15.8,0,100,2.54,80,0,1014.7,0
2026-09-29T06:00,16.8,96,16.1,0,91,2.25,89,0,1014.4,1
2026-09-29T07:00,17.1,94,16.1,0,93,2.46,103,25,1014.6,1
2026-09-29T08:00,17.9,87,15.8,1.5,58,2.27,98,130,1014.4,1
2026-09-29T09:00,18.6,85,16,1.3,41,2.36,84,229,1014,1
2026-09-29T10:00,20.3,78,16.3,0,19,2.66,78,360,1013.3,1
2026-09-29T11:00,22.5,69,16.5,0,98,3.24,99,508,1012.6,1
2026-09-29T12:00,24.6,61,16.6,0,81,3.64,106,484,1011.7,1
2026-09-29T13:00,25.8,56,16.3,0,92,4.3,119,526,1011.1,1
2026-09-29T14:00,25.8,56,16.4,0,59,4.42,136,450,1010.7,1
2026-09-29T15:00,25.3,59,16.6,0,100,4.12,144,339,1010.3,1
2026-09-29T16:00,23.8,65,16.8,0,95,3.64,143,71,1010.2,1
2026-09-29T17:00,23.3,68,17.1,0,100,3.29,144,73,1010.1,1
2026-09-29T18:00,22.1,74,17.2,0,98,2.97,135,8,1010.2,0
2026-09-29T19:00,22,76,17.6,0,95,3.41,140,0,1009.9,0
2026-09-29T20:00,22,77,17.9,0,94,3.45,141,0,1009.4,0
2026-09-29T21:00,22.2,77,17.9,0,63,3.58,147,0,1008.9,0
2026-09-29T22:00,22.1,74,17.3,0,70,3.83,149,0,1008.3,0
2026-09-29T23:00,22.2,67,15.9,0,92,4.18,159,0,1008.3,0
2026-09-30T00:00,21.3,76,16.9,0,87,4.91,150,0,1007.6,0
2026-09-30T01:00,19.8,77,15.7,0.1,97,4.32,152,0,1007.8,0
2026-09-30T02:00,20,78,15.9,0.3,98,4.08,169,0,1007.1,0
2026-09-30T03:00,19.7,81,16.3,0.2,100,4.54,163,0,1006.9,0
2026-09-30T04:00,19.4,87,17.2,0.5,100,4.07,166,0,1007,0
2026-09-30T05:00,19.6,87,17.3,0.2,100,4.3,162,0,1007,0
2026-09-30T06:00,20.5,81,17.2,0,100,4.16,185,0,1007.2,1
2026-09-30T07:00,20.9,80,17.4,0,100,3.95,181,11,1007.5,1
2026-09-30T08:00,21.3,77,17.2,0,100,4.27,186,48,1008.3,1
2026-09-30T09:00,21.1,79,17.3,0.2,99,4.36,190,84,1009,1
2026-09-30T10:00,21.8,77,17.5,0.1,85,4.26,193,270,1009.6,1
2026-09-30T11:00,22.1,71,16.6,0.2,23,4.03,194,378,1010,1
2026-09-30T12:00,23.1,58,14.4,0.1,61,3.8,208,510,1010.1,1
2026-09-30T13:00,23.3,51,12.5,0,55,3.73,206,547,1010.2,1
2026-09-30T14:00,23.1,48,11.4,0,36,3.73,206,484,1010.4,1
2026-09-30T15:00,22.6,48,11.1,0,82,3.69,208,398,1010.7,1
2026-09-30T16:00,21.7,51,11.2,0,59,3.62,204,259,1011.2,1
2026-09-30T17:00,20.6,57,11.7,0,20,3.37,201,116,1011.8,1
2026-09-30T18:00,19.2,59,11.1,0,26,2.5,206,14,1012.1,0
2026-09-30T19:00,18.6,63,11.3,0,16,2.12,199,0,1012.2,0
2026-09-30T20:00,17.9,67,11.6,0,32,2.07,188,0,1012.5,0
2026-09-30T21:00,17.4,69,11.6,0,30,2.1,180,0,1012.7,0
2026-09-30T22:00,17.3,71,11.9,0,29,1.92,187,0,1012.6,0
2026-09-30T23:00,16.1,81,12.8,0.4,98,2.84,219,0,1013.4,0
